s.no,Youtube channel,youtuber name,Category,Followers,Country,Views (Avg.),Likes (Avg.),Comments (Avg.),Category-2,Date
1,tseries,T-Series,Music & Dance,229.5M,India,103.8K,2.8K,158,,12/8/2022
2,setindia,SET India,,147.2M,India,0,0,0,,12/27/2022
3,checkgate,Cocomelon - Nursery Rhymes,Education,146.6M,,9.5M,48.3K,0,,12/23/2022
4,MrBeast,MrBeast,Video games,117M,United States,68.5M,2.9M,99.9K,Humor,12/19/2022
5,PewDiePie,PewDiePie,Animation,111.6M,United States,1.4M,110.7K,7.8K,,12/28/2022
6,✿ Kids Diana Show,✿ Kids Diana Show,Animation,103.4M,,6.3M,20.7K,0,Toys,12/12/2022
7,Like Nastya,Like Nastya,Toys,102.4M,,4.4M,21.1K,0,,12/6/2022
8,WWEFanNation,WWE,Video games,91.8M,United States,144.9K,5.1K,207,,12/2/2022
9,Vlad and Niki,Vlad and Niki,Animation,90.5M,,7M,27.4K,0,Toys,12/25/2022
10,zeemusiccompany,Zee Music Company,Music & Dance,89.7M,India,89.6K,2.4K,91,,12/23/2022
11,BLACKPINK,BLACKPINK,Music & Dance,82.8M,United States,1.8M,297.3K,4.5K,,12/16/2022
12,GoldminesTelefilms,Goldmines,,79.5M,India,53.5K,673,27,,12/14/2022
13,5-Minute Crafts,5-Minute Crafts,,77.9M,India,236.2K,1.5K,57,,12/28/2022
14,sabtv,Sony SAB,Movies,73.9M,India,45.6K,757,18,Animation,12/17/2022
15,BANGTANTV,BANGTANTV,Music & Dance,71.7M,India,1.7M,398.8K,8.8K,,12/16/2022
16,ibighit,HYBE LABELS,Music & Dance,68.8M,United States,2.9M,179.6K,3.9K,,12/4/2022
17,KondZilla,Canal KondZilla,Music & Dance,66.3M,Brazil,39.2K,1.7K,247,,12/10/2022
18,zeetv,Zee TV,,64.2M,India,8.9K,80,2,,12/4/2022
19,filmigaane,Shemaroo Filmi Gaane,Music & Dance,62.6M,India,15.2K,172,7,,12/25/2022
20,SmartBooksMedia,Pinkfong Baby Shark - Kids' Songs & Stories,Animation,62.3M,,350.1K,924,0,Toys,12/5/2022
21,ChuChu TV Nursery Rhymes & Kids Songs,ChuChu TV Nursery Rhymes & Kids Songs,Toys,59.7M,,147K,855,0,,12/7/2022
22,dudeperfect,Dude Perfect,Video games,58.6M,United States,7.1M,207.6K,6.7K,,12/29/2022
23,movieclips,Movieclips,Movies,58.1M,United States,9.2K,142,13,Animation,12/3/2022
24,colorstv,Colors TV,,57.6M,India,6.7K,73,2,,12/1/2022
25,Marshmello,Marshmello,Music & Dance,56.1M,United States,1.7M,88.5K,4.5K,,12/1/2022
26,tseriesbhakti,T-Series Bhakti Sagar,Music & Dance,56M,India,20.7K,458,44,,12/22/2022
27,tipsofficial,Tips Official,Music & Dance,55.3M,India,336.6K,2.3K,84,,12/28/2022
28,BHOJPURIWAVE,Wave Music,Music & Dance,54.9M,,60.1K,1.4K,106,,12/31/2022
29,aajtak,Aaj Tak,News & Politics,54.9M,India,3.2K,45,5,,12/19/2022
30,sonymusicindiaSME,Sony Music India,Music & Dance,54.6M,India,861.6K,22.2K,286,,12/2/2022
31,ReinoMariaElenaWalsh,El Reino Infantil,Music & Dance,53.5M,,43.5K,255,0,,12/9/2022
32,EdSheeran,Ed Sheeran,Music & Dance,52.6M,United States,222.6K,11.1K,790,,12/26/2022
33,LooLooKids,LooLoo Kids - Nursery Rhymes and Children's Songs,Music & Dance,51.2M,United States,332K,5.5K,0,,12/16/2022
34,taylorswift,Taylor Swift,Music & Dance,49.6M,United States,3.5M,102.1K,1.7K,,12/14/2022
35,yrf,YRF,Music & Dance,49.1M,India,58.9K,3.2K,29,Movies,12/7/2022
36,BillionSurpriseToys - English Kids Songs & Cartoon,BillionSurpriseToys - English Kids Songs & Cartoon,Toys,47.9M,,191K,0,0,,12/8/2022
37,infobellshindirhymes,Infobells - Hindi,Education,47.6M,,187.7K,841,0,,12/8/2022
38,JuegaGerman,JuegaGerman,Movies,46.6M,Mexico,874K,85.9K,3K,Animation,12/16/2022
39,Badabun,Badabun,,46M,Mexico,8.5K,394,7,,12/26/2022
40,felipeneto,Felipe Neto,,44.7M,Brazil,884.9K,107K,1.7K,,12/18/2022
41,BRIGHT SIDE,BRIGHT SIDE,Animation,44.2M,United States,43.1K,1.1K,77,,12/4/2022
42,vcsabiavideos,Você Sabia?,,44.1M,Brazil,530.7K,54K,874,,12/3/2022
43,sonymusicindiaVEVO,SonyMusicIndiaVEVO,Music & Dance,43.9M,India,59.4K,1.5K,51,,12/16/2022
44,KatyPerryMusic,Katy Perry,Music & Dance,43.5M,,84.4K,8.2K,871,,12/13/2022
45,getmovies,Get Movies,,43.2M,,69.9K,366,0,,12/22/2022
46,DjWalkzz,Alan Walker,Music & Dance,42.7M,United States,104.5K,9.9K,477,Movies,12/5/2022
47,A4,A4,Animation,42.5M,Russia,11.2M,404.5K,27.1K,Humor,12/15/2022
48,ShemarooEnt,Shemaroo,,42.3M,India,47.4K,439,13,,12/22/2022
49,Like Nastya Show,Like Nastya Show,Animation,41.8M,,94K,453,0,Toys,12/3/2022
50,ABSCBNOnline,ABS-CBN Entertainment,,41.5M,Philippines,1.4K,19,1,,12/28/2022
51,Voot Kids,Voot Kids,Movies,41.5M,,523.7K,4.8K,0,Animation,12/29/2022
52,speedrecordss,Speed Records,Music & Dance,41.5M,India,23.5K,1.2K,57,,12/11/2022
53,LittleBabyBum,Little Baby Bum - Nursery Rhymes & Kids Songs,Animation,40.1M,,88K,175,0,Toys,12/25/2022
54,LuisitoComunicaa,Luisito Comunica,,39.8M,Mexico,2.7M,93K,2.9K,,12/31/2022
55,MashaMedvedTV,Маша и Медведь,Education,39.7M,,1.6M,9K,0,,12/21/2022
56,Shakira,Shakira,,39.3M,United States,207K,9.4K,829,,12/28/2022
57,KimberlyLoaiza,Kimberly Loaiza,Daily vlogs,39M,Mexico,11.6M,524.3K,16.9K,,12/29/2022
58,venus,Ishtar Music,Music & Dance,38.7M,India,35.7K,941,13,,12/27/2022
59,luccasneto,LUCCAS NETO - LUCCAS TOON,Movies,38.4M,Brazil,419.5K,6.6K,0,Animation,12/27/2022
60,TheEllenShow,TheEllenShow,,38.3M,United States,7.7K,229,18,,12/6/2022
61,gr6explode,GR6 EXPLODE,Music & Dance,38.2M,Brazil,944.9K,42K,821,,12/1/2022
62,XXXTENTACION,XXXTENTACION,Music & Dance,38.1M,United States,812.5K,103.3K,8.1K,,12/7/2022
63,toysandcolors,Toys and Colors,Movies,38M,,1M,1.1K,0,Toys,12/31/2022
64,WorkpointOfficial,WorkpointOfficial,,37.7M,Thailand,8.4K,116,5,,12/29/2022
65,MashaBearEN,Masha and The Bear,Animation,37.7M,,893.3K,4.2K,0,Toys,12/25/2022
66,ARY Digital HD,ARY Digital HD,,37.4M,Pakistan,12K,93,4,,12/19/2022
67,AddictedA1,CarryMinati,Movies,37.3M,India,14.7M,2.7M,110K,Humor,12/19/2022
68,DaddyYankeeOFFTV,Daddy Yankee,Music & Dance,37.3M,Colombia,60.9K,5.1K,97,,12/3/2022
69,shfa2 - شفا,shfa2 - شفا,Daily vlogs,37M,,593.8K,3.9K,0,,12/3/2022
70,TEDxTalks,TEDx Talks,,36.8M,United States,199.5,4,0,,12/23/2022
71,shfa,shfa,Daily vlogs,36.7M,France,2.3M,31.8K,0,,12/18/2022
72,SuperSimpleSongs,Super Simple Songs - Kids Songs,Music & Dance,36.5M,,946.9K,2K,0,,12/28/2022
73,Jkk Entertainment,Jkk Entertainment,,36.5M,India,14.5M,105.6K,1.2K,,12/17/2022
74,Mikecrack,Mikecrack,Movies,35.7M,Mexico,932.8K,76.6K,1.5K,Animation,12/22/2022
75,Ozuna,Ozuna,Music & Dance,35.6M,United States,24.6M,141.7K,2.4K,,12/7/2022
76,Goldmines Gaane Sune Ansune,Goldmines Gaane Sune Ansune,Music & Dance,35.6M,India,31.1K,243,11,,12/31/2022
77,gmmonetv,ช่อง one31,,35.5M,Thailand,4.3K,97,1,,12/15/2022
78,Like Nastya ESP,Like Nastya ESP,,35M,,304.5K,1.2K,0,,12/26/2022
79,UltraHindi,Ultra Bollywood,,34.6M,India,70.6K,429,12,,12/3/2022
80,harpalgeo,HAR PAL GEO,,34.6M,Pakistan,10.3K,88,1,,12/28/2022
81,Maria Clara & JP,Maria Clara & JP,,34.5M,,2.6M,13.9K,0,,12/2/2022
82,abpnewstv,ABP NEWS,News & Politics,34.3M,India,1.9K,20,2,,12/25/2022
83,sonypalindia,Sony PAL,,34.3M,India,8.9K,108,8,,12/2/2022
84,TotalGaming093,Total Gaming,,34.1M,India,477K,48.8K,3K,,12/26/2022
85,YouTube,YouTube,,34M,United States,11.8M,1.2M,61.4K,,12/15/2022
86,markiplierGAME,Markiplier,Animation,34M,United States,2.6M,164.6K,9.2K,Video games,12/22/2022
87,Ryan's World,Ryan's World,Animation,33.7M,,457.3K,1.9K,0,Toys,12/31/2022
88,vegetta777,VEGETTA777,Video games,33.6M,Mexico,223.4K,22.2K,356,,12/22/2022
89,Geet MP3,Geet MP3,Music & Dance,33.4M,India,3.8M,78K,7.6K,,12/9/2022
90,tseriesapnapunjab,T-Series Apna Punjab,Music & Dance,33.2M,India,20.7K,897,33,,12/1/2022
91,LaGranjaDeZenon,La Granja de Zenón,Music & Dance,33.1M,,498.9K,1.9K,0,Animation,12/29/2022
92,NoCopyrightSounds,NoCopyrightSounds,Music & Dance,33M,United States,336.4K,12.9K,786,,12/22/2022
93,IndiaTV,IndiaTV,News & Politics,33M,India,9.5K,167,10,,12/27/2022
94,SSSniperWolf,SSSniperWolf,Humor,33M,United States,2.7M,76.7K,4.6K,,12/29/2022
95,KHANDESHI MOVIES,KHANDESHI MOVIES,,32.8M,India,893.1K,9.3K,178,,12/8/2022
96,Ch3Thailand,Ch3Thailand,,32.5M,Thailand,96.8K,980,20,,12/31/2022
97,Vlad và Nikita,Vlad và Nikita,Movies,32.1M,,1.8M,5.5K,0,Humor,12/20/2022
98,selenagomez,Selena Gomez,,32M,United States,1.6M,139.3K,5.8K,,12/4/2022
99,tseriesoldisgold,Bollywood Classics,Music & Dance,31.9M,India,178.5K,1.6K,37,,12/1/2022
100,erosentertainment,Eros Now Music,,31.9M,India,21.9K,347,23,,12/13/2022
101,GENIAL,GENIAL,Animation,31.6M,Mexico,33K,1.1K,37,,12/26/2022
102,PowerKidstv,PowerKids TV,Movies,31.4M,India,205.9K,0,0,Animation,12/17/2022
103,rajshri,Rajshri,,31.3M,India,24.6K,282,10,,12/26/2022
104,SongsOfIndianCinema,Saregama Music,Music & Dance,31.3M,India,13.7K,358,20,,12/19/2022
105,MrBean,Mr Bean,,31.2M,India,134.8K,2K,68,,12/30/2022
106,SMTOWN,SMTOWN,Music & Dance,31M,United States,359.1K,36.5K,1.1K,,12/23/2022
107,babybus,BabyBus - Kids Songs and Cartoons,Animation,30.8M,,1M,1.7K,0,Toys,12/16/2022
108,DisneyMusicVEVO,DisneyMusicVEVO,Music & Dance,30.8M,United States,125.5K,4.7K,245,Movies,12/10/2022
109,Ricis Official,Ricis Official,Music & Dance,30.6M,Indonesia,556.7K,24.9K,726,Movies,12/7/2022
110,AllTrapNation,Trap Nation,Music & Dance,30.6M,United States,45K,1.9K,77,,12/13/2022
111,latenight,The Tonight Show Starring Jimmy Fallon,Movies,30.4M,United States,126.2K,2.3K,190,Humor,12/26/2022
112,rezendeevil,rezendeevil,Movies,30.2M,Brazil,274.9K,17.7K,416,Humor,12/25/2022
113,AttaHalilintar,AH,Music & Dance,30.1M,Indonesia,767.7K,27.4K,1.9K,Movies,12/29/2022
114,Techno Gamerz,Techno Gamerz,,30M,India,6.7M,349K,19.8K,,12/27/2022
115,WWRBhojpuri,Worldwide Records Bhojpuri,Music & Dance,29.9M,India,78.7K,2.1K,91,,12/5/2022
116,SpinninRec,Spinnin' Records,Music & Dance,29.8M,United States,33.6K,1.7K,53,,12/27/2022
117,ImagineDragons,ImagineDragons,Music & Dance,29.4M,United States,85.8K,9.3K,119,,12/25/2022
118,theofficialpeppa,Peppa Pig - Official Channel,Toys,29.3M,,318.8K,1.1K,0,,12/3/2022
119,MR. INDIAN HACKER,MR. INDIAN HACKER,,29.1M,India,8.2M,640.4K,25.3K,,12/1/2022
120,Wow Kidz,Wow Kidz,Animation,29M,,129.8K,1.3K,0,Humor,12/15/2022
121,UltraRecords,Ultra Records,Music & Dance,29M,United States,18.1K,703,25,,12/3/2022
122,Maluma,Maluma,Music & Dance,29M,Colombia,3.9M,97.1K,3K,,12/6/2022
123,Genevieve's Playhouse - Learning Videos for Kids,Genevieve's Playhouse - Learning Videos for Kids,Toys,28.9M,,3.4M,3.6K,0,,12/22/2022
124,jacksepticeye,jacksepticeye,Video games,28.8M,United States,1.2M,68.4K,3.9K,,12/7/2022
125,GMANETWORK,GMANetwork,,28.8M,Philippines,3.5K,97,1,,12/5/2022
126,toyoraljanahtv,قناة طيور الجنة | toyoraljanahtv,Music & Dance,28.8M,,110.6K,0,0,,12/13/2022
127,DONA 도나,DONA 도나,,28.8M,United States,1.1M,7.6K,183,,12/15/2022
128,Karolgmusic,KAROL G,Music & Dance,28.7M,Colombia,45.9M,988.6K,48.2K,,12/7/2022
129,TalkingTomCat,Talking Tom,,28.6M,United States,166.8K,875,119,,12/22/2022
130,Little Angel: Nursery Rhymes & Kids Songs,Little Angel: Nursery Rhymes & Kids Songs,Toys,28.4M,,527.2K,2K,0,,12/18/2022
131,zeenews,Zee News,News & Politics,28.3M,India,6.7K,83,12,,12/31/2022
132,Diana and Roma ESP,Diana and Roma ESP,Animation,28.1M,,1.5M,5.6K,0,,12/16/2022
133,TheLateLateShow,The Late Late Show with James Corden,Animation,28M,United States,43.2K,817,63,Humor,12/26/2022
134,व्लाद और निकिता,व्लाद और निकिता,,28M,,218.4K,1.3K,0,,12/27/2022
135,TwiNboTzVids,Lucas and Marcus,Animation,27.8M,United States,656.9K,18.4K,1.1K,Humor,12/19/2022
136,TheDonato,TheDonato,,27.8M,Mexico,731.5K,49.2K,1K,,12/12/2022
137,infobellstamil,infobells - Tamil,Education,27.4M,,335.1K,1.4K,0,,12/26/2022
138,AboFlah,AboFlah,Animation,27.2M,Iraq,2.6M,371.8K,11.1K,Video games,12/2/2022
139,adityamusic,Aditya Music,Music & Dance,27.1M,India,20.1K,371,20,,12/31/2022
140,taylorgangent,Wiz Khalifa,Music & Dance,26.9M,United States,1.1M,58.3K,1.8K,,12/1/2022
141,Bounce Patrol - Kids Songs,Bounce Patrol - Kids Songs,Music & Dance,26.8M,,205.5K,832,0,,12/3/2022
142,michaeljackson,Michael Jackson,Music & Dance,26.8M,United States,115.1K,7.6K,657,,12/3/2022
143,infobellstelugu,infobells - Telugu,Education,26.6M,,70.9K,288,0,,12/11/2022
144,enchufetv,enchufetv,,26.6M,Ecuador,231.9K,14.2K,235,,12/21/2022
145,TheDiamondMinecart,DanTDM,Video games,26.3M,United States,466.6K,25.1K,2.5K,,12/28/2022
146,toycantando,toycantando,Music & Dance,26.3M,,73.2K,679,0,Animation,12/21/2022
147,Sandeep Maheshwari,Sandeep Maheshwari,Daily vlogs,26.2M,India,1.7M,111.4K,6.9K,,12/15/2022
148,WorldStarHipHopTV,WORLDSTARHIPHOP,Music & Dance,26.1M,United States,18.5K,551,39,,12/9/2022
149,jypentertainment,JYP Entertainment,Music & Dance,25.9M,United States,904.2K,110.2K,3.9K,,12/2/2022
150,xSkyHeLLxx,Renato Garcia,Movies,25.9M,Brazil,685.9K,66K,1.2K,Animation,12/9/2022
151,VanossGaming,VanossGaming,Animation,25.8M,United States,1.2M,54.4K,1.4K,Video games,12/3/2022
152,nickelodeonjuniorfr,Nick Jr.,Animation,25.8M,,73.6K,170,0,Toys,12/22/2022
153,Goldmines Dishoom,Goldmines Dishoom,,25.8M,,25.5K,253,0,,12/22/2022
154,1MILLION Dance Studio,1MILLION Dance Studio,,25.7M,India,35.7K,2.1K,27,,12/16/2022
155,LosPolinesios,LosPolinesios,Music & Dance,25.7M,Mexico,840.7K,37.7K,1.7K,Movies,12/20/2022
156,adityamovies,Aditya Movies,,25.6M,India,27.6K,909,28,,12/14/2022
157,mariliamendoncareal,Marília Mendonça,Music & Dance,25.4M,Brazil,2.4M,51K,1.9K,,12/1/2022
158,beyonce,Beyoncé,,25.4M,United States,0,0,0,,12/29/2022
159,MashaOso,Masha y el Oso,Animation,25.3M,,323.5K,2.1K,0,,12/5/2022
160,Raffy Tulfo in Action,Raffy Tulfo in Action,News & Politics,25.3M,Philippines,669.2K,9.7K,1.3K,,12/30/2022
161,RihannaVEVO,RihannaVEVO,Music & Dance,25.3M,United States,2M,101K,3.5K,,12/17/2022
162,NewOnNetflix,Netflix,Movies,25.1M,United States,96.4K,1.6K,151,Animation,12/13/2022
163,Jess No Limit,Jess No Limit,Movies,25.1M,Indonesia,406.6K,10.8K,797,Animation,12/24/2022
164,RatitasPandilleras,Las Ratitas,,25M,,318.1K,5.3K,0,,12/23/2022
165,smosh,Smosh,Movies,24.9M,United States,127.6K,10.4K,334,Humor,12/28/2022
166,WatchMojo,WatchMojo.com,Movies,24.9M,United States,63K,2K,235,,12/12/2022
167,Crazy XYZ,Crazy XYZ,,24.7M,India,4.2M,322.4K,11.1K,,12/28/2022
168,postmalone,Post Malone,Music & Dance,24.7M,United States,118.3K,11.6K,458,,12/6/2022
169,davidguettavevo,David Guetta,Music & Dance,24.7M,Brazil,81K,3.6K,184,,12/23/2022
170,shemaroomovies,Shemaroo Movies,,24.6M,India,44.9K,464,12,,12/4/2022
171,Rans Entertainment,Rans Entertainment,Music & Dance,24.5M,Indonesia,584.2K,19.2K,502,Humor,12/12/2022
172,Amit Bhadana,Amit Bhadana,Humor,24.4M,India,9.3M,610.3K,137.7K,,12/18/2022
173,LOENENT,1theK (원더케이),,24.3M,Indonesia,7.4K,625,24,,12/3/2022
174,Chloe Ting,Chloe Ting,Fitness,24.3M,United States,303.4K,11.5K,439,Health & Self Help,12/27/2022
175,TheEnaldinhO,Enaldinho,Movies,24.2M,Brazil,2M,59.2K,1.3K,,12/29/2022
176,ColdplayVEVO,Coldplay,Music & Dance,24.2M,United States,243.5K,14.9K,834,,12/3/2022
177,Diana and Roma HIN,Diana and Roma HIN,,24.1M,,96.2K,569,0,,12/20/2022
178,ChrisBrownTV,Chris Brown,Music & Dance,24.1M,United States,20.4M,773.2K,36.2K,,12/8/2022
179,TRANS7indonesia,TRANS7 OFFICIAL,Food & Drinks,24M,Indonesia,4.4K,43,5,,12/4/2022
180,Goldmines Bollywood,Goldmines Bollywood,,23.9M,India,19.3K,105,3,,12/29/2022
181,NinjasHyper,Ninja,Animation,23.9M,United States,243.5K,11.9K,607,Video games,12/26/2022
182,ABPLIVE,ABPLIVE,News & Politics,23.9M,India,2.2K,47,1,,12/24/2022
183,JamesCharles,James Charles,Beauty,23.8M,United States,1M,51.9K,1.9K,Fashion,12/11/2022
184,HumNetwork,HUM TV,,23.7M,Pakistan,2.7K,16,0,,12/21/2022
185,Logan Paul,Logan Paul,Video games,23.6M,United States,4.3M,252.9K,11.5K,Humor,12/18/2022
186,Happy Lives,Happy Lives,,23.4M,,12.8K,37,0,,12/19/2022
187,EnriqueIglesiasPlay,Enrique Iglesias,Music & Dance,23.4M,United States,103.8K,4K,507,,12/8/2022
188,Troom Troom,Troom Troom,Animation,23.3M,,178.6K,1.6K,82,Toys,12/2/2022
189,NickyJamTV,NickyJamTV,Music & Dance,23.3M,Colombia,30.8K,2K,76,Movies,12/18/2022
190,netdmuzikk,netd müzik,Music & Dance,23.3M,Turkey,8.5K,232,44,,12/21/2022
191,Mister Max,Mister Max,DIY & Life Hacks,23.3M,Russia,481.5K,12.7K,896,,12/3/2022
192,WB Kids,WB Kids,Movies,23.2M,,61.4K,672,0,Animation,12/29/2022
193,mildicasdemulher,Tina Pontes,,23.2M,Brazil,71.2K,872,0,,12/28/2022
194,JellyYT,Jelly,Video games,23.1M,United States,180.8K,8.9K,1K,,12/7/2022
195,Anuel AA,Anuel AA,Music & Dance,23.1M,Colombia,2.3M,152K,7.5K,Animation,12/11/2022
196,SesameStreet,Sesame Street,,23.1M,,106.6K,280,0,,12/16/2022
197,The Lallantop,The Lallantop,News & Politics,23.1M,India,24.3K,640,76,,12/23/2022
198,likenastyaae,Like Nastya AE,,23M,,552.1K,2.7K,0,,12/12/2022
199,Frost Diamond,Frost Diamond,Music & Dance,23M,Indonesia,396.9K,22.1K,837,Video games,12/14/2022
200,MrBeast en Español,MrBeast en Español,,23M,Mexico,7.2M,294.1K,9.1K,,12/20/2022
201,D Billions,D Billions,,22.9M,,1.3M,987,0,,12/17/2022
202,onemeeeliondollars,Mark Rober,Science & Technology,22.9M,United States,5.4M,408.8K,27.6K,,12/17/2022
203,VenusMovies,Venus Movies,,22.8M,India,58.8K,631,10,,12/5/2022
204,Miss Katy,Miss Katy,Video games,22.7M,Russia,674.8K,14.5K,736,,12/7/2022
205,DrossRotzank,DrossRotzank,,22.7M,Mexico,1.8M,146.7K,5.9K,,12/21/2022
206,AmericasGotTalent,America's Got Talent,Music & Dance,22.7M,United States,243K,4.8K,126,Movies,12/27/2022
207,Technical Guruji,Technical Guruji,,22.7M,India,491.1K,30.2K,1.8K,,12/18/2022
208,Diana and Roma ARA,Diana and Roma ARA,,22.5M,,612.4K,3.2K,0,,12/27/2022
209,gmmgrammyofficial,GMM GRAMMY OFFICIAL,Music & Dance,22.5M,Thailand,4.8K,169,3,,12/6/2022
210,Smile Family,Smile Family,Movies,22.3M,,55K,285,0,Toys,12/8/2022
211,goldmineshindi,Goldmines Movies,,22.3M,India,8.5K,96,7,,12/7/2022
212,TED,TED,,22.3M,United States,20.5K,417,66,,12/18/2022
213,PeppaLatinoAmericano,Peppa Pig Español Latino - Canal Oficial,Toys,22.3M,,285.2K,1.7K,0,,12/10/2022
214,mmoshaya,mmoshaya,,22.3M,Saudi Arabia,1.7M,17.6K,775,,12/26/2022
215,WHBBP,White Hill Music,Music & Dance,22.2M,India,16K,829,41,,12/27/2022
216,WaveMusicBhojpuri,Wave Music Bhojpuri,Music & Dance,22.2M,India,7.7K,91,7,,12/29/2022
217,sia,Sia,Music & Dance,22.2M,United States,0,0,0,,12/25/2022
218,PenIndiaPvtLimited,Pen Movies,Movies,22.1M,India,173.5K,5.5K,184,Animation,12/11/2022
219,Brent Rivera,Brent Rivera,Video games,22.1M,United States,3.2M,194.5K,7.3K,Humor,12/9/2022
220,oRugrat,FaZe Rug,Video games,22.1M,United States,2.6M,99.4K,7.6K,Humor,12/28/2022
221,Paulo Londra,Paulo Londra,Music & Dance,22.1M,Argentina,1.3M,82.8K,2.3K,,12/5/2022
222,starplus,StarPlus,,21.9M,India,26.1K,437,10,,12/15/2022
223,PrestonPlayz,Preston,Animation,21.9M,United States,1M,28.4K,1.1K,Video games,12/9/2022
224,BabyBus - Canciones Infantiles & Videos para Niños,BabyBus - Canciones Infantiles & Videos para Niños,Movies,21.8M,,112.7K,458,0,Animation,12/13/2022
225,Juan De Dios Pantoja,Juan De Dios Pantoja,Daily vlogs,21.7M,Mexico,6.2M,355.7K,5.3K,,12/8/2022
226,shfa show India,shfa show India,Daily vlogs,21.6M,,1.1M,7.4K,0,,12/11/2022
227,Like Nastya PRT,Like Nastya PRT,,21.6M,,413K,1.9K,0,,12/8/2022
228,CharliesVlogs,Charlie Puth,Music & Dance,21.6M,United States,99.5K,8.6K,528,,12/28/2022
229,SSundee,SSundee,Video games,21.5M,United States,1.3M,68.5K,3.6K,,12/27/2022
230,★ Kids Roma Show,★ Kids Roma Show,Animation,21.4M,,986K,3.6K,0,Toys,12/14/2022
231,Goldmines Cineplex,Goldmines Cineplex,,21.4M,India,6.9K,58,3,,12/13/2022
232,LankyBox,LankyBox,Video games,21.3M,United States,262.3K,4.1K,181,,12/6/2022
233,FGTeeV,FGTeeV,Animation,21.3M,United States,608.4K,8.3K,1.1K,Video games,12/26/2022
234,Tasty,Tasty,Food & Drinks,21.1M,United States,60K,3.4K,33,,12/8/2022
235,UltraMovieParlour,Ultra Movie Parlour,,20.9M,India,34.6K,358,11,,12/10/2022
236,NationalGeographic,National Geographic,,20.9M,United States,30.7K,723,25,,12/19/2022
237,5-Minute Crafts DIY,5-Minute Crafts DIY,Music & Dance,20.9M,India,11.1K,240,7,Humor,12/12/2022
238,Baim Paula,Baim Paula,Music & Dance,20.9M,Indonesia,862.5K,50.7K,11.5K,Movies,12/25/2022
239,Kids TV - Nursery Rhymes And Baby Songs,Kids TV - Nursery Rhymes And Baby Songs,Toys,20.9M,,23.2K,64,0,,12/8/2022
240,CanalCanalha,Canal Canalha,Sports,20.7M,Brazil,1.4M,160.3K,3.9K,,12/20/2022
241,DisneyChannelLA,Disney Latinoamérica,,20.7M,,19.3K,207,0,,12/31/2022
242,BeastReacts,Beast Reacts,,20.6M,United States,8.2M,228.4K,3.9K,,12/28/2022
243,Brave Wilderness,Brave Wilderness,,20.6M,United States,287.6K,9.1K,1K,,12/11/2022
244,RotanaAudio,Rotana,Music & Dance,20.5M,Saudi Arabia,16.8K,390,25,,12/21/2022
245,Vlad and Niki Arabic,Vlad and Niki Arabic,,20.5M,,443K,1.9K,0,,12/9/2022
246,Zhong,Zhong,,20.5M,United States,1.4M,76.8K,3.6K,,12/11/2022
247,Alan Becker,Alan Becker,Animation,20.5M,United States,808.5K,80.8K,2.8K,Video games,12/17/2022
248,JakePaulProductions,Jake Paul,Fitness,20.4M,United States,1.3M,50.7K,1.9K,,12/15/2022
249,TheElenaYa,Diana and Roma EN,Animation,20.4M,,2.2M,5.3K,0,Toys,12/24/2022
250,toyorbabytv,toyorbabytv,Music & Dance,20.3M,,125.2K,0,0,,12/15/2022
251,BuzzFeedVideo,BuzzFeedVideo,Food & Drinks,20.3M,United States,26.9K,537,23,,12/20/2022
252,TelenovelaTelevisa,Tlnovelas,,20.3M,Mexico,12.1K,241,11,,12/9/2022
253,LazarBeam,LazarBeam,Animation,20.3M,United States,1.6M,98.2K,6.9K,Video games,12/2/2022
254,gmapublicaffairs,GMA Public Affairs,News & Politics,20.2M,Philippines,3.7K,39,4,,12/12/2022
255,MrVivekBindra,Dr. Vivek Bindra: Motivational Speaker,Education,20.2M,India,320.8K,20.1K,836,,12/24/2022
256,Kinder Spielzeug Kanal,Kinder Spielzeug Kanal,Animation,20.2M,,67K,164,0,Toys,12/27/2022
257,NetflixIndiaOfficial,Netflix India,,20.2M,India,57.3K,1.4K,89,,12/7/2022
258,AuthenticGames,AuthenticGames,Movies,20.2M,Brazil,16.7K,1.5K,176,Video games,12/18/2022
259,SlivkiChanel,SlivkiShow,Video games,20.1M,Russia,2.1M,121.5K,3.5K,,12/29/2022
260,Totoy kids - Português,Totoy kids - Português,Animation,20.1M,,69.4K,872,0,,12/29/2022
261,5-Minute Crafts PLAY,5-Minute Crafts PLAY,,20.1M,India,29.9K,216,12,,12/31/2022
262,TheFineBros,REACT,Humor,20.1M,United States,94.1K,4K,227,,12/4/2022
263,VEVO,Vevo,Music & Dance,20.1M,United States,51.9K,552,19,,12/31/2022
264,HaerteTest,HaerteTest,,20M,India,24.6K,122,14,,12/12/2022
265,pencilmation,Pencilmation,Animation,20M,United States,101.6K,1.2K,47,Humor,12/25/2022
266,romeo,Romeo Santos,Music & Dance,19.9M,United States,69.4K,6.5K,325,,12/30/2022
267,Mnet,Mnet K-POP,Music & Dance,19.9M,United States,45.5K,2.8K,177,Animation,12/8/2022
268,PTXofficial,Pentatonix,Music & Dance,19.9M,United States,350.5K,18.9K,959,,12/23/2022
269,Sun TV,Sun TV,,19.9M,India,62.5K,1.4K,12,,12/4/2022
270,MARVEL,Marvel Entertainment,Movies,19.9M,United States,142.1K,8.2K,367,Animation,12/27/2022
271,Eva Bravo Play,Eva Bravo Play,,19.8M,,399.8K,2.3K,0,,12/3/2022
272,fatosdesconhecidos,Fatos Desconhecidos,Science & Technology,19.8M,Brazil,108.7K,12.3K,528,,12/3/2022
273,corbuzier,Deddy Corbuzier,,19.7M,Indonesia,1.4M,30.6K,3.4K,,12/29/2022
274,Noor Stars,Noor Stars,Movies,19.7M,Iraq,1M,90.9K,5K,Humor,12/1/2022
275,gottalentglobal,Got Talent Global,,19.7M,United States,43.1K,778,28,,12/29/2022
276,Infinite,Infinite,Video games,19.7M,United States,630.7K,15.4K,695,Humor,12/3/2022
277,Kurzgesagt,Kurzgesagt – In a Nutshell,Education,19.7M,United States,4.4M,211.8K,6.3K,,12/18/2022
278,Dushyant kukreja,Dushyant kukreja,,19.6M,India,2.1M,139.7K,353,,12/5/2022
279,invictorgs3,invictor,Animation,19.6M,Mexico,523.7K,35.9K,794,Video games,12/1/2022
280,gordonramsay,Gordon Ramsay,Food & Drinks,19.5M,United States,96K,3.1K,273,Health & Self Help,12/24/2022
281,Gusttavo Lima Oficial,Gusttavo Lima Oficial,Music & Dance,19.5M,Brazil,6.5M,49.3K,1.4K,,12/23/2022
282,Vania Mania Kids,Vania Mania Kids,Animation,19.5M,,787.1K,2.7K,0,Toys,12/29/2022
283,RobinHoodGamer1,Robin Hood Gamer,Animation,19.5M,Brazil,739.9K,51.3K,748,Video games,12/12/2022
284,NBA,NBA,Sports,19.5M,United States,39.8K,1.5K,59,,12/9/2022
285,TroomTroom_Es,Troom Troom Es,,19.4M,Mexico,67K,1K,56,,12/9/2022
286,AlejoIgoa,Alejo Igoa,DIY & Life Hacks,19.3M,Argentina,7.6M,131.1K,17.9K,,12/22/2022
287,OfficialClashOfClans,Clash of Clans,Movies,19.3M,United States,354.6K,29.7K,767,Animation,12/26/2022
288,The Royalty Family,The Royalty Family,Humor,19.2M,United States,3.7M,95.1K,0,,12/18/2022
289,Kids Channel India - Hindi Rhymes and Baby Songs,Kids Channel India - Hindi Rhymes and Baby Songs,Education,19.2M,,45.5K,301,0,,12/10/2022
290,DLSNews,DLS News,News & Politics,19.2M,India,64.1K,1.8K,155,,12/5/2022
291,BabyBus - Cerita & Lagu Anak-anak,BabyBus - Cerita & Lagu Anak-anak,Movies,19.1M,,262.4K,816,0,Humor,12/6/2022
292,AS Gaming,AS Gaming,,19.1M,India,454.7K,38.3K,904,,12/19/2022
293,Crafty Panda,Crafty Panda,Music & Dance,19.1M,India,50.7K,278,8,,12/3/2022
294,greengoldtv,Green Gold TV - Official Channel,,19.1M,,234.3K,1.9K,0,,12/6/2022
295,Maya and Mary,Maya and Mary,Toys,19.1M,,10.5K,0,0,Education,12/8/2022
296,BritainsGotTalent09,Britain's Got Talent,Music & Dance,19M,United Kingdom,185K,633,34,Movies,12/8/2022
297,TRT Originals Urdu,TRT Originals Urdu,,19M,Pakistan,220.3K,9.2K,196,,12/6/2022
298,YOLO AVENTURAS,YOLO AVENTURAS,,19M,Mexico,812.5K,73K,325,,12/24/2022
299,JimmyKimmelLive,Jimmy Kimmel Live,Movies,18.9M,United States,207.2K,3.3K,300,,12/28/2022
300,NichLmao,NichLmao,Daily vlogs,18.9M,United States,844.5K,45.2K,6.7K,,12/5/2022
301,sonotekvideo,Sonotek,Music & Dance,18.8M,India,28.7K,933,111,Animation,12/26/2022
302,Heidi & Zidane बच्चों की कहानियाँ,Heidi & Zidane बच्चों की कहानियाँ,Daily vlogs,18.7M,,24.3K,137,0,,12/7/2022
303,The ACE Family,The ACE Family,Humor,18.7M,United States,914.2K,39K,3.3K,,12/6/2022
304,Junya Official Channel,Junya Official Channel,,18.7M,Japan,411.6K,1.7K,36,,12/10/2022
305,PinkPanther,Official Pink Panther,Movies,18.7M,,708.1K,5.4K,0,Animation,12/24/2022
306,CookieSwirlC,CookieSwirlC,Video games,18.7M,United States,101.2K,1.6K,371,,12/6/2022
307,MiawAug,MiawAug,Video games,18.7M,Indonesia,492.6K,25.3K,1.4K,,12/23/2022
308,Sourav Joshi Vlogs,Sourav Joshi Vlogs,Daily vlogs,18.6M,India,5.6M,469.8K,10.7K,,12/23/2022
309,Emiway Bantai,Emiway Bantai,Music & Dance,18.6M,India,1.5M,174.4K,18.6K,,12/24/2022
310,TheWillyrex,TheWillyrex,,18.5M,Spain,14.1K,921,303,,12/18/2022
311,ElTrollino,ElTrollino,Animation,18.5M,Mexico,680.9K,28K,212,Video games,12/29/2022
312,Village Cooking Channel,Village Cooking Channel,,18.5M,India,3.2M,146.2K,2.6K,,12/28/2022
313,TheOdd1sOut,TheOdd1sOut,Movies,18.5M,United States,908.2K,71.7K,1K,Animation,12/17/2022
314,HiBestMan,HiMan,Video games,18.5M,Russia,924.6K,62K,2.4K,,12/1/2022
315,kbsworld,KBS WORLD TV,,18.5M,Indonesia,4.6K,115,6,,12/17/2022
316,turmadamonicaTV,Turma da Mônica,,18.5M,,155.2K,1K,0,,12/8/2022
317,Vlad and Niki IDN,Vlad and Niki IDN,Music & Dance,18.4M,,207K,775,0,Movies,12/17/2022
318,DanielSaboya,Dan-Sa / Daniel Saboya,Music & Dance,18.4M,Brazil,35K,778,39,Animation,12/18/2022
319,SCTVIndonesia,SCTV,Music & Dance,18.3M,Indonesia,14.4K,272,23,Movies,12/15/2022
320,PDKFilms,PDK Films,Movies,18.3M,United States,534.8K,17.2K,1.1K,Animation,12/29/2022
321,farrukotv,Farruko,Music & Dance,18.3M,United States,4.1M,86.7K,3.4K,,12/22/2022
322,Rafa & Luiz,Rafa & Luiz,Video games,18.3M,Brazil,590.9K,31.8K,812,,12/10/2022
323,Unbox Therapy,Unbox Therapy,Science & Technology,18.3M,United States,1.2M,4.5K,377,,12/9/2022
324,Vsauce,Vsauce,Science & Technology,18.2M,United States,2M,177.8K,8.7K,,12/17/2022
325,DUDUeCAROL,DUDU e CAROL,,18.2M,Brazil,2.1M,87.9K,390,,12/16/2022
326,INCRÍVEL,INCRÍVEL,Animation,18.2M,,15.9K,719,31,,12/24/2022
327,GEN HALILINTAR,GEN HALILINTAR,Music & Dance,18.2M,Indonesia,241.1K,8K,197,Humor,12/9/2022
328,etvteluguindia,etvteluguindia,,18.1M,India,19.5K,216,4,,12/6/2022
329,Like Nastya Vlog,Like Nastya Vlog,Daily vlogs,18.1M,,491.4K,1.3K,0,,12/24/2022
330,Naisa Alifia Yuriza (N.A.Y),Naisa Alifia Yuriza (N.A.Y),Music & Dance,18M,Indonesia,169K,9.2K,140,Movies,12/2/2022
331,STARVIJAY,Vijay Television,,18M,India,14.3K,244,8,,12/28/2022
332,dj47maryn,Marmok,Animation,18M,Russia,3.9M,310.9K,8.2K,Video games,12/9/2022
333,rsiammusic,RsiamMusic : อาร์สยาม,Music & Dance,18M,Thailand,7.7K,145,10,,12/18/2022
334,Kiddiestv Hindi - Nursery Rhymes & Kids Songs,Kiddiestv Hindi - Nursery Rhymes & Kids Songs,Education,17.9M,,12.4K,65,0,,12/7/2022
335,ThePoznavatel,Познаватель,Toys,17.9M,Russia,1.1M,41.9K,1.8K,DIY & Life Hacks,12/3/2022
336,rhettandlink2,Good Mythical Morning,Food & Drinks,17.9M,United States,959.7K,34K,1.4K,,12/6/2022
337,Little Angel Español - Canciones Infantiles,Little Angel Español - Canciones Infantiles,Animation,17.9M,,413.5K,2.4K,0,,12/17/2022
338,Matroix,Ali-A,Video games,17.9M,United States,511.2K,19.3K,3K,,12/30/2022
339,TEDEducation,TED-Ed,Science & Technology,17.9M,United States,344.7K,14.8K,642,,12/18/2022
340,7clouds,7clouds,Music & Dance,17.8M,United States,156K,2.2K,111,,12/27/2022
341,TheGrefg,TheGrefg,Animation,17.7M,Spain,1.1M,80.4K,1.4K,Video games,12/30/2022
342,SockeyeMedia,Mother Goose Club Playhouse,Music & Dance,17.7M,,8.5K,52,0,,12/9/2022
343,SebastianYatra,Sebastián Yatra,Music & Dance,17.7M,Colombia,14.3K,1.4K,112,,12/2/2022
344,JFlaMusic,JFlaMusic,Music & Dance,17.7M,United States,76.9K,5.6K,181,,12/7/2022
345,Masha e o Urso,Masha e o Urso,,17.7M,,321K,2.1K,0,,12/15/2022
346,aMOODIEsqueezie,SQUEEZIE,,17.6M,France,6.1M,398.7K,6.5K,,12/6/2022
347,FactTechz,FactTechz,Education,17.6M,India,615.1K,38.1K,1.4K,,12/16/2022
348,SOMOY TV,SOMOY TV,Daily vlogs,17.6M,Bangladesh,7.5K,145,15,,12/8/2022
349,SUPER SLICK SLIME SAM,SUPER SLICK SLIME SAM,,17.6M,Mexico,191.2K,6.4K,116,,12/28/2022
350,RobleisIUTU,RobleisIUTU,Movies,17.6M,Argentina,733.6K,53.9K,1.3K,Animation,12/18/2022
351,grammygoldofficia,Grammy Gold Official,Music & Dance,17.6M,Thailand,10.1K,396,10,,12/9/2022
352,portadosfundos,Porta dos Fundos,Movies,17.5M,Brazil,799.2K,70.5K,1K,Animation,12/16/2022
353,rkddigital,RKD Studios,,17.5M,India,563.9K,13K,173,,12/8/2022
354,Sony AATH,Sony AATH,,17.5M,Bangladesh,172.1K,1.7K,38,,12/19/2022
355,Stubborn Facts,Stubborn Facts,News & Politics,17.5M,India,458.8K,6.1K,151,,12/29/2022
356,alanalan9635,Stokes Twins,Video games,17.4M,United States,11.9M,312.4K,26.5K,Humor,12/3/2022
357,ArabGamesNetwork,شبكة العاب العرب | Arab Games Network,,17.4M,Algeria,178K,18.8K,806,,12/20/2022
358,iberethenorio,Manual do Mundo,Science & Technology,17.3M,Brazil,343.3K,39K,773,,12/1/2022
359,Dhar Mann,Dhar Mann,Health & Self Help,17.3M,United States,5M,82K,4.9K,,12/29/2022
360,triggeredinsaan,Triggered Insaan,Humor,17.3M,India,7.8M,665.8K,13.8K,,12/17/2022
361,indiancomedy,Shemaroo Comedy,,17.3M,India,62.9K,596,12,,12/5/2022
362,Willyrex,Willyrex,Video games,17.2M,Mexico,76.2K,6.4K,101,,12/10/2022
363,Sidemen,Sidemen,Video games,17.2M,United Kingdom,9.7M,583.7K,17.5K,Humor,12/12/2022
364,Goldmines Great Indian Comedy,Goldmines Great Indian Comedy,,17.2M,India,8.2K,102,4,,12/15/2022
365,fedevigevani,Fede Vigevani,,17.2M,Mexico,3M,170.7K,6.7K,,12/29/2022
366,EeOneGuy,EeOneGuy,Music & Dance,17.1M,Russia,269.2K,9.1K,6.5K,,12/8/2022
367,Jane ASMR 제인,Jane ASMR 제인,Daily vlogs,17.1M,Indonesia,300.4K,4.7K,265,,12/23/2022
368,musicalrmastv,الـريماس - Al-Remas,Music & Dance,17M,Iraq,80.4K,2.5K,235,,12/2/2022
369,IGNentertainment,IGN,,17M,United States,49K,1.2K,150,,12/21/2022
370,JasonDerulo,Jason Derulo,Music & Dance,17M,United States,54.5K,2.9K,44,,12/20/2022
371,SonyMusicSouthVEVO,SonyMusicSouthVEVO,Music & Dance,17M,,9.5K,147,5,,12/6/2022
372,aynakoitsroi,Guava Juice,,17M,United States,94.8K,2K,305,,12/22/2022
373,AnittaOficial,Anitta,Music & Dance,16.9M,Brazil,616.5K,44.3K,2.5K,,12/17/2022
374,tanboykun,tanboy kun,Music & Dance,16.9M,Indonesia,1.8M,38.9K,1.8K,,12/15/2022
375,Zuni and Family,Zuni and Family,Daily vlogs,16.9M,,79.9K,433,0,,12/17/2022
376,zbingzbing,zbing z.,Animation,16.9M,Thailand,325.6K,10.8K,439,Video games,12/5/2022
377,Smile Family Spanish,Smile Family Spanish,,16.8M,,381.4K,1.4K,0,,12/17/2022
378,Apple,Apple,Music & Dance,16.8M,,702.6K,20K,0,Animation,12/17/2022
379,TheBrianMaps,TheBrianMaps,Video games,16.8M,Russia,1.3M,195.1K,11.8K,Humor,12/14/2022
380,Tu COSMOPOLIS,Tu COSMOPOLIS,News & Politics,16.8M,Mexico,75.5K,5.9K,481,,12/6/2022
381,Dangal TV Channel,Dangal TV Channel,,16.8M,India,89.4K,792,5,,12/16/2022
382,Katie Angel,Katie Angel,,16.7M,Mexico,191.8K,11.4K,1.4K,,12/4/2022
383,LIV Crime,LIV Crime,Daily vlogs,16.7M,India,93.6K,1.1K,29,,12/8/2022
384,Prajapati News,Prajapati News,,16.7M,India,17.8K,1.1K,55,,12/11/2022
385,Blippi - Educational Videos for Kids,Blippi - Educational Videos for Kids,Education,16.6M,,869.5K,3K,0,Toys,12/24/2022
386,jquintanac5,DeToxoMoroxo,Movies,16.6M,Mexico,194.3K,14.8K,3.6K,Animation,12/10/2022
387,Bizarrap,Bizarrap,Music & Dance,16.6M,Argentina,43.4M,2.6M,134.9K,Movies,12/4/2022
388,queenofficial,Queen Official,Music & Dance,16.6M,United States,162.8K,16.5K,1.1K,Movies,12/5/2022
389,IDEAS EN 5 MINUTOS,IDEAS EN 5 MINUTOS,,16.6M,Mexico,40.1K,270,7,,12/18/2022
390,News24page,News24,News & Politics,16.5M,India,2.1K,36,6,,12/23/2022
391,GameTheory,The Game Theorists,Science & Technology,16.4M,United States,1.9M,98.8K,5.3K,,12/29/2022
392,VICE,VICE,News & Politics,16.4M,United States,337K,8K,1.3K,,12/18/2022
393,TRANSTVofficial,TRANS TV Official,Music & Dance,16.4M,Indonesia,1.1K,15,2,,12/8/2022
394,lescopaque,Les' Copaque Production,,16.4M,Indonesia,1.2M,13.9K,241,,12/10/2022
395,Sandra Cires Art,Sandra Cires Art,,16.4M,Colombia,484.5K,30.7K,1.6K,,12/5/2022
396,ppextras,ExtraPolinesios,Daily vlogs,16.4M,Mexico,51.9K,3.4K,679,,12/28/2022
397,marquesbrownlee,Marques Brownlee,Science & Technology,16.4M,United States,2.6M,100K,5.3K,,12/6/2022
398,El Reino a Jugar,El Reino a Jugar,Education,16.4M,,73.6K,316,0,Toys,12/29/2022
399,AMARINTV : อมรินทร์ทีวี,AMARINTV : อมรินทร์ทีวี,News & Politics,16.3M,Thailand,10.3K,124,17,,12/19/2022
400,Jason Vlogs,Jason Vlogs,Animation,16.3M,,785.7K,3K,0,Toys,12/10/2022
401,Kaykai Salaider,Kaykai Salaider,Movies,16.3M,Thailand,358.9K,26.8K,1.1K,Humor,12/12/2022
402,And TV,And TV,,16.2M,India,2K,15,1,,12/14/2022
403,failarmy,FailArmy,Animation,16.2M,United States,1.5M,19.8K,1K,Humor,12/15/2022
404,Aayu and Pihu Show,Aayu and Pihu Show,Movies,16.2M,India,2.9M,70.9K,5.9K,Humor,12/6/2022
405,KSIOlajidebtHD,JJ Olatunji,,16.2M,United States,2.3M,164.8K,4.8K,,12/13/2022
406,Zappy Toons - Hindi Nursery Rhymes and Stories,Zappy Toons - Hindi Nursery Rhymes and Stories,Education,16.2M,,51.8K,258,0,,12/16/2022
407,IvanaAlawi,Ivana Alawi,Daily vlogs,16.2M,Philippines,2.4M,96.2K,5.7K,,12/21/2022
408,boyceavenue,Boyce Avenue,Music & Dance,16.1M,Brazil,410.6K,10.5K,266,,12/5/2022
409,AlanChikinChow,Alan Chikin Chow,,16.1M,India,129.1K,1.2K,81,,12/3/2022
410,Like Nastya VNM,Like Nastya VNM,,16M,,310.9K,0,0,,12/3/2022
411,popchartbusters,Pop Chartbusters,Music & Dance,16M,India,6.8K,114,10,,12/13/2022
412,MegatoadStonie,Matt Stonie,Food & Drinks,16M,United States,2.4M,125.9K,1.8K,,12/30/2022
413,PitbullMusic,Pitbull,Music & Dance,16M,United States,15K,817,22,,12/27/2022
414,DopeLyrics,DopeLyrics,Music & Dance,16M,United States,10.6K,256,34,,12/7/2022
415,JenniferLopez,Jennifer Lopez,Music & Dance,16M,,0,0,0,Movies,12/20/2022
416,Kids Play,Kids Play,,16M,,136.9K,611,0,,12/30/2022
417,FunFunMiniWorld,FunFun Toy Doll TV,,16M,United States,35.7K,508,0,,12/7/2022
418,Wow Kidz Action,Wow Kidz Action,,15.9M,,41.5K,407,0,,12/28/2022
419,Enes Batur,Enes Batur,Video games,15.9M,Turkey,2.2M,166.9K,8.3K,Humor,12/26/2022
420,AdMe,AdMe,Animation,15.8M,Russia,39.3K,1.1K,57,,12/11/2022
421,OGatoGalactico,Gato Galactico | GALÁXIA,Animation,15.8M,Brazil,171.8K,8.2K,123,,12/8/2022
422,Busy Fun Ltd,Busy Fun Ltd,,15.8M,India,1.8M,10K,327,,12/31/2022
423,movieclipsTRAILERS,Rotten Tomatoes Trailers,Movies,15.8M,United States,40.9K,760,86,Animation,12/16/2022
424,RCTI - LAYAR DRAMA INDONESIA,RCTI - LAYAR DRAMA INDONESIA,Music & Dance,15.8M,Indonesia,16K,260,14,Movies,12/28/2022
425,FitDanceTV,FitDance,Music & Dance,15.8M,,32.4K,715,17,,12/20/2022
426,Like Nastya IDN,Like Nastya IDN,Music & Dance,15.8M,,280.2K,0,0,Movies,12/15/2022
427,Dyland PROS,Dyland PROS,Movies,15.7M,Indonesia,31.2K,1.7K,111,Animation,12/10/2022
428,wifistudy,wifistudy,Education,15.7M,India,8.9K,741,26,,12/12/2022
429,With Kids[위드키즈],With Kids[위드키즈],,15.7M,United States,145.5K,0,0,,12/19/2022
430,laharimusic,Lahari Music | T-Series,Music & Dance,15.7M,India,7.3K,147,7,,12/28/2022
431,SriBalajiMovies,SriBalajiMovies,,15.6M,India,17.3K,123,2,,12/7/2022
432,Zach Choi ASMR,Zach Choi ASMR,Daily vlogs,15.6M,United States,2.1M,207K,830,,12/7/2022
433,SAM SMITH,SAM SMITH,,15.6M,United States,108.3K,6.9K,252,,12/13/2022
434,RomanAtwoodVlogs,Roman Atwood Vlogs,Movies,15.6M,United States,619.3K,27.6K,1.3K,Humor,12/26/2022
435,T3DDYgames,T3ddy,Daily vlogs,15.6M,Brazil,504.5K,53.5K,1.6K,,12/20/2022
436,Vlad and Niki ESP,Vlad and Niki ESP,,15.5M,,1.1M,6.2K,0,,12/16/2022
437,Fun For Kids TV - Hindi Rhymes,Fun For Kids TV - Hindi Rhymes,,15.5M,,0,0,0,,12/18/2022
438,gmmtv,GMMTV OFFICIAL​​,Music & Dance,15.5M,Thailand,42.4K,801,17,Movies,12/29/2022
439,news18India,News18 India,News & Politics,15.4M,India,1.2K,15,1,,12/25/2022
440,bbtvch7,Ch7HD,,15.4M,Thailand,7.7K,202,3,,12/20/2022
441,elcanaldePlimPlim,Plim Plim - Kids Songs & Episodes - Spanish,Music & Dance,15.4M,,461.2K,2.1K,0,,12/8/2022
442,popskids,POPS Kids,Animation,15.4M,Indonesia,2.8K,20,0,,12/28/2022
443,LOKESH GAMER,LOKESH GAMER,,15.4M,India,208K,23.9K,864,,12/21/2022
444,Kerajinan 5-Menit,Kerajinan 5-Menit,Music & Dance,15.4M,Indonesia,15.1K,121,5,,12/6/2022
445,LEGO,LEGO,Animation,15.3M,United States,23.7K,444,0,,12/16/2022
446,SelenaGomezVEVO,SelenaGomezVEVO,Music & Dance,15.3M,United States,1.9M,149.4K,6.1K,,12/3/2022
447,bbchindi,BBC News Hindi,News & Politics,15.3M,India,133.4K,0,258,,12/5/2022
448,ndtvindia,NDTV India,News & Politics,15.3M,India,7.4K,164,24,,12/17/2022
449,La Rosa de Guadalupe,La Rosa de Guadalupe,,15.3M,Mexico,208.8K,1.6K,42,,12/5/2022
450,narendramodionline,NMF News,News & Politics,15.3M,India,9.3K,190,19,,12/28/2022
451,hejproducao,Henrique e Juliano,Music & Dance,15.2M,Brazil,41.9K,2.6K,34,,12/16/2022
452,5-Minute Crafts FAMILY,5-Minute Crafts FAMILY,,15.2M,India,13K,128,5,,12/25/2022
453,Oyuncak Avı,Oyuncak Avı,,15.2M,,39.1K,0,2,,12/13/2022
454,sagawa,Sagawa /さがわ,,15.2M,United States,200.8K,1.3K,36,,12/31/2022
455,newvolgavideo,Volga Video,,15.2M,India,3.2K,27,1,,12/14/2022
456,mkmusicnews,MK MUSIC,Music & Dance,15.2M,Brazil,19.8K,1.8K,35,,12/16/2022
457,TheRichest,TheRichest,News & Politics,15.2M,United States,11.4K,419,55,,12/16/2022
458,Super Senya,Super Senya,Animation,15.2M,,65K,374,0,Toys,12/15/2022
459,TalkingFriends,Talking Tom & Friends,Animation,15.2M,United States,191.1K,1.7K,0,Humor,12/12/2022
460,حِرف إبداعية في 5 دقائق,حِرف إبداعية في 5 دقائق,,15.2M,Egypt,31.5K,244,9,,12/8/2022
461,thairathonline,Thairath Online,News & Politics,15.1M,Thailand,10.6K,139,20,,12/3/2022
462,Makiman131,Makiman131,Movies,15.1M,Spain,409K,35.7K,744,Animation,12/29/2022
463,LinusTechTips,Linus Tech Tips,Science & Technology,15.1M,United States,1.5M,60.2K,3.3K,,12/24/2022
464,nianaguerrero,Niana Guerrero,Music & Dance,15M,Philippines,473.8K,19K,779,Humor,12/26/2022
465,mariale,Mariale,,15M,Mexico,155.7K,3.8K,183,,12/15/2022
466,ranziscool,Ranz Kyle,Humor,15M,Philippines,520.8K,14.9K,311,,12/14/2022
467,pognalishow,Дима Масленников,Video games,15M,Russia,4.8M,408.6K,18.5K,,12/11/2022
468,TWICE,TWICE,Music & Dance,15M,Philippines,545.5K,64.9K,843,Movies,12/22/2022
469,RiotGamesInc,League of Legends,Movies,15M,United States,1.4M,48.2K,3.4K,Animation,12/8/2022
470,TeamFilmsBhojpuri,Team Films Bhojpuri,Music & Dance,15M,India,12.9K,300,50,Movies,12/19/2022
471,BollywoodClassics,Bollywood Classics,Music & Dance,15M,India,22.4K,165,7,,12/5/2022
472,ChallengeAcceptedInc,Aphmau,Animation,14.9M,United States,2.1M,50.4K,3.6K,Video games,12/23/2022
473,Zach King,Zach King,Movies,14.9M,United States,2.6M,20.6K,951,Humor,12/27/2022
474,Dave and Ava - Nursery Rhymes and Baby Songs,Dave and Ava - Nursery Rhymes and Baby Songs,Education,14.9M,,169.1K,523,0,,12/22/2022
475,PragatiVermaaShorts,Pragati Verma Shorts,,14.9M,India,2.6M,213.9K,670,,12/8/2022
476,Daftar Populer,Daftar Populer,News & Politics,14.9M,Indonesia,51K,1.2K,113,,12/10/2022
477,CraftBattleDuty,Lachlan,Video games,14.9M,United States,535.3K,18.7K,749,,12/21/2022
478,Unspeakable,Unspeakable,Video games,14.9M,United States,2.8M,41.1K,3.8K,Humor,12/10/2022
479,zncoficial,Zé Neto e Cristiano,,14.8M,Brazil,18.9K,1.6K,21,,12/5/2022
480,ERB,ERB,Music & Dance,14.8M,United States,2.4M,167.2K,20.9K,Animation,12/21/2022
481,kwebbelkop,Kwebbelkop,Animation,14.8M,United States,68.3K,1.6K,188,Video games,12/24/2022
482,MobileLegends5v5MOBA,Mobile Legends: Bang Bang Official,Movies,14.8M,Indonesia,269.9K,4K,369,Animation,12/14/2022
483,Arif muhammad,Arif muhammad,Music & Dance,14.8M,Indonesia,2.6M,53.7K,1.6K,Movies,12/30/2022
484,Johny FamilyShow,Johny FamilyShow,Music & Dance,14.8M,,50K,128,0,Toys,12/4/2022
485,Totoy kids - Español,Totoy kids - Español,Toys,14.8M,,50.4K,1.3K,0,,12/1/2022
486,jemproducoes,Jorge & Mateus Oficial,Music & Dance,14.8M,Brazil,16.6K,921,34,,12/17/2022
487,iTownGamePlay,iTownGamePlay *Terror&Diversión*,News & Politics,14.8M,Mexico,65.8K,4.4K,178,,12/4/2022
488,It's Mamix,It's Mamix,DIY & Life Hacks,14.8M,Russia,3.9M,230.1K,8.6K,,12/4/2022
489,majorlazer,Major Lazer Official,Music & Dance,14.8M,United States,13.3K,574,13,Movies,12/5/2022
490,Planeta das Gêmeas,Planeta das Gêmeas,Toys,14.7M,,281.4K,11.8K,30,,12/30/2022
491,MSA previously My Story Animated,MSA previously My Story Animated,Animation,14.7M,United States,6.4M,164.1K,5K,Humor,12/12/2022
492,BlippiEspanol,Blippi Español,Toys,14.7M,,368.6K,1K,0,Education,12/5/2022
493,LEGENDA FUNK,LEGENDA FUNK,Music & Dance,14.7M,Brazil,7.7K,273,7,Animation,12/16/2022
494,XpressTV,XpressTV,Science & Technology,14.7M,Mexico,1.2M,35.8K,405,,12/14/2022
495,حقائق وأسرار,حقائق وأسرار,,14.7M,Egypt,32.8K,1.1K,69,,12/21/2022
496,IDEIAS INCRÍVEIS,IDEIAS INCRÍVEIS,,14.6M,Brazil,11.5K,182,5,,12/18/2022
497,FueledByRamen,Fueled By Ramen,,14.6M,United States,82.4K,1.8K,119,,12/18/2022
498,Taarak Mehta Ka Ooltah Chashmah,Taarak Mehta Ka Ooltah Chashmah,,14.6M,India,161.8K,2.9K,48,,12/23/2022
499,MattyBRaps,MattyBRaps,Music & Dance,14.6M,United States,27.5K,735,0,Movies,12/12/2022
500,collegehumor,CollegeHumor,Movies,14.6M,United States,251.1K,17.2K,600,Humor,12/23/2022
501,IISuperwomanII,Lilly Singh,Animation,14.6M,United States,43K,2.4K,71,Humor,12/8/2022
502,zeefilmimusic,Zee Music Classic,,14.6M,India,3.5K,55,2,,12/18/2022
503,PlayStation,PlayStation,,14.6M,United States,33.3K,1.2K,112,,12/17/2022
504,CNN,CNN,Music & Dance,14.6M,United States,259.5K,3.6K,1.8K,Animation,12/11/2022
505,UFC,UFC - Ultimate Fighting Championship,Sports,14.6M,United States,63.2K,1.4K,239,,12/17/2022
506,Genierock,Genierock,Music & Dance,14.6M,Thailand,327.6K,8.3K,315,,12/15/2022
507,Canal Nostalgia,Canal Nostalgia,Science & Technology,14.6M,,44.9K,6.1K,155,,12/10/2022
508,Drawblogs,Drawblogs,Movies,14.5M,Mexico,15K,793,59,Animation,12/9/2022
509,TheABSCBNNews,ABS-CBN News,News & Politics,14.5M,Philippines,2.7K,24,4,,12/6/2022
510,Ajay Sharma,Ajay Sharma,,14.5M,India,409.8K,30.7K,56,,12/22/2022
511,Gyan Gamingㅤ,Gyan Gamingㅤ,,14.5M,India,103.3K,11.1K,424,,12/20/2022
512,Daily Dose Of Internet,Daily Dose Of Internet,Animals & Pets,14.5M,United States,4.4M,222.9K,6.5K,,12/18/2022
513,انصالة فاميلي I أنس و أصالة,انصالة فاميلي I أنس و أصالة,,14.4M,Egypt,2.2M,135.4K,3.5K,,12/28/2022
514,Boram Tube ToysReview [보람튜브 토이리뷰],Boram Tube ToysReview [보람튜브 토이리뷰],Daily vlogs,14.4M,,43.9K,228,0,,12/31/2022
515,Super Polina,Super Polina,,14.4M,Russia,3.7K,28,0,,12/24/2022
516,chadwildclay,Chad Wild Clay,Movies,14.4M,United States,1.1M,24.8K,4.4K,Humor,12/10/2022
517,MartinGarrix,Martin Garrix,Music & Dance,14.4M,United States,35.2K,3.3K,73,,12/13/2022
518,MY FAMILY,MY FAMILY,,14.4M,India,615.8K,3.5K,74,,12/25/2022
519,Kuplinov ► Play,Kuplinov ► Play,Video games,14.4M,Russia,1.9M,118.9K,2.6K,,12/23/2022
520,O Canal do Joãozinho - Little Angel Português,O Canal do Joãozinho - Little Angel Português,Animation,14.4M,,514.7K,2.9K,0,,12/26/2022
521,CH8vdo,ช่อง8 : Thai Ch8,,14.4M,Thailand,974.5,9,0,,12/12/2022
522,A2 Motivation by Arvind Arora,A2 Motivation by Arvind Arora,,14.4M,India,54.6K,8K,106,,12/6/2022
523,EdisonPts,EdisonPts,Video games,14.3M,Russia,2M,126.9K,5.3K,,12/25/2022
524,Hongyu ASMR 홍유,Hongyu ASMR 홍유,ASMR,14.3M,United States,700.7K,10.4K,283,,12/26/2022
525,TroomTroomRu,Трум Трум,Humor,14.2M,,179.8K,2K,178,Toys,12/20/2022
526,fcbarcelona,FC Barcelona,Sports,14.2M,United States,103.3K,7.7K,243,,12/30/2022
527,inventonahoratv,Invento na Hora,Animation,14.2M,Brazil,827.2K,111.5K,1.7K,Humor,12/23/2022
528,DM - Desi Melodies,DM - Desi Melodies,Music & Dance,14.2M,India,54.2K,2.3K,108,,12/1/2022
529,camilaloures,Camila Loures,Movies,14.2M,Brazil,186.4K,17K,297,Humor,12/13/2022
530,Vlad and Niki ARA,Vlad and Niki ARA,,14.2M,,82.2K,858,0,,12/2/2022
531,SrtaLynaV,Lyna,Movies,14.2M,Mexico,401K,17.7K,1.1K,Animation,12/1/2022
532,crashcourse,CrashCourse,Science & Technology,14.2M,United States,40.8K,2.4K,165,,12/2/2022
533,OfficialTrapCity,Trap City,Music & Dance,14.2M,United States,22.6K,1.2K,46,,12/31/2022
534,MazhavilManorama,Mazhavil Manorama,,14.2M,India,26.2K,299,8,,12/17/2022
535,MasterskayaNastroeny,Мастерская Настроения,Movies,14.2M,Russia,294K,6.5K,143,Video games,12/4/2022
536,Doc Tops,Doc Tops,Animation,14.2M,Mexico,403K,22.9K,448,,12/11/2022
537,whoisjimmy,How Ridiculous,Video games,14.2M,United States,359.1K,13.8K,89,,12/24/2022
538,#Refugio Mental,#Refugio Mental,Movies,14.2M,Argentina,226.6K,3.6K,51,,12/30/2022
539,5-Minute Crafts Recycle,5-Minute Crafts Recycle,,14.1M,India,36K,225,7,,12/20/2022
540,MNCTVOfficial,MNCTV OFFICIAL,Music & Dance,14.1M,Indonesia,2.3K,46,3,,12/25/2022
541,Dear Sir,Dear Sir,Education,14.1M,India,116.6K,8.4K,722,,12/25/2022
542,mispastelitosyoutub,Mis Pastelitos,Food & Drinks,14.1M,Mexico,331.3K,14.4K,920,,12/1/2022
543,Auron,Auron,Video games,14M,Mexico,1.4M,86.2K,1.4K,,12/15/2022
544,bomberball,Bie The Ska,,14M,Thailand,310.7K,11K,468,,12/12/2022
545,AM3NlC,AM3NlC,Food & Drinks,14M,Brazil,228.3K,26.6K,354,,12/31/2022
546,F2Freestylers,F2Freestylers - Ultimate Soccer Skills Channel,Sports,14M,United Kingdom,408.5K,17.5K,381,,12/6/2022
547,NikkieTutorials,NikkieTutorials,Design/art,14M,United States,353.8K,20.5K,491,Beauty,12/29/2022
548,RosannaPansino,Rosanna Pansino,DIY & Life Hacks,14M,United States,81.6K,5.7K,67,,12/15/2022
549,Aadishakti Films,Aadishakti Films,Music & Dance,14M,,16.3K,565,82,,12/5/2022
550,dangmattsmith,DangMattSmith,Animation,14M,,186.5K,6.8K,771,Humor,12/7/2022
551,gmmchannel,GMM25Thailand,,13.9M,Thailand,1.3K,17,1,,12/10/2022
552,ABCNews,ABC News,News & Politics,13.9M,United States,9.2K,84,87,,12/4/2022
553,Zig & Sharko,Zig & Sharko,,13.9M,,248.6K,1.5K,0,,12/15/2022
554,The MriDul,The MriDul,,13.9M,India,8.5M,275.3K,13.8K,,12/28/2022
555,Yoeslan,Yoeslan,,13.9M,India,662.4K,12.9K,37,,12/31/2022
556,SRKASSAMESE,SRK MUSIC,Music & Dance,13.9M,India,120.4K,4.4K,140,,12/2/2022
557,GLENTYOUTUBE,ГЛЕНТ,Video games,13.9M,Russia,1.9M,144.3K,5.3K,,12/19/2022
558,vetealaversha,Darkar Company Studios,Animation,13.9M,Mexico,86.5K,7.2K,223,Video games,12/6/2022
559,NOBRU,NOBRU,Video games,13.8M,Brazil,101.8K,9.8K,373,Toys,12/10/2022
560,katakit_baby,Katakit Baby TV,Music & Dance,13.8M,Saudi Arabia,110.4K,1.1K,0,,12/30/2022
561,TazerCraft,TazerCraft,Movies,13.8M,Brazil,211.1K,15.9K,859,Animation,12/27/2022
562,MAIKI021,MAIKI021,Movies,13.8M,Brazil,17.8K,2.4K,70,Animation,12/9/2022
563,telemundotv,Telemundo,,13.8M,Argentina,7.7K,346,13,,12/7/2022
564,Like Nastya Stories,Like Nastya Stories,,13.8M,,131.3K,698,0,,12/20/2022
565,Wish 107.5,Wish 107.5,Music & Dance,13.7M,Philippines,66K,1.7K,223,,12/10/2022
566,ZEE5,ZEE5,,13.7M,India,344,2,0,,12/6/2022
567,Bispo Bruno Leonardo,Bispo Bruno Leonardo,Music & Dance,13.7M,Brazil,707.2K,232K,184.8K,,12/12/2022
568,WWWengie,Wengie,DIY & Life Hacks,13.7M,United States,0,0,0,,12/20/2022
569,Coke Studio,Coke Studio,Music & Dance,13.7M,Pakistan,44.7K,1.3K,74,Movies,12/30/2022
570,hamaarbhojpuri,T-Series Hamaar Bhojpuri,Music & Dance,13.7M,India,11.8K,311,33,,12/9/2022
571,bandagarotasafada,Wesley Safadão,Music & Dance,13.7M,Brazil,949.5K,13K,270,,12/17/2022
572,boplayhard,PlayHard,,13.7M,Brazil,90.2K,7.7K,78,,12/27/2022
573,KompasTVNews,KOMPASTV,News & Politics,13.6M,Indonesia,4.5K,44,13,,12/19/2022
574,Infobells Bangla,Infobells Bangla,Education,13.6M,,42.3K,162,0,,12/23/2022
575,Narins Beauty,Narins Beauty,,13.6M,Iraq,1.9M,132K,10.3K,,12/26/2022
576,TV Ana Emilia,TV Ana Emilia,,13.6M,Mexico,187.2K,9.1K,337,,12/7/2022
577,jordanmatter,Jordan Matter,Music & Dance,13.6M,United States,4.9M,80.8K,7.8K,Humor,12/2/2022
578,OReinho,O Reino Infantil,Music & Dance,13.6M,,30.1K,239,0,,12/28/2022
579,FAPtivi,FAPTV,Animation,13.6M,United States,2.4M,41.8K,719,Humor,12/8/2022
580,PrestonPlayz,PrestonPlayz,Animation,13.6M,United States,1.7M,41.9K,1.7K,Video games,12/1/2022
581,lindseystomp,Lindsey Stirling,Music & Dance,13.5M,United States,373.6K,21.5K,1.1K,Movies,12/10/2022
582,The World Adventures हिन्दी,The World Adventures हिन्दी,Daily vlogs,13.5M,,9.5K,628,28,,12/20/2022
583,123 GO! Spanish,123 GO! Spanish,Animation,13.5M,Mexico,212.9K,1.9K,55,,12/28/2022
584,bbcnews,BBC News,News & Politics,13.5M,United States,120.2K,1.7K,891,,12/15/2022
585,disneyjunior,Disney Junior,Music & Dance,13.5M,,78.2K,238,0,,12/11/2022
586,Online Job,Online Job,,13.5M,India,5.1K,154,30,,12/23/2022
587,ETV Jabardasth,ETV Jabardasth,,13.5M,India,86.2K,1.3K,21,,12/30/2022
588,MyMissAnand,MyMissAnand,Movies,13.4M,India,1.2M,25.8K,0,Humor,12/1/2022
589,AzzyLand,AzzyLand,Animation,13.4M,United States,58.3K,4K,654,,12/13/2022
590,Ben Azelart,Ben Azelart,Video games,13.4M,United States,4.7M,118.2K,8.4K,Humor,12/25/2022
591,Sony Music South,Sony Music South,Movies,13.4M,India,17.8K,395,20,Animation,12/26/2022
592,PowerfulJRE,PowerfulJRE,Daily vlogs,13.4M,United States,1.2M,22K,4.8K,,12/1/2022
593,iloveindianmakeup,Anaysa,Movies,13.3M,India,935.2K,25.7K,560,Humor,12/14/2022
594,H2ODelirious,H2ODelirious,Animation,13.3M,United States,81.4K,4.4K,237,Video games,12/29/2022
595,Desi Gamers,Desi Gamers,,13.3M,India,518.9K,76K,2.3K,,12/31/2022
596,Juliana Baltar,Juliana Baltar,Movies,13.3M,Brazil,288.4K,12.7K,443,Humor,12/9/2022
597,Zeinab Harake,Zeinab Harake,Daily vlogs,13.3M,Philippines,1.5M,80.3K,1.3K,,12/17/2022
598,StudyIQ IAS,StudyIQ IAS,Education,13.3M,India,13.3K,608,17,,12/23/2022
599,Narendra Modi,Narendra Modi,Science & Technology,13.3M,India,13.6K,783,64,News & Politics,12/20/2022
600,TheQ_original,The Q,,13.2M,United States,243.2K,7.7K,446,,12/23/2022
601,theRadBrad,theRadBrad,Video games,13.2M,United States,129K,7.7K,781,,12/2/2022
602,PozzitifonShow,Поззи,Video games,13.2M,Russia,602.7K,22.3K,1.5K,,12/17/2022
603,skillzaisherebooya,Conor Maynard,Music & Dance,13.2M,United States,594.1K,30.7K,1.2K,,12/31/2022
604,NishaMadhulika,NishaMadhulika,Food & Drinks,13.2M,India,210.2K,4K,621,,12/5/2022
605,LeoNata Family,LeoNata Family,,13.2M,United States,46.2K,226,8,,12/26/2022
606,tseriesregional,T-Series Regional,Music & Dance,13.2M,India,3.9K,68,8,,12/12/2022
607,The LaBrant Fam,The LaBrant Fam,Music & Dance,13.2M,United States,814.7K,25.2K,0,Humor,12/18/2022
608,SaturdayNightLive,Saturday Night Live,Movies,13.2M,United States,115.5K,4.2K,165,Humor,12/15/2022
609,rebeccazamolo1,Rebecca Zamolo,Video games,13.1M,United States,3M,53.1K,3.8K,Humor,12/15/2022
610,Alex Gonzaga Official,Alex Gonzaga Official,Music & Dance,13.1M,Philippines,2.1M,64.5K,2.3K,Humor,12/8/2022
611,jazzghost1,Jazzghost,Animation,13.1M,Brazil,965.4K,55.2K,3K,Video games,12/29/2022
612,djzoi0,Everson Zoio,Movies,13.1M,Brazil,220.7K,29.1K,2.5K,Animation,12/20/2022
613,zeetvtelugu,Zee Telugu,,13M,India,9K,124,2,,12/11/2022
614,أترو/Atro,أترو/Atro,,13M,Iraq,355.5K,56K,5.2K,,12/24/2022
615,BBC,BBC,Movies,13M,United Kingdom,27.2K,685,22,,12/21/2022
616,MattSDance,Matt Steffanina,Music & Dance,13M,United States,99.7K,4.7K,96,Movies,12/8/2022
617,JDCav24,ATHLEAN-X™,Fitness,13M,United States,210.3K,11.4K,1.1K,Health & Self Help,12/18/2022
618,ماشا و الدب,ماشا و الدب,,13M,,683.3K,5.8K,0,,12/9/2022
619,typicalgamer,Typical Gamer,Video games,13M,United States,275K,9.2K,396,,12/1/2022
620,redetv,RedeTV,News & Politics,13M,Brazil,2K,54,2,,12/24/2022
621,Lady Diana,Lady Diana,Music & Dance,13M,Russia,2M,55.5K,2.4K,,12/19/2022
622,Crescendo com Luluca,Crescendo com Luluca,Toys,13M,Brazil,508.7K,31.5K,2.3K,,12/25/2022
623,O Que Não Dizer Oficial,O Que Não Dizer Oficial,Movies,13M,Brazil,49.2K,5.2K,33,Animation,12/19/2022
624,VexTrex,VexTrex,,13M,,60K,0,0,,12/23/2022
625,einerdtv,Ei Nerd,Movies,13M,Brazil,286.9K,42.3K,1.2K,Animation,12/10/2022
626,MstrJames,Hacksmith,Video games,12.9M,United States,0,0,0,,12/3/2022
627,JOJO TV - Hindi Stories,JOJO TV - Hindi Stories,,12.9M,India,48.1K,306,0,,12/30/2022
628,karameeshchannel,karameeshchannel,Music & Dance,12.9M,Jordan,259.1K,1.5K,0,,12/21/2022
629,Brawl Stars,Brawl Stars,Animation,12.9M,United States,15M,422.4K,55.1K,,12/27/2022
630,JamunaTVbd,Jamuna TV,News & Politics,12.9M,Bangladesh,21.6K,627,43,,12/8/2022
631,MrSuicideSheep,MrSuicideSheep,,12.9M,United States,55.9K,2.6K,59,,12/19/2022
632,Meghan Trainor,Meghan Trainor,Music & Dance,12.9M,United States,2.1M,102K,550,,12/16/2022
633,Danny Fitt,Danny Fitt,,12.9M,Mexico,552K,16.1K,1.4K,,12/30/2022
634,DJ Khaled,DJ Khaled,Music & Dance,12.9M,United States,112.2K,7.6K,0,,12/9/2022
635,thinkmusicindia,Think Music India,Music & Dance,12.9M,India,243.9K,2K,48,,12/31/2022
636,BUDI01 GAMING,BUDI01 GAMING,Movies,12.8M,Indonesia,272.2K,17.7K,2.8K,Animation,12/6/2022
637,ComePlayWithMe,Come Play With Me,Toys,12.8M,,1.2M,0,0,,12/21/2022
638,MusicTalentNow,Top Viral Talent,,12.8M,United States,18.9K,322,10,,12/5/2022
639,GoldClassics,Goldmines Premiere,,12.8M,,17.5K,201,0,,12/26/2022
640,#Refúgio Mental,#Refúgio Mental,Movies,12.8M,Brazil,142.1K,4.9K,52,Animation,12/1/2022
641,gymvirtual,gymvirtual,Music & Dance,12.8M,Mexico,87K,3.4K,54,,12/20/2022
642,storybots,Netflix Jr.,Animation,12.8M,,16.8K,105,0,Humor,12/23/2022
643,zeebangla,Zee Bangla,,12.8M,India,5.1K,56,0,,12/27/2022
644,awakeningrecords,Awakening Music,Music & Dance,12.8M,Indonesia,14.2K,1.5K,45,,12/3/2022
645,BIBO와 장난감,BIBO와 장난감,,12.8M,,33.3K,0,0,,12/5/2022
646,KabitasKitchen,Kabita's Kitchen,,12.7M,India,152.4K,3.2K,353,,12/28/2022
647,sonyliv,Sony LIV,,12.7M,India,43.8K,181,7,,12/15/2022
648,Knowledge Tv हिन्दी,Knowledge Tv हिन्दी,Education,12.7M,India,43.6K,1.6K,63,,12/10/2022
649,Mythpat,Mythpat,,12.7M,India,2.1M,187.1K,7.6K,,12/1/2022
650,PeppaPigPortuguesOficial,Peppa Pig em Português Brasil - Canal Oficial,Movies,12.7M,,170.9K,1.2K,0,Animation,12/19/2022
651,Health Time,Health Time,Daily vlogs,12.7M,India,4.9K,191,8,,12/21/2022
652,Blockbuster Movies,Blockbuster Movies,Daily vlogs,12.7M,India,29.3K,272,7,,12/21/2022
653,JesseAndMike,JesseAndMike,,12.7M,United States,173.9K,1.5K,521,,12/14/2022
654,DeGoBooM,DeGoBooM,Movies,12.7M,Mexico,380K,12.2K,367,Animation,12/7/2022
655,Blossom,Blossom,,12.7M,United States,12.7K,214,9,,12/18/2022
656,My Mate Nate,My Mate Nate,,12.7M,Thailand,1.1M,43.4K,891,,12/29/2022
657,Mrwhosetheboss,Mrwhosetheboss,Science & Technology,12.6M,United States,3.4M,152.8K,8.5K,,12/23/2022
658,gmanews,GMA News,News & Politics,12.6M,Philippines,2.5K,27,5,,12/31/2022
659,Codiscos,Codiscos,Music & Dance,12.6M,,20.8K,189,9,,12/6/2022
660,kidstvindia,Kids TV India Hindi Nursery Rhymes,Education,12.6M,,112.1K,604,0,,12/1/2022
661,Melon City Show - برنامج ولاية بطيخ,Melon City Show - برنامج ولاية بطيخ,,12.6M,Iraq,217.6K,13.7K,183,,12/5/2022
662,RS1313Shorts,RS 1313 SHORTS,,12.6M,India,3.8K,50,6,,12/26/2022
663,AdexeOficial,Adexe & Nau,Music & Dance,12.6M,Mexico,23.3K,2.4K,147,,12/20/2022
664,TheDodoSite,The Dodo,Animals & Pets,12.6M,United States,256.2K,13.5K,608,,12/20/2022
665,1032010814,TKOR,DIY & Life Hacks,12.6M,United States,40.4K,1.2K,74,,12/5/2022
666,Trakin Tech,Trakin Tech,News & Politics,12.6M,India,325.5K,22.7K,1.4K,,12/10/2022
667,FIFATV,FIFA,Sports,12.6M,United States,21.2K,1K,45,,12/22/2022
668,TheInfographicsShow,The Infographics Show,Education,12.6M,United States,307.5K,12.7K,661,,12/31/2022
669,caseyneistat,CaseyNeistat,Daily vlogs,12.6M,United States,1.4M,87.4K,5.3K,,12/26/2022
670,TastyCompot,Compot,Video games,12.6M,Russia,1.2M,48.4K,2.1K,,12/26/2022
671,KidsLineKOYA,KOYA with,Toys,12.6M,,25.8K,63,0,Education,12/23/2022
672,Piuzinho,Piuzinho,Animation,12.5M,Brazil,155.9K,25.3K,711,Humor,12/15/2022
673,KapilComedyNights,Colors Rishtey,,12.5M,India,4K,36,2,,12/21/2022
674,parafernalha,Parafernalha,,12.5M,Brazil,46.1K,3.7K,34,,12/10/2022
675,Troom Troom India,Troom Troom India,,12.5M,India,171.5K,1.5K,32,,12/3/2022
676,geonews,Geo News,News & Politics,12.5M,Pakistan,4.8K,60,6,,12/23/2022
677,htbhakti,Sonotek Bhakti,Music & Dance,12.5M,India,71.4K,870,49,,12/25/2022
678,E-MasterSensei,E-MasterSensei,Movies,12.5M,Mexico,777.3K,38.2K,818,Video games,12/9/2022
679,elliegoulding,elliegoulding,Music & Dance,12.5M,United States,16.9K,1.1K,49,,12/4/2022
680,RaptorGamer,RaptorGamer,Animation,12.5M,Mexico,590.5K,32.3K,968,Video games,12/29/2022
681,Vlad and Niki PRT,Vlad and Niki PRT,,12.5M,,524.1K,0,0,,12/23/2022
682,LOUD,LOUD,,12.5M,Brazil,163.6K,11.8K,205,,12/21/2022
683,TV9 Bharatvarsh,TV9 Bharatvarsh,News & Politics,12.5M,India,2.1K,39,2,,12/17/2022
684,TalkingAngelaCat,Talking Angela,,12.5M,United States,34.1K,267,0,,12/4/2022
685,TechnologyGyan,Technology Gyan,,12.5M,India,887.6K,56.5K,2.1K,,12/14/2022
686,Yudist Ardhana,Yudist Ardhana,Movies,12.5M,Indonesia,226.4K,5.1K,311,,12/29/2022
687,TroomTroom_Pt,Troom Troom PT,Toys,12.5M,Brazil,116.8K,1.6K,47,,12/14/2022
688,Gibby :),Gibby :),Movies,12.4M,Mexico,52.1K,3.6K,307,,12/26/2022
689,LittleBabyBumEspanol,Little Baby Bum en Español,Education,12.4M,,12.6K,42,0,,12/30/2022
690,React,People Vs Food,Food & Drinks,12.4M,United States,372.5K,15.4K,916,,12/4/2022
691,Indore Physical Academy,Indore Physical Academy,,12.4M,India,38.3K,2.6K,140,,12/21/2022
692,officialfuturevideos,Future,Music & Dance,12.4M,United States,1.6M,80.5K,2.5K,,12/8/2022
693,HZHtube Kids Fun,HZHtube Kids Fun,Animation,12.4M,,75.1K,377,0,Toys,12/28/2022
694,JustForLaughsTV,Just For Laughs Gags,,12.4M,United States,33K,619,20,,12/9/2022
695,Americanvogue,Vogue,Fashion,12.4M,United States,662.4K,10.4K,234,,12/20/2022
696,officialjassrecords,Jass Records,Music & Dance,12.4M,India,146.7K,2.5K,139,,12/14/2022
697,DisneyChannelUK,DisneyChannelUK,Movies,12.4M,,22.7K,542,0,Humor,12/14/2022
698,user-ik9wu8di9o,WiederDude,,12.3M,United States,4.5M,13.2K,436,,12/4/2022
699,ndtv,NDTV,News & Politics,12.3M,India,2.1K,17,7,,12/30/2022
700,Más SKabeche,Más SKabeche,,12.3M,Mexico,1.1M,48K,728,,12/20/2022
701,Republic Bharat,Republic Bharat,News & Politics,12.3M,India,3.1K,0,5,,12/23/2022
702,Rauw Alejandro,Rauw Alejandro,Music & Dance,12.3M,Peru,838.7K,25.1K,1.2K,,12/1/2022
703,CHHOTU KI MASTI,CHHOTU KI MASTI,,12.3M,India,1.2M,11.5K,153,,12/16/2022
704,Луномосик,Луномосик,Video games,12.3M,Russia,2.6M,49.2K,2.1K,,12/10/2022
705,Bela Bagunça,Bela Bagunça,Movies,12.3M,Brazil,148.9K,4.8K,224,Animation,12/31/2022
706,WaveMusicBhakti,Wave Music Bhakti,Music & Dance,12.2M,,5K,93,8,,12/21/2022
707,N1Noobtubers,웃웃TwinsFromRussia,Daily vlogs,12.2M,United States,46.9K,2.1K,9,,12/23/2022
708,Akon,Akon,Music & Dance,12.2M,Brazil,135K,9.8K,563,,12/8/2022
709,BanderitaX,BanderitaX,Animation,12.2M,Saudi Arabia,611.6K,55.3K,2.3K,Video games,12/1/2022
710,dednahype,dednahype,,12.2M,United States,35.4K,262,17,,12/9/2022
711,TheDaniRep,DaniRep | +6 Vídeos Diarios De GTA 5 Online!,Animation,12.2M,Mexico,60.3K,6.6K,26,Video games,12/7/2022
712,lucygerardi43,Luli Pampín,Music & Dance,12.2M,,1.5M,4.1K,0,Animation,12/22/2022
713,AvrilLavigne,Avril Lavigne,Music & Dance,12.2M,United States,134.9K,8.8K,459,,12/27/2022
714,Troom Troom Indonesia,Troom Troom Indonesia,Music & Dance,12.2M,Indonesia,101.2K,877,42,Movies,12/16/2022
715,Panda.,Panda,Animation,12.1M,India,379.7K,36.7K,897,Toys,12/14/2022
716,IceCreamRolls,Ice Cream Rolls,,12.1M,United States,52.9K,1.5K,103,,12/25/2022
717,YairAuriazul,Yair17,Movies,12.1M,Mexico,290.6K,23.9K,393,Animation,12/23/2022
718,123 GO!,123 GO!,DIY & Life Hacks,12.1M,United States,309.3K,2.2K,76,,12/27/2022
719,Planet Earth INDIA,Planet Earth INDIA,Daily vlogs,12.1M,India,776.8K,4.4K,230,,12/8/2022
720,Lulu99,Lulu99,,12.1M,Colombia,744.8K,34.2K,2.3K,,12/5/2022
721,YoungBoy Never Broke Again,YoungBoy Never Broke Again,Music & Dance,12.1M,United States,780.6K,37.9K,3.3K,,12/12/2022
722,MrTimbaVk,Timba Vk,Animation,12.1M,Mexico,1.3M,40.6K,743,Video games,12/27/2022
723,Влад и Никита,Влад и Никита,Toys,12M,,557K,2.6K,0,,12/16/2022
724,TiempodeSol,Duo Tiempo De Sol,Music & Dance,12M,,67.2K,388,0,Animation,12/18/2022
725,infobellskannada,infobells - Kannada,Education,12M,,167.1K,711,0,,12/7/2022
726,colinfurze,colinfurze,Video games,12M,United States,466.6K,15K,421,,12/10/2022
727,Natti Natasha,Natti Natasha,Music & Dance,12M,United States,24.4K,2.1K,35,,12/1/2022
728,emma chamberlain,emma chamberlain,Food & Drinks,12M,United States,2.4M,156K,4.8K,,12/15/2022
729,Nat and Essie,Nat and Essie,Toys,12M,United States,42.2K,1K,4,,12/23/2022
730,Mor Haryanvi,Mor Haryanvi,Music & Dance,12M,India,2.5M,41.2K,15.6K,,12/30/2022
731,eltreceok,El Trece,News & Politics,11.9M,,3.2K,27,6,,12/18/2022
732,TsMadaan,TsMadaan,Education,11.9M,India,11K,446,46,,12/24/2022
733,KaKa Kids TV - Nursery Rhymes Kids Animated Songs,KaKa Kids TV - Nursery Rhymes Kids Animated Songs,,11.9M,,1.5K,8,0,,12/29/2022
734,CNCO,CNCO,Music & Dance,11.9M,Mexico,68.4K,10.8K,808,,12/20/2022
735,Koo Koo TV - Hindi,Koo Koo TV - Hindi,,11.9M,India,131.3K,1.3K,25,,12/4/2022
736,Kluna Tik,Kluna Tik,,11.9M,United States,99.6K,1.6K,162,,12/14/2022
737,blackeyedpeasvideo,Black Eyed Peas,Music & Dance,11.9M,United States,81K,2.9K,116,,12/3/2022
738,elrubius,Rubius Z,Movies,11.9M,Mexico,1.1M,91.9K,1.4K,Animation,12/26/2022
739,Hero Movies 2022,Hero Movies 2022,Daily vlogs,11.8M,India,54K,422,7,,12/31/2022
740,MBCMASR,MBC مصر,,11.8M,Egypt,6.9K,61,4,,12/11/2022
741,EU FICO LOKO,EU FICO LOKO,,11.8M,Brazil,8.3K,853,34,,12/6/2022
742,MrGear,MrGear,,11.8M,United States,8.6K,191,28,,12/19/2022
743,TTfue,Tfue,Animation,11.8M,United States,116.5K,5.1K,150,Video games,12/19/2022
744,MC Divertida,MC Divertida,Music & Dance,11.8M,,201.9K,1.5K,0,Movies,12/30/2022
745,FirstWeFeast,First We Feast,Food & Drinks,11.8M,United States,122K,6K,262,,12/15/2022
746,MORGENSHTERN,MORGENSHTERN,Music & Dance,11.8M,Russia,1.5M,145.5K,7.2K,Movies,12/5/2022
747,QuantumTech,Quantum Tech HD,,11.8M,United States,3M,8.6K,178,,12/21/2022
748,Heidi y Zidane,Heidi y Zidane,Daily vlogs,11.8M,,181.4K,890,0,,12/7/2022
749,prantoniojunior,Pastor Antônio Júnior,Music & Dance,11.8M,Brazil,335.1K,61.9K,6.2K,,12/31/2022
750,Free Fire India Official,Free Fire India Official,,11.8M,India,44.7K,4.4K,279,,12/1/2022
751,PinkVideoVault,P!NK,Music & Dance,11.8M,United States,52.1K,5.2K,174,,12/22/2022
752,SBTonline,SBT,,11.8M,Brazil,2.8K,167,3,,12/29/2022
753,MashaBearUkraine,Маша та Ведмідь,Education,11.8M,,195.7K,868,0,,12/13/2022
754,Acenix,Acenix,Video games,11.8M,Mexico,987.1K,69.9K,646,,12/9/2022
755,GoldminesAction,GoldminesAction,,11.8M,,9.1K,123,0,,12/29/2022
756,FrontaL Gaming,FrontaL Gaming,Movies,11.8M,,105.8K,7.8K,462,Animation,12/24/2022
757,WildNOut,Wild 'N Out,Music & Dance,11.7M,United States,197.6K,4.5K,186,Humor,12/3/2022
758,Garena Free Fire LATAM,Garena Free Fire LATAM,,11.7M,Mexico,21.6K,1.8K,144,,12/21/2022
759,francoescamilla,Franco Escamilla,,11.7M,Mexico,203.7K,13.9K,194,,12/31/2022
760,penguinz0,penguinz0,Animation,11.7M,United States,1.9M,92.7K,6.3K,Video games,12/13/2022
761,Diana and Roma IND,Diana and Roma IND,,11.7M,,221.8K,853,0,,12/25/2022
762,hawkrecord,Single Track Studio,Music & Dance,11.7M,India,0,0,0,,12/31/2022
763,Pari's Lifestyle,Pari's Lifestyle,,11.7M,India,697.6K,6.9K,202,,12/25/2022
764,TWO SIDE GAMERS,TWO SIDE GAMERS,,11.7M,India,407.7K,31.7K,1.5K,,12/5/2022
765,bharatzkitchen HINDI,bharatzkitchen HINDI,,11.7M,India,408.8K,10K,267,,12/20/2022
766,AlArabiya,AlArabiya العربية,News & Politics,11.7M,Algeria,1.8K,21,4,,12/25/2022
767,الجانب المُشرق | Bright Side Arabic,الجانب المُشرق | Bright Side Arabic,,11.7M,Egypt,18K,382,22,,12/29/2022
768,YMWayneCarter,Lil Wayne,Music & Dance,11.7M,United States,104.6K,6.6K,463,,12/30/2022
769,CrazyRussianHacker,CrazyRussianHacker,Animation,11.7M,United States,52.5K,1.6K,80,Toys,12/14/2022
770,FlowersComedy,Flowers Comedy,,11.7M,India,164.8K,1.7K,167,,12/5/2022
771,FelipeViktor,LipaoGamer,Movies,11.6M,Brazil,113.6K,6.8K,116,Animation,12/26/2022
772,Lofi Girl,Lofi Girl,Music & Dance,11.6M,United States,43.4K,1.9K,88,,12/20/2022
773,Biperysusamigos,Biper y sus Amigos,Music & Dance,11.6M,,351.7K,0,0,Movies,12/16/2022
774,pocoyotv,POCOYÓ en ESPAÑOL - Canal Oficial,,11.6M,,122.9K,433,0,,12/8/2022
775,Jaiden Animations,Jaiden Animations,,11.6M,United States,3.6M,288K,13.4K,,12/22/2022
776,realannoyingorange,Annoying Orange,Movies,11.6M,United States,143K,2.9K,556,Animation,12/20/2022
777,BBCEarth,BBC Earth,,11.6M,United States,42.8K,1.8K,44,,12/30/2022
778,kendricklamar5461,Kendrick Lamar,Music & Dance,11.6M,United States,8M,413.1K,15.1K,,12/27/2022
779,Morgz,Morgz,Video games,11.5M,,229.7K,6.4K,1.2K,Humor,12/8/2022
780,CarryisLive,CarryisLive,,11.5M,India,507.7K,53.5K,1.7K,,12/24/2022
781,VyQwaint,Vy Qwaint,Video games,11.5M,United States,1.6M,27.1K,4.2K,Humor,12/24/2022
782,ExpCaseros,ExpCaseros,DIY & Life Hacks,11.5M,Spain,36K,1.2K,79,Food & Drinks,12/20/2022
783,TheViralFeverVideos,The Viral Fever,Movies,11.5M,India,1.8M,83.9K,2.7K,Humor,12/27/2022
784,Flamingo,Flamingo,Animation,11.5M,United States,1.4M,48K,5K,Video games,12/28/2022
785,toysplay,ToysPlay,Animation,11.5M,,134.2K,543,0,Toys,12/25/2022
786,FilmTheorists,The Film Theorists,Movies,11.4M,United States,1.2M,79.2K,4.7K,,12/3/2022
787,crackrockcandy,Maymo,,11.4M,United States,89K,479,82,,12/7/2022
788,hoiitsroi,Wassabi,Movies,11.4M,United States,75.7K,4.5K,132,Humor,12/17/2022
789,Star Casablanca | نجوم الدار البيضاء,Star Casablanca | نجوم الدار البيضاء,Music & Dance,11.4M,Iraq,23.3K,1.3K,134,,12/28/2022
790,UnspeakableGaming,UnspeakableReacts,Video games,11.4M,United States,322K,6.7K,405,,12/1/2022
791,Taylor RS,Taylor RS,,11.4M,United States,95.6K,611,11,,12/1/2022
792,epicfortnite,Fortnite,Movies,11.4M,United States,177K,9K,377,Video games,12/17/2022
793,قناة وناسة -  Wanasah TV,قناة وناسة -  Wanasah TV,Music & Dance,11.4M,,1.5M,10.7K,0,,12/1/2022
794,watchcut,Cut,Humor,11.4M,United States,427.8K,12.3K,578,,12/12/2022
795,oyabakatousan,"Sen, Momo, Ai & Shii's Channel",Daily vlogs,11.4M,Japan,68.3K,938,0,,12/4/2022
796,CaptainSparklez,CaptainSparklez,Video games,11.4M,United States,117K,10.6K,456,,12/18/2022
797,ElRinconDeGiorgio,El Rincón De Giorgio,Video games,11.4M,Spain,950.6K,134.4K,2.3K,,12/30/2022
798,mylifeaseva,MyLifeAsEva,Humor,11.4M,United States,59K,3.1K,277,,12/1/2022
799,zeetamil,Zee Tamil,,11.4M,India,10K,135,1,,12/27/2022
800,InsideEdition,Inside Edition,News & Politics,11.4M,United States,104.8K,2.2K,396,,12/18/2022
801,luzugames,luzugames,Animation,11.3M,Mexico,154.7K,14.9K,505,Video games,12/19/2022
802,NirahuaMusic,Nirahua Music World,,11.3M,India,271.7K,5.2K,134,,12/30/2022
803,BakLol Video,BakLol Video,Movies,11.3M,India,526.1K,8.6K,609,Humor,12/14/2022
804,Avocado Couple I Crazy Comics,Avocado Couple I Crazy Comics,,11.3M,United States,144.7K,1.2K,40,,12/29/2022
805,Virgínia Fonseca,Virgínia Fonseca,Movies,11.3M,Brazil,1M,77.1K,1.6K,Humor,12/23/2022
806,brancoala,Brancoala,Movies,11.3M,Brazil,384.9K,8.1K,274,Animation,12/30/2022
807,ArynewsTvofficial,ARY News,News & Politics,11.3M,Pakistan,13.4K,249,15,,12/19/2022
808,Ya - Alisa,Ya - Alisa,,11.3M,,1.8K,10,0,,12/30/2022
809,korayzeynep0,Koray Zeynep,Daily vlogs,11.3M,Turkey,11.5K,52,2,,12/30/2022
810,MagicFive5,Magic Five,Travel,11.3M,Russia,683.6K,28.4K,3.7K,,12/28/2022
811,RachitRojha,Rachit Rojha,,11.3M,India,1.7M,30.4K,1.5K,,12/9/2022
812,aljazeerachannel,AlJazeera Arabic  قناة الجزيرة,News & Politics,11.3M,Morocco,8.7K,124,26,,12/12/2022
813,MrGustavoParodias,Gustavo Paródias,,11.3M,Brazil,178.7K,5.8K,129,,12/20/2022
814,sagahits,SagaHits,Music & Dance,11.3M,India,17.6K,837,102,,12/15/2022
815,comedycentral,Comedy Central,Movies,11.2M,United States,24.6K,895,51,Humor,12/2/2022
816,RapGeniusVideo,Genius,Music & Dance,11.2M,United States,23.2K,1K,136,Movies,12/3/2022
817,Oum Walid,Oum Walid,Education,11.2M,Algeria,266K,16.8K,1.1K,,12/2/2022
818,Morphle TV,Morphle TV,Animation,11.2M,,50.4K,252,0,Toys,12/24/2022
819,SEVENGERS,SEVENGERS,,11.2M,India,0,0,0,,12/5/2022
820,Stray Kids,Stray Kids,Music & Dance,11.2M,United States,657.1K,100K,3.7K,Movies,12/30/2022
821,mrplotvideos,Mundo Bita,Music & Dance,11.2M,,217.9K,1.2K,0,Movies,12/30/2022
822,OGGY,OGGY,,11.2M,,212.2K,2K,0,,12/5/2022
823,LikeTeamEnglish,LIKE! English,,11.2M,India,0,0,0,,12/21/2022
824,DemolitionRanch,DemolitionRanch,Video games,11.2M,United States,982.6K,50.1K,5.7K,,12/25/2022
825,doctruyencotich,Kênh Thiếu Nhi - BHMEDIA,Music & Dance,11.2M,United States,17.1K,52,0,Animation,12/23/2022
826,chotoonz,Chotoonz TV - Funny Cartoons for Kids,,11.2M,,39.9K,0,0,,12/7/2022
827,Barbie,Barbie,,11.1M,,25.8K,213,0,,12/27/2022
828,JessicaJane99,Jessica Jane,Food & Drinks,11.1M,Indonesia,1.8M,80.4K,3.6K,,12/23/2022
829,dobrebrothers,Dobre Brothers,Movies,11.1M,United States,365.3K,12.9K,603,Humor,12/29/2022
830,oyuncakoynuyorumtv,OYUNCAKOYNUYORUM,,11.1M,,112.8K,356,0,,12/28/2022
831,viihtubeoficial,Viih Tube,,11.1M,Brazil,448.1K,20.1K,406,,12/15/2022
832,telugufilmnagar,Telugu Filmnagar,,11.1M,India,2.7K,34,1,,12/2/2022
833,설기양SULGI,설기양SULGI,ASMR,11.1M,United States,687.6K,13.4K,488,Food & Drinks,12/5/2022
834,zeeqindia,Zee Kids,,11.1M,,62.3K,1.1K,0,,12/7/2022
835,SanjoyDasOfficial,Sanjoy Das Official,,11.1M,India,11.5K,1.8K,155,,12/1/2022
836,BeAmazed,BE AMAZED,Education,11.1M,United States,399.9K,9.8K,619,,12/3/2022
837,GamesEduUu,Games EduUu,Movies,11.1M,Brazil,1.2M,165.9K,3.9K,Toys,12/9/2022
838,Lycoman Facts,Lycoman Facts,,11.1M,India,2M,0,221,,12/3/2022
839,NEXT9NEWS हर खबर आप तक,NEXT9NEWS हर खबर आप तक,News & Politics,11.1M,India,2.9K,19,1,,12/10/2022
840,NASA,NASA,News & Politics,11.1M,United States,92.6K,3.8K,0,Science & Technology,12/21/2022
841,Painzeiro,Painzeiro,Daily vlogs,11.1M,Brazil,228.1K,10.7K,428,,12/10/2022
842,hasanjr11,hasanjr11,,11.1M,Indonesia,831.4K,10.4K,1.5K,,12/15/2022
843,historychannel,HISTORY,Movies,11.1M,United States,100.1K,2K,228,,12/13/2022
844,jpgameplayfull,JP Plays,Video games,11.1M,Brazil,50.9K,2.5K,104,,12/6/2022
845,RDCGujarati,RDC Gujarati,Music & Dance,11.1M,India,10.5K,370,15,,12/28/2022
846,BIBO и Игрушки,BIBO и Игрушки,Animation,11M,,50.5K,0,0,Toys,12/6/2022
847,ctctv,СТС,Video games,11M,Russia,101.1K,1.1K,47,Humor,12/25/2022
848,Levinho,Levinho,,11M,India,218.8K,15.4K,740,,12/19/2022
849,pinkfongko,핑크퐁 (인기 동요・동화),Education,11M,Algeria,16.8K,469,0,,12/2/2022
850,ExplosmEntertainment,ExplosmEntertainment,Movies,11M,United States,131.2K,11.1K,157,Animation,12/16/2022
851,XHuevaX,Hueva,Video games,11M,Mexico,113.2K,4.3K,234,,12/16/2022
852,Pen Multiplex,Pen Multiplex,,11M,India,4.2K,27,1,,12/4/2022
853,Slogomanify,Slogo,Video games,11M,United States,280K,10.7K,466,,12/18/2022
854,Ryan Trahan,Ryan Trahan,Humor,11M,United States,9.9M,944.5K,25.1K,,12/7/2022
855,Vox,Vox,News & Politics,11M,United States,297.1K,7.6K,371,,12/10/2022
856,Peppa Pig Hindi,Peppa Pig Hindi,Education,11M,,244.5K,1.8K,0,,12/10/2022
857,HikakinTV,HikakinTV,Music & Dance,11M,Japan,1.2M,31.8K,1.7K,Humor,12/3/2022
858,Milena Stepanienco - MILENINHA,Milena Stepanienco - MILENINHA,Movies,11M,Brazil,122.3K,1.1K,0,Animation,12/26/2022
859,rathorvideo,Rathore Cassettes,,11M,India,5K,56,5,,12/20/2022
860,OfficiallyAnneMarie,Anne-Marie,Music & Dance,11M,India,32.7K,3.4K,71,,12/16/2022
861,Juanpa Zurita,Juanpa Zurita,,10.9M,Mexico,1M,60.3K,1.5K,,12/11/2022
862,videogyan,Videogyan Nursery Rhymes - Kids Songs & Cartoons,Animation,10.9M,,158.2K,540,0,,12/13/2022
863,5-Minute Crafts LIKE,5-Minute Crafts LIKE,,10.9M,India,6.8K,56,2,,12/30/2022
864,GolemcitoGames,Golemcito Games,Movies,10.9M,Peru,593.7K,63.8K,1.5K,Animation,12/8/2022
865,TroomTroom_Arabic,Troom Troom Arabic,,10.9M,Egypt,314K,3.8K,114,,12/10/2022
866,WAMIndiaMovies,Wamindia Movies,,10.9M,India,24.6K,247,4,,12/29/2022
867,THE BROWN SIBLINGS,THE BROWN SIBLINGS,,10.9M,India,2.3M,201.9K,323,,12/28/2022
868,KiKiDo,KiKiDo,Video games,10.9M,Russia,2.4M,42K,2.5K,Humor,12/15/2022
869,woodyandkleiny,Woody & Kleiny,,10.9M,United States,26.5K,1.7K,126,,12/5/2022
870,Área Secreta,Área Secreta,Movies,10.9M,Brazil,155.6K,20.8K,613,,12/13/2022
871,sadhguru,Sadhguru,Movies,10.9M,India,129.8K,5.2K,216,,12/9/2022
872,mamilosmolengas,Mussoumano,Music & Dance,10.9M,Brazil,1.8M,79.9K,6.1K,Animation,12/28/2022
873,CasoCerrado,Caso Cerrado,Animation,10.8M,Mexico,405.2K,3.2K,112,,12/6/2022
874,Experienced Mojaraba TV,Experienced Mojaraba TV,Health & Self Help,10.8M,United States,34.4K,890,22,Food & Drinks,12/19/2022
875,GIMS,GIMS,Music & Dance,10.8M,France,1.2M,49.1K,2.1K,,12/5/2022
876,Joe HaTTab,Joe HaTTab,Movies,10.8M,Somalia,2.7M,162.7K,5.8K,,12/6/2022
877,Goldmines Housefull,Goldmines Housefull,,10.8M,,9.1K,0,0,,12/22/2022
878,mirandasings08,Miranda Sings,Movies,10.8M,United States,115.8K,9.4K,573,Humor,12/30/2022
879,redbull,Red Bull,Sports,10.8M,United States,35K,2K,25,,12/23/2022
880,ChuChuTV Hindi,ChuChuTV Hindi,Education,10.8M,,156.3K,1K,0,,12/30/2022
881,timesmusicindia,Times Music,Music & Dance,10.8M,India,6.6K,235,14,,12/15/2022
882,DentalDigest,Dental Digest,,10.8M,United States,638.1K,8.2K,482,,12/29/2022
883,DRJRecordsSpecials,DRJ Records Specials,,10.8M,India,32.1K,128,3,,12/10/2022
884,ComedyShortsGamer,Deji,Animation,10.8M,United Kingdom,1.2M,48.1K,2.5K,Humor,12/15/2022
885,PinaRecordsVideos,Pina Records,Music & Dance,10.8M,Peru,1.3M,41.5K,9.1K,,12/24/2022
886,WarnerBrosPictures,Warner Bros. Pictures,Movies,10.8M,United States,105.8K,4.3K,434,Animation,12/31/2022
887,Google,Google,,10.8M,United States,28.5K,623,0,,12/28/2022
888,DuDuPopTOY,DuDuPopTOY,Animation,10.8M,,8.6K,58,0,Humor,12/31/2022
889,Kids smile TV,Kids smile TV,Movies,10.8M,,105K,509,0,Toys,12/4/2022
890,MUSATANVEER,Entertainment with Musa,,10.7M,Pakistan,169.3K,1.2K,49,,12/13/2022
891,Primitive Technology,Primitive Technology,DIY & Life Hacks,10.7M,United States,1.2M,73.9K,3K,,12/13/2022
892,TikTak Draw,TikTak Draw,Animation,10.7M,Mexico,72.7K,4.3K,321,,12/1/2022
893,Talent Recap,Talent Recap,Music & Dance,10.7M,United States,57.9K,924,64,Movies,12/19/2022
894,Airrack,Airrack,Video games,10.7M,United States,4.6M,344.6K,33.1K,Humor,12/31/2022
895,[햄지]Hamzy,[햄지]Hamzy,,10.7M,United States,1.7M,31.9K,866,,12/6/2022
896,stampylonghead,stampylonghead,Video games,10.7M,United States,104.3K,4.9K,1.1K,,12/14/2022
897,Alexa Rivera,Alexa Rivera,Animation,10.7M,United States,2M,86.1K,3.4K,Humor,12/23/2022
898,Utkarsh Classes Jodhpur,Utkarsh Classes Jodhpur,Education,10.7M,India,109K,8.5K,371,,12/18/2022
899,user-eg5ud6ut6s,Vlad y Nikita Show,,10.7M,,246.3K,1K,0,,12/22/2022
900,soicon295,Magnet World,,10.6M,United States,302.4K,1.3K,28,,12/14/2022
901,Hindi Fairy Tales,Hindi Fairy Tales,,10.6M,India,580.7K,7.8K,185,,12/8/2022
902,PrankvsPrank,Jesse,Music & Dance,10.6M,United States,106.7K,7.3K,1.1K,Humor,12/18/2022
903,Family Box,Family Box,Video games,10.6M,Russia,247.2K,7.8K,95,,12/27/2022
904,sbtthenoite,The Noite com Danilo Gentili,Movies,10.6M,Brazil,4.5K,421,17,Humor,12/17/2022
905,craftingeek,Craftingeek,,10.6M,Mexico,231.3K,11.1K,1.1K,,12/23/2022
906,Pinkfong en español - Canciones Infantiles,Pinkfong en español - Canciones Infantiles,Animation,10.6M,,46.7K,153,0,Toys,12/22/2022
907,francinyehlke,Franciny Ehlke,Fashion,10.6M,Brazil,208.4K,19.7K,396,Design/art,12/10/2022
908,AdamThomasMoran,AdamThomasMoran,Video games,10.6M,Russia,488K,38.8K,2.5K,Humor,12/10/2022
909,GoProCamera,GoPro,Sports,10.6M,United States,35.4K,1.7K,53,,12/29/2022
910,ChillStepNation,Chill Nation,Music & Dance,10.6M,United States,21.1K,680,27,,12/22/2022
911,MTV,MTV,Music & Dance,10.6M,United States,18.5K,992,23,Movies,12/18/2022
912,Toymong tv 토이몽TV,Toymong tv 토이몽TV,,10.6M,,24.9K,195,0,,12/15/2022
913,bbcarabic,BBC News عربي,News & Politics,10.6M,Morocco,21.2K,389,70,,12/1/2022
914,atv,atv,Movies,10.6M,Turkey,28.9K,295,10,Animation,12/29/2022
915,TeremokTV,Теремок ТВ,Video games,10.6M,,281.7K,1.1K,0,,12/20/2022
916,TeamMojang,Minecraft,Animation,10.6M,United States,659.8K,37.5K,1.4K,Video games,12/7/2022
917,Comedy Captain,Comedy Captain,,10.6M,India,6K,62,2,,12/12/2022
918,Eli Kids - Cartoons & Songs,Eli Kids - Cartoons & Songs,Music & Dance,10.6M,,1M,3.2K,0,,12/31/2022
919,CJENMMUSIC,Stone Music Entertainment,Music & Dance,10.6M,United States,5.8K,448,19,Movies,12/5/2022
920,Behindwoodstv,BehindwoodsTV,,10.6M,,50.1K,1.2K,51,,12/24/2022
921,Rawan and Rayan,Rawan and Rayan,,10.5M,Algeria,0,0,0,,12/4/2022
922,Cris Devil Gamer,Cris Devil Gamer,Movies,10.5M,United States,260.3K,8.1K,212,Animation,12/10/2022
923,GeorgeNotFound,GeorgeNotFound,Video games,10.5M,United States,1.7M,137.6K,6.6K,,12/21/2022
924,GemaNadaPertiwi,GNP Music,Music & Dance,10.5M,Indonesia,40.5K,187,0,Animation,12/25/2022
925,Hindi Kahaniya,Hindi Kahaniya,,10.5M,India,42.5K,629,26,,12/22/2022
926,CS Bisht Vines,CS Bisht Vines,,10.5M,India,2M,19.3K,426,,12/13/2022
927,williesalim,Willie Salim,,10.5M,Indonesia,1M,18.3K,3.4K,,12/4/2022
928,Farjana Drawing Academy,Farjana Drawing Academy,,10.5M,India,71K,2.1K,373,,12/1/2022
929,Heroine Movies 2022,Heroine Movies 2022,Daily vlogs,10.5M,India,136.7K,820,9,,12/1/2022
930,MTflims,Tanner Fox,Autos & Vehicles,10.5M,,397.5K,18.2K,1.4K,Humor,12/9/2022
931,VikiShow,Viki Show,Video games,10.5M,Russia,1.9M,58K,2.5K,Toys,12/19/2022
932,ReceitasdePai,Receitas de Pai,Food & Drinks,10.5M,Brazil,80K,10.7K,311,,12/17/2022
933,Doctor Mike,Doctor Mike,Health & Self Help,10.5M,United States,1.8M,65.4K,2.9K,,12/20/2022
934,Lorrayne Oliveira,Lorrayne Oliveira,Animation,10.5M,Brazil,454.2K,20.8K,673,Humor,12/21/2022
935,Oneindia Hindi | वनइंडिया हिंदी,Oneindia Hindi | वनइंडिया हिंदी,News & Politics,10.5M,India,1.5K,17,1,,12/27/2022
936,singkingkaraoke,Sing King,Music & Dance,10.5M,United States,10.4K,104,9,,12/8/2022
937,LittleAngelIndonesia,Little Angel Bahasa Indonesia - Lagu Anak,Music & Dance,10.5M,,248.4K,1.3K,0,Toys,12/1/2022
938,Adriana Show,Adriana Show,Animation,10.4M,,298.2K,0,0,Toys,12/1/2022
939,PattymayoTv,Patty Mayo,Movies,10.4M,United States,512.8K,13.9K,674,Humor,12/2/2022
940,BrPVPHu3,João Caetano,,10.4M,Brazil,626.3K,45.6K,966,,12/2/2022
941,5-Minute Recipes,5-Minute Recipes,,10.4M,India,44K,331,7,,12/3/2022
942,Playing with Rafael,Playing with Rafael,,10.4M,Brazil,10.9K,52,0,,12/27/2022
943,bhaktisongs,Shemaroo Bhakti,Music & Dance,10.4M,India,7.1K,164,11,,12/10/2022
944,TwinRoozi 쌍둥이 루지,TwinRoozi 쌍둥이 루지,Daily vlogs,10.4M,Indonesia,74.6K,0,0,,12/31/2022
945,"Baby Big Mouth Kids - Sing, Dance, Explore","Baby Big Mouth Kids - Sing, Dance, Explore",Animation,10.4M,,528,4,0,Toys,12/9/2022
946,SaraBeautyCorner,"SaraBeautyCorner - DIY, Comedy, Makeup, Nail Art",DIY & Life Hacks,10.4M,United States,36.2K,2.8K,93,,12/24/2022
947,TomorrowlandChannel,Tomorrowland,Music & Dance,10.4M,Brazil,47.6K,1.7K,82,,12/9/2022
948,EugenBro,EugenBro,Video games,10.4M,Russia,258K,15.1K,1.9K,,12/21/2022
949,HiTechIslamic,Hi-Tech Islamic Naat,Music & Dance,10.4M,Pakistan,95.1K,1.1K,77,,12/30/2022
950,서은일상이야기,서은일상이야기,,10.4M,,17.6K,107,0,,12/20/2022
951,XO TEAM,XO TEAM,,10.4M,United States,617.9K,38.6K,264,,12/14/2022
952,TeremokSongs,Теремок - Песенки для детей,Music & Dance,10.4M,Russia,98.7K,499,0,,12/13/2022
953,AsapSCIENCE,AsapSCIENCE,Science & Technology,10.4M,United States,149K,6.8K,338,,12/28/2022
954,Jugnu Kids - Nursery Rhymes and Best Baby Songs,Jugnu Kids - Nursery Rhymes and Best Baby Songs,Animation,10.4M,,161.2K,1.3K,0,,12/19/2022
955,The Daily Show with Trevor Noah,The Daily Show with Trevor Noah,News & Politics,10.4M,United States,185.9K,7K,402,,12/23/2022
956,SpriteDer SPD,SpriteDer SPD,Humor,10.4M,Thailand,4.3M,152.9K,5.6K,,12/18/2022
957,0214mex,はじめしゃちょー（hajime）,Music & Dance,10.4M,Japan,592.2K,18.5K,1.1K,Humor,12/26/2022
958,VYRLOriginals,VYRLOriginals,Music & Dance,10.4M,India,7.3M,34K,3.3K,,12/22/2022
959,PrimeVideoIN,Prime Video India,Movies,10.4M,India,77.3K,387,25,Animation,12/30/2022
960,HeeraGoldOfficial,Heera Gold,Daily vlogs,10.3M,Pakistan,18.9K,791,94,,12/29/2022
961,cleanbandit,Clean Bandit,Music & Dance,10.3M,United States,76.5K,3.5K,147,,12/9/2022
962,Survival Builder,Survival Builder,,10.3M,United States,49.9K,1.5K,112,,12/17/2022
963,Hindi Countdown,Hindi Countdown,Education,10.3M,India,1.8M,35.8K,811,,12/14/2022
964,Sanam,Sanam,Music & Dance,10.3M,India,58.7K,6.3K,293,Movies,12/1/2022
965,Salman Noman,Salman Noman,,10.3M,India,0,0,0,,12/2/2022
966,TopMovieClips,TopMovieClips,Movies,10.3M,United States,124.5K,2.1K,140,Animation,12/11/2022
967,SiaVEVO,SiaVEVO,Music & Dance,10.3M,United States,58.4K,3.7K,405,,12/11/2022
968,Islam Populer,Islam Populer,Education,10.3M,Indonesia,25.9K,854,63,,12/9/2022
969,topperguild,Topper Guild,Animation,10.3M,United States,288.9K,5.9K,680,Humor,12/25/2022
970,AnandAudio,Anand Audio,,10.3M,India,175.5K,2.2K,109,,12/9/2022
971,Wylsacom,Wylsacom,Science & Technology,10.3M,Russia,291.7K,13K,950,News & Politics,12/21/2022
972,SONU SHARMA,SONU SHARMA,Education,10.3M,India,483.2K,28.7K,1K,,12/9/2022
973,nikhirschi,Supercar Blondie,Animation,10.3M,United States,232.7K,6.8K,654,,12/20/2022
974,JessicaJulioeBaby,Laurinha e Helena - Clubinho da Laura,Movies,10.3M,Brazil,83.5K,1.4K,0,Animation,12/26/2022
975,T-STUDIO,T-STUDIO,,10.3M,Indonesia,8.1K,1K,0,,12/25/2022
976,ThePersica,Orkun Işıtmak,Animation,10.3M,Turkey,2.1M,83.7K,2.7K,,12/11/2022
977,123 GO! Hindi,123 GO! Hindi,,10.2M,India,234.1K,1.7K,20,,12/3/2022
978,DalasReview,Dalas Review,Science & Technology,10.2M,Mexico,305.7K,30.9K,4.6K,,12/8/2022
979,nhstudioz,NH Studioz,,10.2M,India,10.6K,71,2,,12/25/2022
980,NFL,NFL,Sports,10.2M,United States,24.5K,635,78,,12/25/2022
981,ChuChuTV Español,ChuChuTV Español,Toys,10.2M,,51.4K,358,0,,12/30/2022
982,Sơn Tùng M-TP Official,Sơn Tùng M-TP Official,Music & Dance,10.2M,United States,100.9K,7.7K,108,Animation,12/1/2022
983,htv2channel,Vie Channel - HTV2,Music & Dance,10.2M,United States,40.2K,475,58,,12/9/2022
984,Luan Palomera,Luan Palomera,,10.2M,Mexico,118.5K,7.1K,369,,12/14/2022
985,Roshan Zindagi,Roshan Zindagi,Education,10.2M,India,21.2K,652,15,,12/19/2022
986,Eagle Home Entertainments,Eagle Home Entertainments,,10.2M,India,724,3,0,,12/7/2022
987,مصطفى GAME OVER,مصطفى GAME OVER,,10.1M,Iraq,564.4K,64.5K,2.7K,,12/12/2022
988,GadgetIn,GadgetIn,,10.1M,Indonesia,1.2M,28.2K,3.5K,,12/21/2022
989,RUOK,RUOK,,10.1M,Brazil,215.4K,25.2K,1.3K,,12/21/2022
990,Sabkuchhsikhojano,Sab Kuchh Sekho Jano,News & Politics,10.1M,India,11.8K,1.2K,72,,12/2/2022
991,Harpreet SDC,Harpreet SDC,,10.1M,India,36.1K,1.3K,49,,12/24/2022
992,FoxNewsChannel,Fox News,News & Politics,10.1M,United States,98.4K,4K,884,,12/6/2022
993,Santa Fe Klan Official,Santa Fe Klan Official,Music & Dance,10.1M,Mexico,0,0,0,,12/2/2022
994,Boram Tube Show,Boram Tube Show,Daily vlogs,10.1M,,14.8K,95,0,,12/15/2022
995,Diana and Roma PRT,Diana and Roma PRT,,10.1M,,403.6K,1.3K,0,,12/6/2022
996,SULE PRODUCTIONS,SULE PRODUCTIONS,,10.1M,Indonesia,101.5K,2.5K,292,,12/2/2022
997,Dynamo Gaming,Dynamo Gaming,,10.1M,India,112.4K,17.8K,677,,12/20/2022
998,one_Iraqi_Diary,يوميات واحد عراقي | One Iraqi Diary,,10.1M,Iraq,2.9M,245.5K,17.2K,,12/30/2022
999,ClassicMrBean,Classic Mr Bean,,10.1M,India,48.3K,624,23,,12/5/2022
1000,Anupam Movie Songs,Anupam Movie Songs,Music & Dance,10.1M,Bangladesh,41.2K,315,18,,12/23/2022
970,AnandAudio,Anand Audio,,10.3M,India,175.5K,2.2K,109,,12/2/2022
971,Wylsacom,Wylsacom,Science & Technology,10.3M,Russia,291.7K,13K,950,News & Politics,12/11/2022
986,Eagle Home Entertainments,Eagle Home Entertainments,,10.2M,India,724,3,0,,12/17/2022
