S.No,Youtube_channel,Youtuber_name,Category,Subscribers,Country,Average_view,Average_likes,Average_comments,Sub-category,Date
1,T-Series,tseries,Music & Dance,224.4M,India,141.5K,4.6K,125,Other,September-2022
2,Cocomelon - Nursery Rhymes,checkgate,Education,142.5M,Unknown,12.5M,64.8K,0,Other,September-2022
3,PewDiePie,PewDiePie,Animation,111.6M,United States,1.9M,130.5K,7.4K,Other,September-2022
4,MrBeast,MrBeast6000,Video games,104.1M,United States,44.8M,2.2M,70.9K,Humor,September-2022
5,✿ Kids Diana Show,✿ Kids Diana Show,Animation,100.5M,Unknown,6.9M,34.8K,0,Toys,September-2022
6,Like Nastya,Like Nastya,Toys,100.4M,Unknown,5.3M,28.1K,0,Other,September-2022
7,WWE,WWEFanNation,Video games,90.8M,United States,139.5K,4.8K,205,Other,September-2022
8,Zee Music Company,zeemusiccompany,Music & Dance,87.7M,India,103.7K,1.4K,54,Other,September-2022
9,Vlad and Niki,Vlad and Niki,Animation,86.1M,Unknown,5.3M,14.4K,0,Toys,September-2022
10,BLACKPINK,BLACKPINK,Music & Dance,80.3M,United States,10.4M,1.4M,42K,Other,September-2022
11,5-Minute Crafts,5-Minute Crafts,Other,77.3M,India,214.1K,1.8K,77,Other,September-2022
12,Goldmines,GoldminesTelefilms,Other,75.7M,India,141.9K,2.1K,56,Other,September-2022
13,Sony SAB,sabtv,Movies,71.7M,India,61.7K,924,18,Animation,September-2022
14,BANGTANTV,BANGTANTV,Music & Dance,70.6M,India,3.9M,743.3K,15.8K,Other,September-2022
15,HYBE LABELS,ibighit,Music & Dance,68.2M,United States,1M,173.1K,4.5K,Other,September-2022
16,Canal KondZilla,CanalKondZilla,Music & Dance,66M,Brazil,37.4K,1.7K,109,Other,September-2022
17,Zee TV,zeetv,Other,63.4M,India,109.4K,1.1K,15,Other,September-2022
18,Shemaroo Filmi Gaane,filmigaane,Music & Dance,61.8M,India,30.4K,273,14,Other,September-2022
19,Pinkfong Baby Shark - Kids' Songs & Stories,SmartBooksMedia,Animation,60M,Unknown,523.2K,1.3K,0,Toys,September-2022
20,ChuChu TV Nursery Rhymes & Kids Songs,ChuChu TV Nursery Rhymes & Kids Songs,Toys,58.4M,Unknown,758.8K,3.6K,0,Other,September-2022
21,Dude Perfect,corycotton,Video games,58.3M,United States,6.4M,206.7K,7.9K,Other,September-2022
22,Movieclips,movieclips,Movies,57.8M,United States,18.8K,181,11,Animation,September-2022
23,Colors TV,colorstv,Other,56M,India,19.3K,407,5,Other,September-2022
24,Marshmello,Marshmello,Music & Dance,55.9M,United States,197.9K,13.2K,729,Other,September-2022
25,Wave Music,BHOJPURIWAVE,Music & Dance,53.9M,Unknown,56.6K,857,94,Other,September-2022
26,Tips Official,tipsmusic,Music & Dance,53.5M,India,233.3K,2.8K,60,Other,September-2022
27,Aaj Tak,aajtaktv,News & Politics,53.4M,India,7.5K,138,11,Other,September-2022
28,EminemMusic,EminemMusic,Movies,53.3M,United States,1.6M,90.6K,5.3K,Animation,September-2022
29,T-Series Bhakti Sagar,tseriesbhakti,Music & Dance,53.3M,India,45.6K,1.3K,53,Other,September-2022
30,Sony Music India,sonymusicindiaSME,Music & Dance,53M,India,451.4K,15.9K,1.1K,Other,September-2022
31,Ed Sheeran,EdSheeran,Music & Dance,52.4M,United States,239.1K,20.9K,1.1K,Other,September-2022
32,El Reino Infantil,ReinoMariaElenaWalsh,Music & Dance,52.3M,Unknown,234.6K,894,0,Other,September-2022
33,LooLoo Kids - Nursery Rhymes and Children's Songs,LooLooKids,Music & Dance,50.2M,United States,1.1M,5.7K,0,Other,September-2022
34,YRF,yrf,Music & Dance,48.2M,India,67.2K,3.4K,19,Movies,September-2022
35,BillionSurpriseToys - English Kids Songs & Cartoon,BillionSurpriseToys - English Kids Songs & Cartoon,Toys,47.3M,Unknown,399.9K,0,0,Other,September-2022
36,Infobells - Hindi,infobellshindirhymes,Education,46.4M,India,967K,4.8K,0,Other,September-2022
37,JuegaGerman,JuegaGerman,Movies,46.4M,Mexico,1.7M,114.4K,3.9K,Animation,September-2022
38,Badabun,Badabun,Other,45.8M,Mexico,9.4K,447,8,Other,September-2022
39,Fernanfloo,Fernanfloo,Animation,45.2M,Mexico,3.3M,0,26.6K,Video games,September-2022
40,Felipe Neto,felipeneto,Other,44.4M,Brazil,1M,124.5K,1.3K,Other,September-2022
41,BRIGHT SIDE,BRIGHT SIDE,Animation,44M,United States,51.3K,1.4K,116,Other,September-2022
42,whinderssonnunes,whinderssonnunes,Music & Dance,44M,Brazil,350.9K,58.8K,1.6K,Animation,September-2022
43,Você Sabia?,vcsabiavideos,Other,43.5M,Brazil,488.2K,46.4K,228,Other,September-2022
44,Bad Bunny,Bad Bunny,Music & Dance,43.3M,Mexico,41.3M,1.4M,62K,Movies,September-2022
45,SonyMusicIndiaVEVO,sonymusicindiaVEVO,Music & Dance,43.2M,India,76.8K,2.4K,93,Other,September-2022
46,Get Movies,getmovies,Other,41.9M,Unknown,60.4K,375,0,Other,September-2022
47,A4,A4,Animation,41.7M,Russia,10M,483.6K,30.4K,Humor,September-2022
48,Like Nastya Show,Like Nastya Show,Animation,41.6M,Unknown,121.6K,786,0,Toys,September-2022
49,Speed Records,speedrecordss,Music & Dance,41.1M,India,47.5K,1.5K,76,Other,September-2022
50,ABS-CBN Entertainment,ABSCBNOnline,Other,41M,Philippines,1.2K,19,0,Other,September-2022
51,Shemaroo,ShemarooEnt,Other,40.6M,India,8.9K,65,4,Other,September-2022
52,elrubiusOMG,elrubiusOMG,Animation,40.5M,Spain,0,0,0,Video games,September-2022
53,Little Baby Bum - Nursery Rhymes & Kids Songs,LittleBabyBum,Animation,39.8M,Unknown,218.6K,532,0,Toys,September-2022
54,Voot Kids,Voot Kids,Movies,39.4M,Unknown,1.5M,11.8K,0,Animation,September-2022
55,Luisito Comunica,LuisitoComunicaa,Other,39.4M,Mexico,4M,124.2K,3.9K,Other,September-2022
56,Маша и Медведь,MashaMedvedTV,Education,38.9M,Unknown,1.5M,7.8K,0,Other,September-2022
57,TheEllenShow,TheEllenShow,Other,38.3M,United States,16.1K,411,40,Other,September-2022
58,Ishtar Music,venus,Music & Dance,38.1M,India,54.5K,1.3K,17,Other,September-2022
59,LUCCAS NETO - LUCCAS TOON,luccasneto,Movies,37.9M,Brazil,923.8K,16.4K,0,Animation,September-2022
60,GR6 EXPLODE,gr6explode,Music & Dance,37.9M,Brazil,75.2K,4.8K,133,Other,September-2022
61,Kimberly Loaiza,Kimberly Loaiza,Daily vlogs,37.5M,Mexico,2M,389.7K,4.1K,Other,September-2022
62,Shakira,shakira,Other,37.5M,United States,2.1M,0,2.4K,Other,September-2022
63,WorkpointOfficial,WorkpointOfficial,Other,37.3M,Thailand,10.6K,168,5,Other,September-2022
64,Daddy Yankee,DaddyYankeeOFFTV,Music & Dance,36.9M,Colombia,0,0,0,Other,September-2022
65,Toys and Colors,Toys and Colors,Movies,36.9M,Unknown,2.7M,4.5K,0,Toys,September-2022
66,CarryMinati,AddictedA1,Movies,36.7M,India,24.7M,4.4M,170.9K,Humor,September-2022
67,TEDx Talks,TEDxTalks,Other,36.2M,United States,205,4,0,Other,September-2022
68,shfa2 - شفا,shfa2 - شفا,Daily vlogs,36.1M,Unknown,326K,3.2K,0,Other,September-2022
69,shfa,shfa,Daily vlogs,36.1M,France,3.7M,52.9K,0,Other,September-2022
70,Jkk Entertainment,Jkk Entertainment,Other,36M,India,3.9M,32.6K,450,Other,September-2022
71,Masha and The Bear,Masha and The Bear,Animation,35.7M,Unknown,1.8M,7.6K,0,Toys,September-2022
72,Super Simple Songs - Kids Songs,SuperSimpleSongs,Music & Dance,35.6M,Unknown,1.8M,3.8K,0,Other,September-2022
73,Ozuna,Ozuna,Music & Dance,35.3M,United States,27.3M,116.7K,4.1K,Other,September-2022
74,Goldmines Gaane Sune Ansune,Goldmines Gaane Sune Ansune,Music & Dance,34.8M,India,33.1K,271,14,Other,September-2022
75,one31,gmmonetv,Other,34.6M,Thailand,6.6K,127,2,Other,September-2022
76,Mikecrack,Mikecrack,Movies,34.5M,Mexico,2.8M,334.8K,6.1K,Animation,September-2022
77,Like Nastya ESP,Like Nastya ESP,Other,34.1M,Unknown,372.4K,1.2K,0,Other,September-2022
78,Maria Clara & JP,Maria Clara & JP,Other,33.6M,Unknown,5.9M,40K,0,Other,September-2022
79,YouTube,YouTube,Other,33.6M,United States,258.8K,0,0,Other,September-2022
80,Markiplier,markiplierGAME,Animation,33.6M,United States,2.6M,145.9K,5.8K,Video games,September-2022
81,VEGETTA777,vegetta777,Video games,33.6M,Mexico,766.5K,57.4K,416,Other,September-2022
82,Total Gaming,Total Gaming,Other,33.5M,India,1.2M,127.4K,6.3K,Other,September-2022
83,ARY Digital HD,ARY Digital HD,Other,33.5M,Pakistan,10.4K,121,6,Other,September-2022
84,ABP NEWS,abpnewstv,News & Politics,33.5M,India,3.5K,43,4,Other,September-2022
85,Desi Music Factory,Desi Music Factory,Music & Dance,33.2M,India,3.2M,4.4K,2.5K,Other,September-2022
86,Ultra Bollywood,UltraHindi,Other,33.1M,India,24.9K,217,9,Other,September-2022
87,Sony PAL,sonypalindia,Other,33.1M,India,9.1K,104,8,Other,September-2022
88,Geet MP3,Geet MP3,Music & Dance,33.1M,India,341.8K,22.8K,1.2K,Other,September-2022
89,NoCopyrightSounds,NoCopyrightSounds,Music & Dance,32.9M,United States,362.5K,15.6K,1.2K,Other,September-2022
90,Ryan's World,Ryan's World,Animation,32.9M,Unknown,826.9K,4.1K,0,Toys,September-2022
91,HAR PAL GEO,harpalgeo,Other,32.8M,Pakistan,5K,44,2,Other,September-2022
92,SSSniperWolf,SSSniperWolf,Humor,32.7M,United States,3.9M,107.2K,6.9K,Other,September-2022
93,T-Series Apna Punjab,tseriesapnapunjab,Music & Dance,32.6M,India,30K,1.6K,31,Other,September-2022
94,IndiaTV,IndiaTV,News & Politics,32.4M,India,8.6K,134,12,Other,September-2022
95,KHANDESHI MOVIES,KHANDESHI MOVIES,Other,32.3M,India,4.5M,36.7K,579,Other,September-2022
96,La Granja de Zenón,cancionesdelagranja,Music & Dance,31.8M,Unknown,668.2K,2.9K,0,Animation,September-2022
97,GENIAL,GENIAL,Animation,31.5M,Mexico,51.5K,1.8K,68,Other,September-2022
98,Eros Now Music,erosentertainment,Other,31.2M,India,20.5K,552,22,Other,September-2022
99,Galinha Pintadinha,juptube,Music & Dance,31.1M,Unknown,21.7M,64.9K,0,Other,September-2022
100,Bollywood Classics,tseriesoldisgold,Music & Dance,31M,India,30.7K,547,28,Other,September-2022
101,Luis Fonsi,Luis Fonsi,Other,31M,United States,34.8K,3.1K,69,Other,September-2022
102,SMTOWN,SMTOWN,Music & Dance,31M,United States,326K,51.4K,1.6K,Other,September-2022
103,Selena Gomez,SelGomez,Other,30.9M,United States,347.9K,38.6K,796,Other,September-2022
104,Mr Bean,MrBean,Other,30.8M,India,191.1K,2.7K,80,Other,September-2022
105,Rajshri,rajshri,Other,30.6M,India,18.5K,145,8,Other,September-2022
106,Ricis Official,Ricis Official,Music & Dance,30.6M,Indonesia,621.6K,27.3K,789,Movies,September-2022
107,Trap Nation,AllTrapNation,Music & Dance,30.4M,United States,74.9K,2.6K,96,Other,September-2022
108,DisneyMusicVEVO,DisneyMusicVEVO,Music & Dance,30.3M,United States,295.2K,6.1K,393,Movies,September-2022
109,The Tonight Show Starring Jimmy Fallon,latenight,Movies,30.2M,United States,166.5K,5.6K,171,Humor,September-2022
110,Saregama Music,SongsOfIndianCinema,Music & Dance,30.1M,India,26.6K,967,11,Other,September-2022
111,AH,AH,Music & Dance,30M,Indonesia,831.5K,37.3K,2.6K,Movies,September-2022
112,Spinnin' Records,SpinninRec,Music & Dance,29.8M,United States,56K,2.6K,74,Other,September-2022
113,rezendeevil,rezendeevil,Movies,29.6M,Brazil,293.4K,28.5K,742,Humor,September-2022
114,BabyBus - Kids Songs and Cartoons,BabyBus - Kids Songs and Cartoons,Animation,29.6M,Unknown,792.6K,4.5K,0,Toys,September-2022
115,The Weeknd,xoxxxoooxo,Music & Dance,29.5M,United States,652.5K,50.1K,2.4K,Other,September-2022
116,Jingle Toons,Jingle Toons,Other,29.1M,India,82.5K,830,10,Other,September-2022
117,PowerKids TV,PowerKids,Movies,29.1M,India,83.5K,0,0,Animation,September-2022
118,Worldwide Records Bhojpuri,WWRBhojpuri,Music & Dance,29M,India,85.5K,2.3K,103,Other,September-2022
119,ImagineDragons,ImagineDragons,Music & Dance,28.8M,United States,133.5K,13.7K,151,Other,September-2022
120,Vlad và Nikita,Vlad và Nikita,Movies,28.8M,Unknown,3.3M,24.6K,0,Humor,September-2022
121,MrBeast Gaming,MrBeast Gaming,Animation,28.8M,United States,8.8M,419.9K,16.5K,Video games,September-2022
122,Ultra Music,UltraRecords,Music & Dance,28.8M,United States,22.8K,824,41,Other,September-2022
123,jacksepticeye,jacksepticeye,Video games,28.8M,United States,2.3M,125.6K,6.2K,Other,September-2022
124,Maluma,Maluma,Music & Dance,28.8M,Colombia,45.6K,2.6K,202,Other,September-2022
125,Techno Gamerz,Techno Gamerz,Other,28.6M,India,4M,319.5K,15.4K,Other,September-2022
126,Peppa Pig - Official Channel,theofficialpeppa,Toys,28.5M,Unknown,886.3K,4.2K,0,Other,September-2022
127,Wow Kidz,Wow Kidz,Animation,28.3M,Unknown,57.7K,643,0,Humor,September-2022
128,قناة طيور الجنة | toyoraljanahtv,toyoraljanahtv,Music & Dance,28.3M,Unknown,252.3K,0,0,Other,September-2022
129,DONA 도나,DONA 도나,Other,28.2M,United States,0,0,0,Other,September-2022
130,Talking Tom,TalkingTomCat,Other,28.1M,United States,769.9K,839,0,Other,September-2022
131,Little Angel: Nursery Rhymes & Kids Songs,Little Angel: Nursery Rhymes & Kids Songs,Toys,28M,Unknown,1.3M,7.4K,0,Other,September-2022
132,KAROL G,Karolgmusic,Music & Dance,28M,Colombia,51.8M,1.7M,96.2K,Other,September-2022
133,The Late Late Show with James Corden,TheLateLateShow,Animation,28M,United States,86.7K,2.3K,130,Humor,September-2022
134,GMANetwork,GMANETWORK,Other,27.9M,Philippines,3.2K,78,2,Other,September-2022
135,MR. INDIAN HACKER,MR. INDIAN HACKER,Other,27.4M,India,5.6M,451.9K,18.5K,Other,September-2022
136,TheDonato,TheDonato,Other,27.3M,Mexico,380.6K,34.2K,678,Other,September-2022
137,Zee News,zeenews,News & Politics,27.2M,India,10.8K,202,14,Other,September-2022
138,infobells - Tamil,infobellstamil,Education,27.2M,Unknown,375.2K,1.8K,0,Other,September-2022
139,Genevieve's Playhouse - Learning Videos for Kids,Genevieve's Playhouse - Learning Videos for Kids,Toys,27.1M,Unknown,1.3M,1.2K,0,Other,September-2022
140,Diana and Roma ESP,Diana and Roma ESP,Animation,26.7M,Unknown,728.9K,3.9K,0,Other,September-2022
141,ToypuddingTV,toypudding,Other,26.6M,India,5.3K,32,1,Other,September-2022
142,व्लाद और निकिता,व्लाद और निकिता,Other,26.6M,Unknown,460K,3.9K,0,Other,September-2022
143,Bounce Patrol - Kids Songs,Bounce Patrol - Kids Songs,Music & Dance,26.6M,Unknown,1M,5.9K,0,Other,September-2022
144,Aditya Music,adityamusic,Music & Dance,26.5M,India,16.8K,359,17,Other,September-2022
145,infobells - Telugu,infobellstelugu,Education,26.4M,Unknown,305.9K,1.4K,0,Other,September-2022
146,enchufetv,enchufetv,Other,26.4M,Ecuador,178.2K,14.4K,71,Other,September-2022
147,DanTDM,TheDiamondMinecart,Video games,26.3M,United States,1.6M,48.4K,5.1K,Other,September-2022
148,WORLDSTARHIPHOP,WorldStarHipHopTV,Music & Dance,26.1M,United States,34.6K,1.1K,86,Other,September-2022
149,toycantando,toycantando,Music & Dance,25.9M,Unknown,99.7K,481,0,Animation,September-2022
150,VanossGaming,VanossGaming,Animation,25.8M,United States,1M,45.6K,647,Video games,September-2022
151,1MILLION Dance Studio,1MILLION Dance Studio,Other,25.7M,India,48.6K,2.5K,36,Other,September-2022
152,Renato Garcia,xSkyHeLLxx,Movies,25.7M,Brazil,1.1M,97.9K,1.5K,Animation,September-2022
153,LosPolinesios,LosPolinesios,Music & Dance,25.7M,Mexico,1.7M,62K,2.2K,Movies,September-2022
154,JYP Entertainment,jypentertainment,Music & Dance,25.5M,United States,219.8K,24.1K,1.3K,Other,September-2022
155,BB Ki Vines,BB Ki Vines,Movies,25.5M,India,6.7M,870.8K,73.3K,Humor,September-2022
156,Lucas and Marcus,TwiNboTzVids,Animation,25.5M,United States,1M,25.7K,1.2K,Humor,September-2022
157,Nick Jr.,nickelodeonjuniorfr,Animation,25.4M,Unknown,76.3K,241,0,Toys,September-2022
158,Smosh,smosh,Movies,25.1M,United States,213.1K,12.6K,437,Humor,September-2022
159,Beyoncé,beyonce,Music & Dance,25.1M,United States,5.3M,221.4K,12.5K,Other,September-2022
160,Jess No Limit,Jess No Limit,Movies,24.9M,Indonesia,319.9K,11.7K,897,Animation,September-2022
161,Goldmines Dishoom,Goldmines Dishoom,Other,24.8M,Unknown,28.3K,327,0,Other,September-2022
162,WatchMojo.com,WatchMojo,Movies,24.7M,United States,92.3K,2.5K,310,Other,September-2022
163,Nicki Minaj,NickiMinajTelevision,Music & Dance,24.7M,United States,350.5K,32.7K,2.4K,Other,September-2022
164,Sandeep Maheshwari,Sandeep Maheshwari,Daily vlogs,24.7M,India,257.1K,28K,172,Other,September-2022
165,Masha y el Oso,Masha y el Oso,Animation,24.5M,Unknown,562.9K,3.5K,0,Other,September-2022
166,Netflix,NewOnNetflix,Movies,24.5M,United States,198.9K,3.4K,321,Animation,September-2022
167,Raffy Tulfo in Action,Raffy Tulfo in Action,News & Politics,24.5M,Philippines,680.2K,10.5K,1K,Other,September-2022
168,David Guetta,davidguettavevo,Music & Dance,24.5M,Brazil,178.2K,6.5K,369,Other,September-2022
169,Post Malone,postmalone,Music & Dance,24.5M,United States,138.2K,9.8K,573,Other,September-2022
170,ZHC,ZHC,Design/art,24.5M,United States,0,0,0,DIY & Life Hacks,September-2022
171,1theK (원더케이),LOENENT,Other,24.3M,Indonesia,12.3K,1.1K,49,Other,September-2022
172,Rans Entertainment,Rans Entertainment,Music & Dance,24.2M,Indonesia,894.4K,29.7K,737,Humor,September-2022
173,Amit Bhadana,Amit Bhadana,Humor,24.2M,India,0,0,0,Other,September-2022
174,Chloe Ting,Chloe Ting,Fitness,24.1M,United States,183.6K,10.7K,374,Health & Self Help,September-2022
175,Aditya Movies,adityacinema,Other,24.1M,India,22.4K,496,17,Other,September-2022
176,KSI,KSIOlajidebt,Music & Dance,24.1M,United Kingdom,453.8K,51.7K,1.8K,Other,September-2022
177,James Charles,James Charles,Beauty,23.9M,United States,1.1M,65.3K,1.4K,Fashion,September-2022
178,Ninja,NinjasHyper,Animation,23.9M,United States,251.4K,11.3K,613,Video games,September-2022
179,Diana and Roma HIN,Diana and Roma HIN,Other,23.7M,Unknown,328K,1.7K,0,Other,September-2022
180,Chris Brown,ChrisBrownTV,Music & Dance,23.7M,United States,9.8M,361.3K,19.3K,Other,September-2022
181,Coldplay,ColdplayVEVO,Music & Dance,23.6M,United States,329.5K,13.7K,600,Other,September-2022
182,Logan Paul,Logan Paul,Video games,23.6M,United States,0,0,0,Humor,September-2022
183,TRANS7 OFFICIAL,TRANS7indonesia,Food & Drinks,23.5M,Indonesia,6.6K,89,8,Other,September-2022
184,ABPLIVE,ABPLIVE,News & Politics,23.5M,India,2.5K,28,3,Other,September-2022
185,Happy Lives,Happy Lives,Other,23.5M,Unknown,30.8K,218,0,Other,September-2022
186,Shemaroo Movies,shemaroomovies,Other,23.4M,India,45K,474,12,Other,September-2022
187,Troom Troom,Troom Troom,Animation,23.4M,Unknown,367.1K,3.5K,128,Toys,September-2022
188,NickyJamTV,NickyJamTV,Music & Dance,23.3M,Colombia,26.8K,2.3K,65,Movies,September-2022
189,Mister Max,Mister Max,DIY & Life Hacks,23.1M,Russia,1.8M,34.8K,1.3K,Other,September-2022
190,Enrique Iglesias,EnriqueIglesiasPlay,Music & Dance,23M,United States,29K,2.8K,155,Other,September-2022
191,Sesame Street,SesameStreet,Other,23M,Unknown,199.3K,517,0,Other,September-2022
192,Tina Pontes,mildicasdemulher,Other,23M,Brazil,105.3K,4K,0,Other,September-2022
193,netd müzik,netdmuzikk,Music & Dance,22.9M,Turkey,9.3K,244,50,Other,September-2022
194,Jelly,JellyYT,Video games,22.9M,United States,224.1K,10.3K,531,Other,September-2022
195,Goldmines Bollywood,Goldmines Bollywood,Other,22.9M,India,20.2K,117,7,Other,September-2022
196,Crazy XYZ,Crazy XYZ,Other,22.9M,India,3.7M,294.1K,10.2K,Other,September-2022
197,Anuel AA,Anuel AA,Music & Dance,22.7M,Colombia,44.4M,832.6K,58.2K,Animation,September-2022
198,DrossRotzank,DrossRotzank,Other,22.7M,Mexico,2.2M,150.2K,8.4K,Other,September-2022
199,The Lallantop,The Lallantop,News & Politics,22.6M,India,36.9K,1K,107,Other,September-2022
200,Miss Katy,Miss Katy,Video games,22.5M,Russia,1M,15.6K,667,Other,September-2022
201,Frost Diamond,Frost Diamond,Music & Dance,22.5M,Indonesia,488.9K,35.1K,1.2K,Video games,September-2022
202,HUM TV,HumNetwork,Other,22.5M,Pakistan,1.6K,10,0,Other,September-2022
203,Like Nastya AE,Like Nastya AE,Other,22.4M,Unknown,456.2K,3K,0,Other,September-2022
204,WB Kids,WB Kids,Movies,22.4M,Unknown,92.6K,559,0,Animation,September-2022
205,The Chainsmokers,THECHAINSMOKERS,Humor,22.3M,United States,34.8K,1.7K,47,Other,September-2022
206,Technical Guruji,Technical Guruji,Other,22.3M,India,178.4K,10.5K,1.2K,Other,September-2022
207,GMM GRAMMY OFFICIAL,gmmgrammyofficial,Music & Dance,22.3M,Thailand,3.8K,72,3,Other,September-2022
208,Venus Movies,VenusMovies,Other,22.2M,India,143.6K,1.2K,29,Other,September-2022
209,Smile Family,Smile Family,Movies,22.1M,Unknown,78.4K,719,0,Toys,September-2022
210,mmoshaya,mmoshaya,Other,22.1M,Saudi Arabia,2M,33.1K,2.2K,Other,September-2022
211,America's Got Talent,AmericasGotTalent,Music & Dance,21.9M,United States,263.3K,4.2K,246,Movies,September-2022
212,White Hill Music,WHBBP,Music & Dance,21.9M,India,22.7K,1.7K,54,Other,September-2022
213,Paulo Londra,Paulo Londra,Music & Dance,21.9M,Argentina,12.5M,682.9K,24.7K,Other,September-2022
214,Diana and Roma ARA,Diana and Roma ARA,Other,21.9M,Unknown,1.2M,8.2K,0,Other,September-2022
215,TED,TEDtalksDirector,Other,21.9M,United States,47.5K,1.3K,162,Other,September-2022
216,Goldmines Movies,goldmineshindi,Other,21.7M,India,9K,81,5,Other,September-2022
217,FaZe Rug,oRugrat,Video games,21.7M,United States,4.1M,106.2K,7.3K,Humor,September-2022
218,Peppa Pig Español Latino - Canal Oficial,PeppaLatinoAmericano,Toys,21.6M,Unknown,624.9K,3.2K,0,Other,September-2022
219,Pen Movies,PenIndiaPvtLimited,Movies,21.6M,India,56K,2.5K,79,Animation,September-2022
220,Enaldinho,TheEnaldinhO,Movies,21.6M,Brazil,816.1K,43.8K,656,Other,September-2022
221,BabyBus - Canciones Infantiles & Cuentos,BabyBus - Canciones Infantiles & Cuentos,Movies,21.4M,Unknown,478.2K,2.3K,0,Animation,September-2022
222,MrBeast en Español,MrBeast en Español,Other,21.2M,Mexico,7.1M,265.6K,10.1K,Other,September-2022
223,Like Nastya PRT,Like Nastya PRT,Other,21.2M,Unknown,365.6K,2.2K,0,Other,September-2022
224,Juan De Dios Pantoja,Juan De Dios Pantoja,Daily vlogs,21.2M,Mexico,4.6M,237.3K,4.4K,Other,September-2022
225,SSundee,SSundee,Video games,21.1M,United States,1.7M,95.1K,3.7K,Other,September-2022
226,Brent Rivera,Brent Rivera,Video games,21.1M,United States,5M,201.9K,13.1K,Humor,September-2022
227,Tasty,Tasty,Food & Drinks,21.1M,United States,112.8K,4.3K,64,Other,September-2022
228,FGTeeV,FGTeeV,Animation,21.1M,United States,1.3M,18.5K,2K,Video games,September-2022
229,Preston,PrestonPlayz,Animation,21M,United States,1.4M,53.2K,521,Video games,September-2022
230,Charlie Puth,CharliesVlogs,Music & Dance,21M,United States,615.3K,59.8K,2.2K,Other,September-2022
231,5-Minute Crafts DIY,5-Minute Crafts DIY,Music & Dance,20.9M,India,18.3K,303,9,Humor,September-2022
232,D Billions,D Billions,Other,20.9M,Unknown,1M,1.2K,0,Other,September-2022
233,Baim Paula,Baim Paula,Music & Dance,20.9M,Indonesia,642.4K,27.1K,2.1K,Movies,September-2022
234,Goldmines Cineplex,Goldmines Cineplex,Other,20.8M,India,6.4K,84,3,Other,September-2022
235,Canal Canalha,CanalCanalha,Sports,20.7M,Brazil,1.2M,146.9K,4.1K,Other,September-2022
236,Kids TV - Nursery Rhymes And Baby Songs,Kids TV - Nursery Rhymes And Baby Songs,Toys,20.7M,Unknown,122.4K,379,0,Other,September-2022
237,National Geographic,NationalGeographic,Other,20.5M,United States,40.3K,1.6K,57,Other,September-2022
238,Disney Latinoamérica,DisneyChannelLA,Other,20.5M,Unknown,22.1K,129,0,Other,September-2022
239,Brave Wilderness,Brave Wilderness,Other,20.5M,United States,1.6M,32.2K,3.1K,Other,September-2022
240,Family GamesTV,Family GamesTV,Other,20.5M,Unknown,9.6K,0,0,Other,September-2022
241,StarPlus,starplus,Other,20.5M,India,260.9K,5.6K,69,Other,September-2022
242,Ultra Movie Parlour,UltraMovieParlour,Other,20.3M,India,40.7K,910,15,Other,September-2022
243,BuzzFeedVideo,BuzzFeedVideo,Food & Drinks,20.3M,United States,33.1K,824,23,Other,September-2022
244,AuthenticGames,AuthenticGames,Movies,20.2M,Brazil,26.4K,2K,114,Video games,September-2022
245,Rotana,RotanaAudio,Music & Dance,20.1M,Saudi Arabia,153.8K,7.2K,172,Other,September-2022
246,LazarBeam,LazarBeam,Animation,20.1M,United States,0,0,0,Video games,September-2022
247,shfa show India,shfa show India,Daily vlogs,20.1M,Unknown,1.2M,9.4K,0,Other,September-2022
248,SlivkiShow,SlivkiChanel,Video games,20.1M,Russia,2.8M,195.9K,21.9K,Other,September-2022
249,5-Minute Crafts PLAY,5-Minute Crafts PLAY,Other,20.1M,India,79.7K,297,14,Other,September-2022
250,REACT,TheFineBros,Humor,20.1M,United States,137.5K,5.4K,400,Other,September-2022
251,Vevo,VEVO,Music & Dance,20.1M,United States,11.5K,415,5,Other,September-2022
252,HaerteTest,HaerteTest,Other,20M,India,23.4K,151,32,Other,September-2022
253,LankyBox,LankyBox,Video games,20M,United States,438K,6.6K,360,Other,September-2022
254,Lyrical Lemonade,GooodLifeFilms,Other,19.9M,United States,2.9M,60.2K,2.9K,Other,September-2022
255,Tlnovelas,TelenovelaTelevisa,Other,19.9M,Mexico,11.8K,282,8,Other,September-2022
256,Mnet K-POP,Mnet,Music & Dance,19.9M,United States,9.5K,900,33,Animation,September-2022
257,Pencilmation,rossbollinger,Animation,19.9M,United States,172.9K,2.5K,76,Humor,September-2022
258,Totoy kids - Português,Totoy kids - Português,Animation,19.9M,Unknown,872.4K,4.6K,0,Other,September-2022
259,Vlad and Niki Arabic,Vlad and Niki Arabic,Other,19.9M,Unknown,975.3K,6.5K,0,Other,September-2022
260,toyorbabytv,toyorbabytv,Music & Dance,19.8M,Unknown,157.3K,0,0,Other,September-2022
261,Pentatonix,PTXofficial,Music & Dance,19.7M,United States,120.3K,5.7K,103,Other,September-2022
262,Dr. Vivek Bindra: Motivational Speaker,MrVivekBindra,Education,19.7M,India,172.9K,9.4K,608,Other,September-2022
263,Romeo Santos,romeo,Music & Dance,19.7M,United States,837.1K,38.1K,1.6K,Other,September-2022
264,Marvel Entertainment,MARVEL,Movies,19.7M,United States,299.4K,12.1K,786,Animation,September-2022
265,Noor Stars,Noor Stars,Movies,19.6M,Iraq,1.3M,131.1K,6.5K,Humor,September-2022
266,Got Talent Global,gottalentglobal,Other,19.5M,United States,127K,1.4K,57,Other,September-2022
267,★ Kids Roma Show,★ Kids Roma Show,Animation,19.5M,Unknown,1.3M,8.3K,0,Toys,September-2022
268,Gordon Ramsay,gordonramsay,Food & Drinks,19.5M,United States,153.8K,3.9K,320,Health & Self Help,September-2022
269,Deddy Corbuzier,corbuzierprediction,Other,19.5M,Indonesia,4.2M,70.7K,8.1K,Other,September-2022
270,Kinder Spielzeug Kanal,Kinder Spielzeug Kanal,Animation,19.4M,Unknown,83.4K,852,0,Toys,September-2022
271,Troom Troom Es,Troom Troom Es,Other,19.3M,Mexico,125.7K,2.5K,72,Other,September-2022
272,Infinite,Infinite,Video games,19.3M,United States,776.7K,25.3K,2.4K,Humor,September-2022
273,Eva Bravo Play,Eva Bravo Play,Other,19.3M,Unknown,523.5K,3.4K,0,Other,September-2022
274,Robin Hood Gamer,RobinHoodGamer1,Animation,19.3M,Brazil,1M,51.4K,784,Video games,September-2022
275,Kurzgesagt – In a Nutshell,Kurzgesagt,Education,19.3M,United States,7M,329.7K,24.7K,Other,September-2022
276,Fatos Desconhecidos,fatosdesconhecidos,Science & Technology,19.2M,Brazil,194.5K,19K,683,Other,September-2022
277,Beast Reacts,Beast Reacts,Other,19.1M,United States,12.7M,389.7K,7.1K,Other,September-2022
278,Sun TV,Sun TV,Other,19.1M,India,89.4K,1.6K,19,Other,September-2022
279,Crafty Panda,Crafty Panda,Music & Dance,19.1M,India,81.3K,571,15,Other,September-2022
280,NBA,NBA,Sports,19.1M,United States,58.3K,1.7K,119,Other,September-2022
281,DLS News,DLS News,News & Politics,19M,India,61.5K,1.7K,104,Other,September-2022
282,Clash of Clans,OfficialClashOfClans,Movies,18.9M,United States,299.4K,14K,394,Animation,September-2022
283,invictor,invictorgs3,Animation,18.9M,Mexico,1.3M,70.2K,982,Video games,September-2022
284,Netflix India,Netflix India,Other,18.9M,India,131K,2.8K,105,Other,September-2022
285,Jimmy Kimmel Live,JimmyKimmelLive,Movies,18.9M,United States,133.1K,3.4K,257,Other,September-2022
286,The ACE Family,The ACE Family,Humor,18.9M,United States,702.1K,26K,2.5K,Other,September-2022
287,Green Gold TV - Official Channel,greengoldtv,Other,18.8M,Unknown,922.6K,7.4K,0,Other,September-2022
288,Britain's Got Talent,BritainsGotTalent09,Music & Dance,18.7M,United Kingdom,192.2K,1.1K,44,Movies,September-2022
289,TRT Originals Urdu,TRT Originals Urdu,Other,18.7M,Pakistan,308.2K,13.6K,328,Other,September-2022
290,AS Gaming,AS Gaming,Other,18.7M,India,370.7K,32.7K,1.1K,Other,September-2022
291,TheWillyrex,TheWillyrex,Other,18.6M,Spain,25.4K,1.5K,0,Other,September-2022
292,The Royalty Family,The Royalty Family,Humor,18.5M,United States,3.4M,90.2K,0,Other,September-2022
293,Vania Mania Kids,Vania Mania Kids,Animation,18.5M,Unknown,368K,1.7K,0,Toys,September-2022
294,CookieSwirlC,CookieSwirlC,Video games,18.5M,United States,238.1K,3.3K,535,Other,September-2022
295,Official Pink Panther,PinkPanther,Movies,18.4M,Unknown,674.9K,4.8K,0,Animation,September-2022
296,Sonotek,sonotekvideo,Music & Dance,18.4M,India,28.6K,655,58,Animation,September-2022
297,BabyBus - Cerita & Lagu Anak-anak,BabyBus - Cerita & Lagu Anak-anak,Movies,18.4M,Unknown,626.4K,4.5K,0,Humor,September-2022
298,KBS WORLD TV,kbsworld,Other,18.4M,Indonesia,5.3K,137,6,Other,September-2022
299,MiawAug,MiawAug,Video games,18.4M,Indonesia,850.7K,35.4K,2.1K,Other,September-2022
300,CKN,CKN,Video games,18.3M,Unknown,235.3K,1.4K,0,Toys,September-2022
301,HiMan,HiMan,Video games,18.3M,Russia,1.6M,76.9K,2.4K,Other,September-2022
302,ElTrollino,ElTrollino,Animation,18.3M,Mexico,3.5M,102.6K,2.8K,Video games,September-2022
303,Unbox Therapy,Unbox Therapy,Science & Technology,18.3M,United States,1.2M,28.2K,3.3K,Other,September-2022
304,Turma da Mônica,turmadamonicaTV,Other,18.2M,Unknown,127.3K,1.2K,0,Other,September-2022
305,Diana and Roma EN,TheElenaYa,Animation,18.2M,Unknown,701.1K,2.8K,0,Toys,September-2022
306,Heidi & Zidane बच्चों की कहानियाँ,Heidi & Zidane बच्चों की कहानियाँ,Daily vlogs,18.2M,Unknown,165.1K,1.3K,0,Other,September-2022
307,Ninja Kidz TV,Ninja Kidz TV,Video games,18.2M,United States,793.9K,18.8K,1.3K,Other,September-2022
308,INCRÍVEL,INCRÍVEL,Animation,18.2M,Unknown,26.1K,1.3K,33,Other,September-2022
309,TheOdd1sOut,TheOdd1sOut,Movies,18.1M,United States,1.1M,44.2K,1.6K,Animation,September-2022
310,Dan-Sa / Daniel Saboya,DanielSaboya,Music & Dance,18.1M,Brazil,40.7K,1.3K,48,Animation,September-2022
311,Emiway Bantai,Emiway Bantai,Music & Dance,18.1M,India,1.6M,208.5K,23.6K,Other,September-2022
312,GEN HALILINTAR,GEN HALILINTAR,Music & Dance,18.1M,Indonesia,195.7K,10.4K,238,Humor,September-2022
313,Мирошка ТВ,Мирошка ТВ,Other,18.1M,United States,15K,87,3,Other,September-2022
314,Vsauce,Vsauce,Science & Technology,18.1M,United States,318.9K,17.6K,489,Other,September-2022
315,Farruko,farrukotv,Music & Dance,18.1M,United States,641.6K,39.6K,1.8K,Other,September-2022
316,Kids Channel India - Hindi Rhymes and Baby Songs,Kids Channel India - Hindi Rhymes and Baby Songs,Education,18M,Unknown,120.2K,1K,0,Other,September-2022
317,SCTV,SCTVIndonesia,Music & Dance,17.9M,Indonesia,24.2K,410,23,Movies,September-2022
318,Village Cooking Channel,Village Cooking Channel,Other,17.9M,India,4.7M,262.5K,5.5K,Other,September-2022
319,Like Nastya Vlog,Like Nastya Vlog,Daily vlogs,17.9M,Unknown,415.9K,1.8K,0,Other,September-2022
320,Good Mythical Morning,rhettandlink2,Food & Drinks,17.9M,United States,1.2M,34.6K,1.4K,Other,September-2022
321,Naisa Alifia Yuriza (N.A.Y),Naisa Alifia Yuriza (N.A.Y),Music & Dance,17.9M,Indonesia,908.3K,35.5K,596,Movies,September-2022
322,Lil Pump,Lil Pump,Music & Dance,17.9M,United States,1.3M,77.6K,8.1K,Other,September-2022
323,Demi Lovato,therealdemilovato,Music & Dance,17.8M,United States,53.5K,5.3K,136,Other,September-2022
324,Marmok,dj47maryn,Animation,17.8M,Russia,3.9M,377.1K,17.6K,Video games,September-2022
325,RsiamMusic : อาร์สยาม,rsiammusic,Music & Dance,17.8M,Thailand,10.1K,274,9,Other,September-2022
326,Познаватель,ThePoznavatel,Toys,17.7M,Russia,3.1M,65.6K,2.4K,DIY & Life Hacks,September-2022
327,TheGrefg,TheGrefg,Animation,17.7M,Spain,986.1K,74.8K,1.3K,Video games,September-2022
328,Ali-A,Matroix,Video games,17.7M,United States,466.4K,13.6K,904,Other,September-2022
329,Little Angel Español - Canciones Infantiles,Little Angel Español - Canciones Infantiles,Animation,17.7M,Unknown,425.6K,2.6K,0,Other,September-2022
330,Vlad and Niki IDN,Vlad and Niki IDN,Music & Dance,17.7M,Unknown,605.5K,2.5K,0,Movies,September-2022
331,Mother Goose Club Playhouse,SockeyeMedia,Music & Dance,17.7M,Unknown,62.9K,160,0,Other,September-2022
332,etvteluguindia,etvteluguindia,Other,17.6M,India,18.8K,211,3,Other,September-2022
333,Khan GS Research Centre,Khan GS Research Centre,Education,17.6M,India,7.1M,540.4K,23.2K,Other,September-2022
334,Sebastián Yatra,SebastianYatra,Music & Dance,17.6M,Colombia,84.9K,5.3K,389,Other,September-2022
335,TED-Ed,TEDEducation,Science & Technology,17.5M,United States,202.5K,12.3K,358,Other,September-2022
336,officialpsy,officialpsy,Music & Dance,17.5M,United States,3.2M,258.4K,7.4K,Other,September-2022
337,Porta dos Fundos,portadosfundos,Movies,17.4M,Brazil,738.9K,73.6K,725,Animation,September-2022
338,Kiddiestv Hindi - Nursery Rhymes & Kids Songs,Kiddiestv Hindi - Nursery Rhymes & Kids Songs,Education,17.4M,Unknown,55.6K,210,0,Other,September-2022
339,Junya Official Channel,Junya Official Channel,Other,17.4M,Japan,2.1M,24.1K,132,Other,September-2022
340,RobleisIUTU,RobleisIUTU,Movies,17.4M,Argentina,838.8K,57K,1.9K,Animation,September-2022
341,Maya and Mary,Maya and Mary,Toys,17.4M,Unknown,1.6K,0,0,Education,September-2022
342,Rafa & Luiz,Rafa & Luiz,Video games,17.4M,Brazil,587.5K,33K,703,Other,September-2022
343,Masha e o Urso,Masha e o Urso,Other,17.4M,Unknown,489.1K,3.6K,0,Other,September-2022
344,Stubborn Facts,Stubborn Facts,Other,17.3M,India,66.7K,3.4K,166,Other,September-2022
345,SQUEEZIE,aMOODIEsqueezie,Other,17.3M,France,5.3M,423K,7.9K,Other,September-2022
346,EeOneGuy,EeOneGuy,Music & Dance,17.3M,Russia,204.6K,13.2K,5.6K,Other,September-2022
347,SUPER SLICK SLIME SAM,SUPER SLICK SLIME SAM,Other,17.2M,Mexico,222.2K,6.7K,176,Other,September-2022
348,Willyrex,Willyrex,Video games,17.2M,Mexico,151.9K,13.2K,66,Other,September-2022
349,Grammy Gold Official,grammygoldofficia,Music & Dance,17.2M,Thailand,15K,312,9,Other,September-2022
350,DUDU e CAROL,DUDU e CAROL,Other,17.2M,Brazil,3.1M,188.3K,1.1K,Other,September-2022
351,شبكة العاب العرب | Arab Games Network,ArabGamesNetwork,Other,17.2M,Algeria,307.5K,28.2K,1.4K,Other,September-2022
352,Sourav Joshi Vlogs,Sourav Joshi Vlogs,Daily vlogs,17M,India,5.8M,532.3K,13.9K,Other,September-2022
353,IGN,IGNentertainment,Other,17M,United States,45.7K,1K,105,Other,September-2022
354,Jason Derulo,JasonDerulo,Music & Dance,17M,United States,68.1K,4.5K,66,Other,September-2022
355,Guava Juice,aynakoitsroi,Other,17M,United States,217.4K,6.3K,708,Other,September-2022
356,7clouds,monstafluffmusicTV,Music & Dance,16.9M,United States,233.6K,5.2K,175,Other,September-2022
357,Jane ASMR 제인,Jane ASMR 제인,Daily vlogs,16.9M,United States,290K,5.6K,285,Other,September-2022
358,Anitta,AnittaOficial,Music & Dance,16.9M,Brazil,3.2M,132.5K,9.1K,Other,September-2022
359,Doggy Doggy Cartoons,kidstvsongs,Other,16.8M,Unknown,3.1K,50,0,Other,September-2022
360,Triggered Insaan,Triggered Insaan,Humor,16.8M,India,5.6M,521.3K,15.7K,Other,September-2022
361,SOMOY TV,SOMOY TV,Daily vlogs,16.8M,Bangladesh,8.3K,185,13,Other,September-2022
362,Dhar Mann,Dhar Mann,Health & Self Help,16.8M,United States,5.8M,130.7K,6.1K,Other,September-2022
363,Dushyant kukreja,Dushyant kukreja,Other,16.7M,India,3.7M,245.3K,531,Other,September-2022
364,Manual do Mundo,iberethenorio,Science & Technology,16.7M,Brazil,411.5K,53.3K,645,Other,September-2022
365,Shemaroo Comedy,indiancomedy,Other,16.7M,India,98.9K,913,26,Other,September-2022
366,TheBrianMaps,TheBrianMaps,Video games,16.6M,Russia,3.1M,204.3K,11.4K,Humor,September-2022
367,Tu COSMOPOLIS,Tu COSMOPOLIS,News & Politics,16.6M,Mexico,78.6K,6.2K,534,Other,September-2022
368,DeToxoMoroxo,jquintanac5,Movies,16.6M,Mexico,571.9K,34.6K,9.1K,Animation,September-2022
369,Alejo Igoa,Alejo Igoa,DIY & Life Hacks,16.6M,Argentina,6.8M,293.5K,76.7K,Other,September-2022
370,Goldmines Great Indian Comedy,Goldmines Great Indian Comedy,Other,16.6M,India,14.1K,180,9,Other,September-2022
371,zbing z.,zbingzbing,Animation,16.5M,Thailand,390.3K,15.6K,541,Video games,September-2022
372,SonyMusicSouthVEVO,SonyMusicSouthVEVO,Music & Dance,16.5M,Unknown,21K,577,21,Other,September-2022
373,tanboy kun,tanboy kun,Music & Dance,16.5M,Indonesia,2M,47.5K,2.1K,Other,September-2022
374,IDEAS EN 5 MINUTOS,IDEAS EN 5 MINUTOS,Other,16.5M,Mexico,39.8K,335,8,Other,September-2022
375,Apple,Apple,Music & Dance,16.4M,Unknown,2.3M,27.5K,0,Animation,September-2022
376,Zuni and Family,Zuni and Family,Daily vlogs,16.4M,Unknown,225.5K,1.3K,0,Other,September-2022
377,Prajapati News,Prajapati News,Other,16.4M,India,24.7K,1.3K,64,Other,September-2022
378,Sandra Cires Art,Sandra Cires Art,Other,16.4M,Colombia,412K,37.4K,537,Other,September-2022
379,Blippi - Educational Videos for Kids,Blippi - Educational Videos for Kids,Education,16.4M,Unknown,1.3M,4.2K,0,Toys,September-2022
380,Sidemen,Sidemen,Video games,16.4M,United Kingdom,10.2M,412.2K,10.6K,Humor,September-2022
381,ExtraPolinesios,ppextras,Daily vlogs,16.4M,Mexico,131.8K,5.6K,157,Other,September-2022
382,Dan Rhodes,Dan Rhodes,Animation,16.3M,India,1.8M,119K,409,Toys,September-2022
383,RKD Studios,rkddigital,Other,16.3M,India,171.4K,1.9K,56,Other,September-2022
384,Antrax,Antrax,Video games,16.3M,Mexico,570.5K,41.4K,1.5K,Other,September-2022
385,The Game Theorists,MatthewPatrick13,Science & Technology,16.2M,United States,2.3M,123.9K,5.9K,Other,September-2022
386,Queen Official,queenofficial,Music & Dance,16.2M,United States,0,0,0,Movies,September-2022
387,Fede Vigevani,Fede Vigevani,Other,16.2M,Mexico,3.5M,202.7K,10.6K,Other,September-2022
388,FailArmy,failarmy,Animation,16.2M,United States,2.6M,28.6K,2.1K,Humor,September-2022
389,El Reino a Jugar,El Reino a Jugar,Education,16.2M,Unknown,400.7K,1.8K,0,Toys,September-2022
390,Katie Angel,Katie Angel,Other,16.1M,Mexico,306.1K,25.9K,173,Other,September-2022
391,Les' Copaque Production,lescopaque,Other,16.1M,Indonesia,74.9K,878,35,Other,September-2022
392,VICE,vice,News & Politics,16.1M,United States,414.4K,5.6K,1.3K,Other,September-2022
393,Kaykai Salaider,Kaykai Salaider,Movies,16.1M,Thailand,1.1M,103.6K,4.7K,Humor,September-2022
394,Boyce Avenue,boyceavenue,Music & Dance,16M,Brazil,314.7K,11.5K,450,Other,September-2022
395,Marques Brownlee,marquesbrownlee,Science & Technology,16M,United States,2.7M,127K,4.3K,Other,September-2022
396,Sony AATH,Sony AATH,Other,16M,Bangladesh,59.2K,1K,40,Other,September-2022
397,YOLO AVENTURAS,YOLO AVENTURAS,Other,16M,Mexico,1.7M,140.7K,708,Other,September-2022
398,Zhong,Zhong,Other,16M,United States,3.4M,252.5K,1.5K,Other,September-2022
399,jeffreestar,jeffreestar,Beauty,16M,United States,1.2M,50K,5.5K,Other,September-2022
400,Aayu and Pihu Show,Aayu and Pihu Show,Movies,16M,India,3.1M,71.3K,4.2K,Humor,September-2022
401,DopeLyrics,DopeLyrics,Music & Dance,16M,United States,10.3K,272,28,Other,September-2022
402,JJ Olatunji,KSIOlajidebtHD,Other,16M,United States,3.9M,286.4K,11.9K,Other,September-2022
403,Zappy Toons - Hindi Nursery Rhymes and Stories,Zappy Toons - Hindi Nursery Rhymes and Stories,Education,16M,Unknown,317.5K,1.5K,0,Other,September-2022
404,Smile Family Spanish,Smile Family Spanish,Other,15.9M,Unknown,440.7K,2.5K,0,Other,September-2022
405,Jason Vlogs,Jason Vlogs,Animation,15.9M,Unknown,454.3K,2.1K,0,Toys,September-2022
406,AMARINTV : อมรินทร์ทีวี,AMARINTV : อมรินทร์ทีวี,News & Politics,15.9M,Thailand,6.4K,93,7,Other,September-2022
407,Ivana Alawi,Ivana Alawi,Daily vlogs,15.8M,Philippines,3.7M,196.8K,11.6K,Other,September-2022
408,Matt Stonie,MegatoadStonie,Food & Drinks,15.8M,United States,1.2M,52.3K,2.5K,Other,September-2022
409,Pitbull,PitbullMusic,Music & Dance,15.8M,United States,18.5K,1.6K,43,Other,September-2022
410,Caeli YT,CaELiKe,Other,15.8M,Unknown,43.4K,1.6K,199,Other,September-2022
411,News24,News24page,News & Politics,15.8M,India,5.8K,110,10,Other,September-2022
412,Pop Chartbusters,popchartbusters,Music & Dance,15.8M,India,36.9K,10.1K,37,Other,September-2022
413,Rotten Tomatoes Trailers,movieclipsTRAILERS,Movies,15.8M,United States,41.9K,659,71,Animation,September-2022
414,AdMe,AdMe,Animation,15.8M,Russia,50.5K,1.5K,81,Other,September-2022
415,Gato Galactico | GALÁXIA,OGatoGalactico,Animation,15.6M,Brazil,90.4K,4.9K,78,Other,September-2022
416,And TV,And TV,Other,15.6M,India,8.9K,104,4,Other,September-2022
417,Roman Atwood Vlogs,RomanAtwoodVlogs,Movies,15.6M,United States,311K,0,995,Humor,September-2022
418,Dyland PROS,Dyland PROS,Movies,15.5M,Indonesia,33.3K,2.1K,98,Animation,September-2022
419,FitDance,portalfitdance,Music & Dance,15.5M,Unknown,32.9K,1.1K,16,Other,September-2022
420,RCTI - LAYAR DRAMA INDONESIA,RCTI - LAYAR DRAMA INDONESIA,Music & Dance,15.4M,Indonesia,20K,353,22,Movies,September-2022
421,Camilo,CamiloMusicaVideo,Music & Dance,15.4M,Colombia,157K,9.3K,125,Other,September-2022
422,MrBeast Shorts,MrBeast Shorts,Daily vlogs,15.4M,United States,15.5M,1.3M,4.8K,Other,September-2022
423,Like Nastya VNM,Like Nastya VNM,Other,15.4M,Unknown,524.8K,0,0,Other,September-2022
424,SriBalajiMovies,SriBalajiMovies,Other,15.4M,India,12.9K,85,2,Other,September-2022
425,LOKESH GAMER,LOKESH GAMER,Other,15.4M,India,349.2K,40.6K,1.5K,Other,September-2022
426,T3ddy,T3DDYgames,Daily vlogs,15.3M,Brazil,801.5K,79.9K,2.2K,Other,September-2022
427,Stokes Twins,alanalan9635,Video games,15.3M,United States,11.9M,404.6K,40.2K,Humor,September-2022
428,With Kids[위드키즈],With Kids[위드키즈],Other,15.3M,United States,71.1K,0,0,Other,September-2022
429,Kerajinan 5-Menit,Kerajinan 5-Menit,Music & Dance,15.2M,Indonesia,17K,147,6,Other,September-2022
430,Like Nastya IDN,Like Nastya IDN,Music & Dance,15.2M,Unknown,150.6K,0,0,Movies,September-2022
431,Oyuncak Avı,Oyuncak Avı,Other,15.2M,Unknown,284.8K,0,15,Other,September-2022
432,Dangal TV Channel,Dangal TV Channel,Other,15.2M,India,63.8K,956,6,Other,September-2022
433,5-Minute Crafts FAMILY,5-Minute Crafts FAMILY,Other,15.2M,United States,16.1K,175,9,Other,September-2022
434,SAM SMITH,SAM SMITH,Other,15.2M,United States,29.9K,2K,61,Other,September-2022
435,Ch7HD,bbtvch7,Other,15.2M,Thailand,7.1K,135,2,Other,September-2022
436,TheRichest,TheRichest,News & Politics,15.2M,United States,22.2K,644,81,Other,September-2022
437,POPS Kids,popskids,Animation,15.2M,Indonesia,4.1K,53,0,Other,September-2022
438,حِرف إبداعية في 5 دقائق,حِرف إبداعية في 5 دقائق,Other,15.1M,Egypt,35.8K,344,16,Other,September-2022
439,Lahari Music | T-Series,laharimusic,Music & Dance,15.1M,India,30.6K,1.3K,23,Other,September-2022
440,LEGO,LEGO,Animation,15.1M,United States,54.8K,666,0,Other,September-2022
441,НТВ,ntvru,News & Politics,15M,Russia,82.3K,901,216,Other,September-2022
442,Henrique e Juliano,hejproducao,Music & Dance,15M,Brazil,71.8K,3.7K,152,Other,September-2022
443,Mariale,Mariale,Other,15M,Mexico,154.7K,7K,285,Other,September-2022
444,Talking Tom & Friends,TalkingFriends,Animation,15M,United States,220.6K,2.3K,0,Humor,September-2022
445,Makiman131,Makiman131,Movies,15M,Spain,279.5K,15.6K,604,Animation,September-2022
446,Ranz Kyle,ranziscool,Humor,15M,Philippines,786.3K,27.4K,881,Other,September-2022
447,Volga Video,newvolgavideo,Other,15M,India,5.3K,43,2,Other,September-2022
448,Harsh Beniwal,Harsh Beniwal,Movies,15M,India,13.8M,1.2M,31.6K,Humor,September-2022
449,NichLmao,NichLmao,Daily vlogs,15M,United States,4.7M,361.2K,2K,Other,September-2022
450,Super Senya,Super Senya,Animation,15M,Unknown,37.2K,167,0,Toys,September-2022
451,LIV Crime,LIV Crime,Daily vlogs,15M,India,95.5K,1.1K,35,Other,September-2022
452,Niana Guerrero,Niana Guerrero,Music & Dance,15M,Philippines,1M,31.5K,1.1K,Humor,September-2022
453,Wow Kidz Action,Wow Kidz Action,Other,15M,Unknown,1.3M,9.1K,0,Other,September-2022
454,League of Legends,RiotGamesInc,Movies,15M,United States,515.8K,33.5K,1.1K,Animation,September-2022
455,GMMTV OFFICIAL​​,GMMTVSPOTLIKE,Music & Dance,15M,Thailand,24.9K,544,14,Movies,September-2022
456,Kwebbelkop,kwebbelkop,Animation,15M,United States,100.2K,3K,284,Video games,September-2022
457,La Rosa de Guadalupe,La Rosa de Guadalupe,Other,14.9M,Mexico,90.8K,865,19,Other,September-2022
458,NDTV India,ndtvindia,News & Politics,14.9M,India,12.7K,305,33,Other,September-2022
459,BBC News Hindi,bbchindi,News & Politics,14.9M,India,167.3K,0,311,Other,September-2022
460,MK MUSIC,mkmusicnews,Music & Dance,14.9M,Brazil,20.4K,1.9K,33,Other,September-2022
461,Dave and Ava - Nursery Rhymes and Baby Songs,Dave and Ava - Nursery Rhymes and Baby Songs,Education,14.9M,Unknown,212K,906,0,Other,September-2022
462,Linus Tech Tips,LinusTechTips,Science & Technology,14.9M,United States,1.5M,66.6K,3K,Other,September-2022
463,Lachlan,Lachlan,Video games,14.9M,United States,420.1K,19.9K,612,Other,September-2022
464,Plim Plim - Kids Songs & Episodes - Spanish,elcanaldePlimPlim,Music & Dance,14.8M,Unknown,735.1K,5.5K,0,Other,September-2022
465,Daniel LaBelle,Daniel LaBelle,Other,14.8M,United States,23.1M,459.4K,2.9K,Other,September-2022
466,Zé Neto e Cristiano,zncoficial,Other,14.8M,Brazil,29.5K,3.2K,39,Other,September-2022
467,iTownGamePlay *Terror&Diversión*,iTownGamePlay,News & Politics,14.8M,Mexico,134.5K,5.2K,291,Other,September-2022
468,les boys tv2,les boys tv2,Sports,14.8M,France,7.4K,0,0,Other,September-2022
469,NMF News,narendramodionline,News & Politics,14.7M,India,12.6K,299,35,Other,September-2022
470,Planeta das Gêmeas,Planeta das Gêmeas,Toys,14.7M,Unknown,432.2K,17.9K,57,Other,September-2022
471,News18 India,News18 India,News & Politics,14.7M,India,2.7K,46,2,Other,September-2022
472,TWICE,TWICE,Music & Dance,14.7M,Philippines,565.9K,61.6K,500,Movies,September-2022
473,IDEIAS INCRÍVEIS,IDEIAS INCRÍVEIS,Other,14.7M,Brazil,13.6K,257,6,Other,September-2022
474,LEGENDA FUNK,LEGENDA FUNK,Music & Dance,14.7M,Brazil,6.7K,268,9,Animation,September-2022
475,Thairath Online,thairathonline,News & Politics,14.7M,Thailand,16.9K,233,23,Other,September-2022
476,Jorge & Mateus Oficial,jemproducoes,Music & Dance,14.6M,Brazil,1.1M,12.8K,250,Other,September-2022
477,MattyBRaps,MattyBRaps,Music & Dance,14.6M,United States,3.5M,15.2K,0,Movies,September-2022
479,حقائق وأسرار,حقائق وأسرار,Other,14.6M,Egypt,0,0,0,Other,September-2022
480,Team Films Bhojpuri,TeamFilmsBhojpuri,Music & Dance,14.6M,India,17.6K,442,48,Movies,September-2022
481,Daftar Populer,Daftar Populer,News & Politics,14.6M,Indonesia,99K,1.9K,199,Other,September-2022
482,Major Lazer Official,majorlazer,Music & Dance,14.6M,United States,28.7K,1.5K,95,Movies,September-2022
483,Drawblogs,Drawblogs,Movies,14.6M,Mexico,19.1K,858,58,Animation,September-2022
484,Maha Fun Tv,Maha Fun Tv,Other,14.6M,India,68.2K,1.7K,145,Other,September-2022
485,CollegeHumor,collegehumor,Movies,14.6M,United States,146K,7.4K,817,Humor,September-2022
486,Fueled By Ramen,FueledByRamen,Other,14.6M,United States,36.9K,2K,114,Other,September-2022
487,Canal Nostalgia,Canal Nostalgia,Science & Technology,14.6M,Unknown,209.8K,41.5K,286,Other,September-2022
488,Johny FamilyShow,Johny FamilyShow,Music & Dance,14.5M,Unknown,88.4K,303,0,Toys,September-2022
489,XpressTV,XpressTV,Science & Technology,14.5M,Mexico,1.4M,48.5K,556,Other,September-2022
490,Arif muhammad,Arif muhammad,Music & Dance,14.5M,Indonesia,2.9M,77.6K,3.2K,Movies,September-2022
491,Mobile Legends: Bang Bang Official,Mobile Legends: Bang Bang Official,Movies,14.5M,Indonesia,420.7K,3.1K,26,Animation,September-2022
492,Zach King,Zach King,Movies,14.5M,United States,633.7K,0,899,Humor,September-2022
493,Fun For Kids TV - Hindi Rhymes,Fun For Kids TV - Hindi Rhymes,Other,14.5M,Unknown,522.3K,2.9K,0,Other,September-2022
494,Busy Fun Ltd,Busy Fun Ltd,Other,14.5M,India,9M,35.5K,584,Other,September-2022
495,Boram Tube ToysReview [보람튜브 토이리뷰],Boram Tube ToysReview [보람튜브 토이리뷰],Daily vlogs,14.5M,Unknown,28.1K,273,0,Other,September-2022
496,Super Polina,Super Polina,Other,14.5M,Russia,8.9K,61,0,Other,September-2022
497,Martin Garrix,MartinGarrix,Music & Dance,14.4M,United States,54K,5.1K,103,Other,September-2022
498,The Slow Mo Guys,theslowmoguys,Other,14.4M,United States,946.9K,62.9K,2.8K,Other,September-2022
499,It's Mamix,It's Mamix,DIY & Life Hacks,14.4M,Russia,2.9M,0,5.2K,Other,September-2022
500,Chad Wild Clay,chadwildclay,Movies,14.4M,United States,2.2M,38.2K,6.5K,Humor,September-2022
501,Gyan Gamingㅤ,Gyan Gamingㅤ,Other,14.4M,India,371.8K,38.6K,863,Other,September-2022
502,Unspeakable,Unspeakable,Video games,14.4M,United States,3.3M,62.7K,7.2K,Humor,September-2022
503,Totoy kids - Español,Totoy kids - Español,Toys,14.4M,Unknown,731.3K,3.4K,0,Other,September-2022
504,PlayStation,PlayStation,Other,14.4M,United States,43.8K,1.4K,158,Other,September-2022
505,Genierock,Genierock,Music & Dance,14.4M,Thailand,100.7K,988,64,Other,September-2022
506,CoryxKenshin,CoryxKenshin,Video games,14.4M,United States,7.5M,528.3K,34.1K,Humor,September-2022
507,Aphmau,ChallengeAcceptedInc,Animation,14.3M,United States,2.5M,59.8K,4.4K,Video games,September-2022
508,ABS-CBN News,TheABSCBNNews,News & Politics,14.3M,Philippines,5.4K,50,4,Other,September-2022
509,Mohamed Ramadan I محمد رمضان,MRamadanOfficial,Music & Dance,14.2M,Egypt,2.4M,59.4K,4.1K,Other,September-2022
510,Zach Choi ASMR,Zach Choi ASMR,Daily vlogs,14.2M,United States,166.7K,11K,114,Other,September-2022
511,Camila Loures,camilaloures,Movies,14.2M,Brazil,239.9K,18.8K,325,Humor,September-2022
512,Anasala I أنس و أصالة,Anasala I أنس و أصالة,Other,14.2M,Egypt,2.7M,194.2K,7.7K,Other,September-2022
513,CNN,CNN,Music & Dance,14.2M,United States,323.2K,4.7K,4.2K,Animation,September-2022
514,Gulshan Kalra,Gulshan Kalra,Other,14.2M,India,8.9M,477.6K,561,Other,September-2022
515,Taarak Mehta Ka Ooltah Chashmah,Taarak Mehta Ka Ooltah Chashmah,Other,14.2M,India,348K,5.7K,88,Other,September-2022
516,UFC - Ultimate Fighting Championship,UFC,Sports,14.2M,United States,135.8K,3K,301,Other,September-2022
517,Trap City,OfficialTrapCity,Music & Dance,14.2M,United States,35.5K,1.8K,76,Other,September-2022
518,O Canal do Joãozinho - Little Angel Português,O Canal do Joãozinho - Little Angel Português,Animation,14.2M,Unknown,764.1K,3.5K,0,Other,September-2022
519,Daily Dose Of Internet,Daily Dose Of Internet,Animals & Pets,14.1M,United States,5.1M,249.5K,9.8K,Other,September-2022
520,#Refugio Mental,#Refugio Mental,Movies,14.1M,Argentina,566.8K,6.6K,80,Other,September-2022
521,A2 Motivation by {Arvind Arora},A2 Motivation by {Arvind Arora},Other,14.1M,India,342.1K,47.1K,208,Other,September-2022
522,EdisonPts,EdisonPts,Video games,14.1M,Russia,2M,144.9K,6.9K,Other,September-2022
523,Трум Трум,Трум Трум,Humor,14.1M,Unknown,237.2K,2.9K,104,Toys,September-2022
524,DM - Desi Melodies,DM - Desi Melodies,Music & Dance,14M,India,15.4M,321.1K,18.6K,Other,September-2022
525,Saad Lamjarred | سعد لمجرد,SaadLamjarredTV,Music & Dance,14M,Morocco,2M,74.7K,8.4K,Other,September-2022
526,F2Freestylers - Ultimate Soccer Skills Channel,F2Freestylers,Sports,14M,United Kingdom,957.6K,0,328,Other,September-2022
527,Blippi Español,Blippi Español,Toys,14M,Unknown,485.6K,1.7K,0,Education,September-2022
528,Doc Tops,Doc Tops,Animation,14M,Mexico,1.3M,58.6K,805,Other,September-2022
529,AM3NlC,AM3NlC,Food & Drinks,14M,Brazil,190.6K,19.9K,276,Other,September-2022
530,FC Barcelona,fcbarcelona,Sports,14M,United States,224.7K,14K,262,Other,September-2022
531,Мастерская Настроения,MasterskayaNastroeny,Movies,14M,Russia,408.9K,10.4K,209,Video games,September-2022
532,Bie The Ska,bomberball,Other,14M,Thailand,384.5K,12.2K,265,Other,September-2022
533,Auron,Auron,Video games,14M,Mexico,2M,112.6K,1.8K,Other,September-2022
534,NikkieTutorials,NikkieTutorials,Design/art,14M,United States,1.7M,165.3K,752,Beauty,September-2022
535,Mis Pastelitos,mispastelitosyoutub,Food & Drinks,13.9M,Mexico,864.6K,33.4K,1.2K,Other,September-2022
536,Mazhavil Manorama,MazhavilManorama,Other,13.8M,India,9.6K,106,4,Other,September-2022
537,Rosanna Pansino,RosannaPansino,DIY & Life Hacks,13.8M,United States,206.3K,8.8K,224,Other,September-2022
538,MNCTV OFFICIAL,MNCTVOfficial,Music & Dance,13.8M,Indonesia,2K,40,1,Other,September-2022
539,Hongyu ASMR 홍유,Hongyu ASMR 홍유,ASMR,13.8M,United States,666.7K,8.9K,258,Other,September-2022
540,Kuplinov ► Play,Kuplinov ► Play,Video games,13.8M,Russia,1.3M,83.6K,2.3K,Other,September-2022
541,MY FAMILY,MY FAMILY,Other,13.8M,India,3.7M,14.2K,220,Other,September-2022
542,CrashCourse,crashcourse,Science & Technology,13.8M,United States,48.6K,1.8K,65,Other,September-2022
543,SMOL,SMOL,Other,13.8M,United States,359.4K,16.3K,18,Other,September-2022
544,ADEL et SAMI,ADEL et SAMI,Music & Dance,13.8M,France,63.3K,487,0,Humor,September-2022
545,MSA previously My Story Animated,MSA previously My Story Animated,Animation,13.8M,United States,7.6M,200.4K,6.7K,Humor,September-2022
546,Jake Fellman,Jake Fellman,Other,13.8M,United States,216.5K,9.1K,44,Other,September-2022
547,TazerCraft,TazerCraft,Movies,13.8M,Brazil,462.4K,27K,493,Animation,September-2022
548,MAIKI021,MAIKI021,Movies,13.8M,Brazil,30.2K,3.7K,75,Animation,September-2022
549,NOBRU,NOBRU,Video games,13.8M,Brazil,146.4K,21.8K,174,Toys,September-2022
550,DangMattSmith,dangmattsmith,Animation,13.7M,Unknown,114.3K,4.2K,436,Humor,September-2022
551,Wengie,WWWengie,DIY & Life Hacks,13.7M,United States,74.5K,3.5K,270,Other,September-2022
552,Zig & Sharko,Zig & Sharko,Other,13.7M,Unknown,387.5K,2.9K,0,Other,September-2022
553,Aadishakti Films,Aadishakti Films,Music & Dance,13.7M,Unknown,61.1K,2.8K,231,Other,September-2022
554,Lyna,SrtaLynaV,Movies,13.7M,Mexico,458.2K,23.7K,1.4K,Animation,September-2022
555,5-Minute Crafts Recycle,5-Minute Crafts Recycle,Other,13.6M,India,38.5K,323,11,Other,September-2022
556,Vlad and Niki ESP,Vlad and Niki ESP,Other,13.6M,Unknown,621.8K,2.9K,0,Other,September-2022
557,Harry Styles,Harry Styles,Music & Dance,13.6M,United States,0,0,0,Other,September-2022
558,Vlad and Niki ARA,Vlad and Niki ARA,Other,13.6M,Unknown,381.4K,2.9K,0,Other,September-2022
559,Neha Kakkar,NehaKakkarOfficial,Music & Dance,13.6M,India,130.5K,8.3K,133,Other,September-2022
560,ABC News,ABCNews,News & Politics,13.6M,United States,12.5K,148,116,Other,September-2022
561,Narins Beauty,Narins Beauty,Other,13.6M,Iraq,2.9M,224.4K,12.2K,Other,September-2022
562,Telemundo,telemundotv,Other,13.6M,Argentina,72.2K,2.4K,156,Other,September-2022
563,TV Ana Emilia,TV Ana Emilia,Other,13.6M,Mexico,264.9K,11.4K,1.2K,Other,September-2022
564,YOLO,YOLO,Other,13.6M,Mexico,1.1M,87.4K,1.2K,Other,September-2022
565,The World Adventures हिन्दी,The World Adventures हिन्दी,Daily vlogs,13.5M,Unknown,17.1K,996,33,Other,September-2022
566,ZEE5,ZEE5,Other,13.5M,India,394,6,0,Other,September-2022
567,Wesley Safadão,bandagarotasafada,Music & Dance,13.5M,Brazil,30.4K,1.8K,36,Other,September-2022
568,PlayHard,boplayhard,Other,13.5M,Brazil,458.5K,67.8K,114,Other,September-2022
569,Online Job,Online Job,Other,13.5M,India,7.9K,203,38,Other,September-2022
570,Lindsey Stirling,lindseystomp,Music & Dance,13.5M,United States,241.1K,20.1K,994,Movies,September-2022
571,Wish 107.5,Wish 107.5,Music & Dance,13.5M,Philippines,178.2K,4K,331,Other,September-2022
572,Kurt Hugo Schneider,Kurt Hugo Schneider,Other,13.4M,United States,859.6K,2.6K,77,Other,September-2022
573,FAPTV,FAPtivi,Animation,13.4M,United States,3.1M,0,1.2K,Humor,September-2022
574,How Ridiculous,whoisjimmy,Video games,13.4M,United States,1.3M,52.3K,2.3K,Other,September-2022
575,Gallina Pintadita,GallinaPintadita,Animation,13.4M,Unknown,297K,1.5K,0,Other,September-2022
576,H2ODelirious,H2ODelirious,Animation,13.4M,United States,113.3K,6.2K,217,Video games,September-2022
577,123 GO! Spanish,123 GO! Spanish,Animation,13.4M,Mexico,475.2K,5.5K,75,Other,September-2022
578,Atlantic Records,AtlanticVideos,Music & Dance,13.4M,United States,9.2K,422,11,Other,September-2022
579,PrestonPlayz,PrestonPlayz,Animation,13.4M,United States,1.2M,44K,1.4K,Video games,September-2022
580,MyMissAnand,MyMissAnand,Movies,13.3M,India,1.5M,49.3K,428,Humor,September-2022
581,Anaysa,iloveindianmakeup,Movies,13.3M,India,835.1K,24.3K,707,Humor,September-2022
582,Infobells Bangla,Infobells Bangla,Education,13.2M,Unknown,466.4K,2.5K,0,Other,September-2022
583,ETV Jabardasth,ETV Jabardasth,Other,13.2M,India,106.4K,1.8K,38,Other,September-2022
584,SRK MUSIC,SRKASSAMESE,Music & Dance,13.2M,India,317.4K,13.8K,542,Other,September-2022
585,Desi Gamers,Desi Gamers,Other,13.2M,India,664.2K,89.8K,4K,Other,September-2022
586,Coke Studio,Coke Studio,Music & Dance,13.2M,Pakistan,1.9M,17.5K,446,Movies,September-2022
587,Like Nastya Stories,Like Nastya Stories,Other,13.2M,Unknown,145.2K,1.1K,0,Other,September-2022
588,Shorts Break,Shorts Break,Other,13.2M,India,15.4M,810.6K,942,Other,September-2022
589,O Reino Infantil,OReinho,Music & Dance,13.2M,Unknown,94.5K,465,0,Other,September-2022
590,theRadBrad,theRadBrad,Video games,13.2M,United States,139.2K,5.9K,484,Other,September-2022
591,The LaBrant Fam,The LaBrant Fam,Music & Dance,13.2M,United States,934.1K,26.4K,0,Humor,September-2022
592,Поззи,PozzitifonShow,Video games,13.2M,Russia,898.6K,34.2K,2.6K,Other,September-2022
593,The Q,The Q,Other,13.1M,United States,2.1M,51K,2.7K,Other,September-2022
594,T-Series Hamaar Bhojpuri,hamaarbhojpuri,Music & Dance,13.1M,India,12.1K,291,33,Other,September-2022
595,Alex Gonzaga Official,Alex Gonzaga Official,Music & Dance,13.1M,Philippines,2.9M,129.8K,2K,Humor,September-2022
596,DALLMYD,DALLMYD,Mystery,13M,United States,464.2K,28.2K,1.5K,Other,September-2022
597,Katakit Baby TV,HusamYK,Music & Dance,13M,Saudi Arabia,484.4K,4.8K,0,Other,September-2022
598,PowerfulJRE,PowerfulJRE,Daily vlogs,13M,United States,1.6M,33.3K,3.7K,Other,September-2022
599,Dear Sir,Dear Sir,Education,13M,India,162.8K,11.4K,747,Other,September-2022
600,Zeinab Harake,Zeinab Harake,Daily vlogs,13M,Philippines,2.5M,136.6K,3.1K,Other,September-2022
601,Ajay Sharma,Ajay Sharma,Other,13M,India,4.4M,245.2K,208,Other,September-2022
602,Matt Steffanina,MattSDance,Music & Dance,13M,United States,116.6K,4.8K,50,Movies,September-2022
603,NishaMadhulika,NishaMadhulika,Food & Drinks,13M,India,191K,5.1K,786,Other,September-2022
604,ATHLEAN-X™,JDCav24,Fitness,13M,United States,616.4K,29.7K,810,Health & Self Help,September-2022
605,Ray William Johnson,RayWilliamJohnson,Animation,13M,United States,3.5M,338.3K,2.8K,Humor,September-2022
606,The Shiny Peanut,The Shiny Peanut,Other,13M,Indonesia,14.4K,371,24,Other,September-2022
607,O Que Não Dizer Oficial,O Que Não Dizer Oficial,Movies,13M,Brazil,419.9K,46.5K,535,Animation,September-2022
608,twenty one pilots,twentyonepilots,Music & Dance,13M,United States,50.5K,5.3K,137,Other,September-2022
609,BBC News,bbcnews,News & Politics,13M,United Kingdom,111.3K,1.6K,819,Other,September-2022
610,Typical Gamer,typicalgamer,Video games,13M,United States,393.8K,10.7K,333,Other,September-2022
611,Everson Zoio,djzoi0,Movies,12.9M,Brazil,539K,71.8K,4.2K,Animation,September-2022
612,KOMPASTV,KompasTVNews,News & Politics,12.9M,Indonesia,8.5K,73,27,Other,September-2022
613,RedeTV,RedeTVhdBrasil,News & Politics,12.9M,Brazil,3.6K,129,4,Other,September-2022
614,MrSuicideSheep,MrSuicideSheep,Other,12.8M,United States,68.4K,3.2K,68,Other,September-2022
615,Veritasium,1veritasium,Science & Technology,12.8M,United States,4.7M,125K,5K,Other,September-2022
616,Hacksmith,MstrJames,Video games,12.8M,United States,323.2K,14.7K,318,Other,September-2022
617,أترو/Atro,أترو/Atro,Other,12.8M,Iraq,413.4K,49.7K,8.5K,Other,September-2022
618,unknown boy varun,unknown boy varun,Music & Dance,12.8M,India,22.4M,2.1M,1.8K,Other,September-2022
619,Jazzghost,jazzghost1,Animation,12.8M,Brazil,952.5K,58.3K,1.7K,Video games,September-2022
620,Rebecca Zamolo,rebeccazamolo1,Video games,12.8M,United States,3.2M,67.7K,8.7K,Humor,September-2022
621,Lady Diana,Lady Diana,Music & Dance,12.8M,Russia,2.1M,63.8K,2.8K,Other,September-2022
622,T-Series Regional,tseriesregional,Music & Dance,12.8M,India,6.5K,119,15,Other,September-2022
623,Top Viral Talent,MusicTalentNow,Other,12.8M,United States,25.1K,302,17,Other,September-2022
624,Crescendo com Luluca,Crescendo com Luluca,Toys,12.8M,Brazil,1.2M,44.6K,4K,Other,September-2022
625,Sony Music South,Sony Music South,Movies,12.8M,India,265.6K,8K,194,Animation,September-2022
626,VexTrex,VexTrex,Other,12.8M,Unknown,97.7K,0,0,Other,September-2022
627,Goldmines Premiere,GoldClassics,Other,12.8M,Unknown,7.6K,145,0,Other,September-2022
628,Ei Nerd,einerdtv,Movies,12.8M,Brazil,284K,39.1K,1.4K,Animation,September-2022
629,#Refúgio Mental,#Refúgio Mental,Movies,12.8M,Brazil,341.7K,9.8K,89,Animation,September-2022
630,ГЛЕНТ,ГЛЕНТ,Video games,12.8M,Russia,1.7M,167.2K,5.4K,Other,September-2022
631,Disney Junior,disneyjunior,Music & Dance,12.7M,Unknown,103.6K,272,0,Other,September-2022
632,Alan Chikin Chow,Alan Chikin Chow,Other,12.7M,India,15M,430.8K,611,Other,September-2022
633,StudyIQ IAS,StudyIQ IAS,Education,12.7M,India,8.6K,475,10,Other,September-2022
634,Health Time,Health Time,Daily vlogs,12.7M,India,6.9K,238,8,Other,September-2022
635,Blossom,Blossom,Other,12.7M,United States,45.8K,1K,11,Other,September-2022
636,BBC,BBC,Movies,12.6M,United Kingdom,19K,275,33,Other,September-2022
637,gymvirtual,gymvirtual,Music & Dance,12.6M,Mexico,94.5K,3.1K,92,Other,September-2022
638,TKOR,1032010814,DIY & Life Hacks,12.6M,United States,62K,1.5K,125,Other,September-2022
639,Lokdhun Punjabi,htpunjabi,Music & Dance,12.6M,India,0,0,0,Other,September-2022
640,BIBO와 장난감,BIBO와 장난감,Other,12.6M,Unknown,51.6K,0,0,Other,September-2022
641,Knowledge Tv हिन्दी,Knowledge Tv हिन्दी,Education,12.6M,India,50.3K,2.1K,105,Other,September-2022
642,Juliana Baltar,Juliana Baltar,Movies,12.6M,Brazil,241.1K,15.4K,477,Humor,September-2022
643,DJ Khaled,DJ Khaled,Music & Dance,12.6M,United States,384.9K,14.4K,756,Other,September-2022
644,Narendra Modi,Narendra Modi,Science & Technology,12.6M,India,26.6K,1.2K,105,News & Politics,September-2022
645,Kabita's Kitchen,Kabita's Kitchen,Other,12.6M,India,333.7K,7.3K,461,Other,September-2022
646,JOJO TV - Hindi Stories,JOJO TV - Hindi Stories,Other,12.6M,India,95.2K,625,0,Other,September-2022
647,Zee Bangla,zeebangla,Other,12.6M,India,17.2K,221,2,Other,September-2022
648,Awakening Music,awakeningrecords,Music & Dance,12.6M,Indonesia,22.5K,2K,97,Other,September-2022
649,Melon City Show - برنامج ولاية بطيخ,Melon City Show - برنامج ولاية بطيخ,Other,12.6M,Iraq,356.8K,16.9K,241,Other,September-2022
650,Adexe & Nau,AdexeOficial,Music & Dance,12.6M,Mexico,44.2K,4.3K,159,Other,September-2022
651,Parafernalha,canalparafernalha,Other,12.6M,Brazil,29.2K,1.8K,11,Other,September-2022
652,JesseAndMike,JesseAndMike,Other,12.6M,United States,986.2K,11.2K,261,Other,September-2022
654,Piuzinho,Piuzinho,Animation,12.5M,Brazil,522.8K,126.8K,2.4K,Humor,September-2022
655,Brawl Stars,Brawl Stars,Animation,12.5M,United States,1.6M,115.4K,5.5K,Other,September-2022
656,ماشا و الدب,ماشا و الدب,Other,12.5M,Unknown,1.1M,6.8K,0,Other,September-2022
657,Peppa Pig em Português Brasil - Canal Oficial,OficialPeppa,Movies,12.5M,Unknown,631.1K,5.4K,0,Animation,September-2022
658,Blockbuster Movies,Blockbuster Movies,Daily vlogs,12.5M,India,146.8K,3.5K,19,Other,September-2022
659,Troom Troom India,Troom Troom India,Other,12.5M,India,269.2K,2.4K,36,Other,September-2022
660,Talking Angela,TalkingAngelaCat,Music & Dance,12.4M,United States,99.4K,3.5K,122,Other,September-2022
661,elliegoulding,elliegoulding,Music & Dance,12.4M,United States,16.7K,1.3K,51,Other,September-2022
662,キッズライン♡Kids Line,runway19co,Toys,12.4M,Unknown,4.6K,0,0,Education,September-2022
663,People Vs Food,React,Food & Drinks,12.4M,United States,637.9K,23K,1.3K,Other,September-2022
664,Come Play With Me,Come Play With Me,Toys,12.4M,Unknown,2.5M,0,0,Other,September-2022
665,Meghan Trainor,Meghan Trainor,Music & Dance,12.4M,United States,17.4K,1.3K,36,Other,September-2022
666,Mythpat,Mythpat,Other,12.4M,India,4.2M,357.3K,16.9K,Other,September-2022
667,LOUD,LOUD,Other,12.4M,Brazil,165.9K,18.1K,241,Other,September-2022
668,CaseyNeistat,caseyneistat,Daily vlogs,12.4M,United States,939.1K,53.6K,4.2K,Other,September-2022
669,Just For Laughs Gags,JustForLaughsTV,Other,12.4M,United States,42.4K,812,32,Other,September-2022
670,Troom Troom PT,Troom Troom PT,Toys,12.4M,Brazil,82.3K,1.7K,61,Other,September-2022
671,Gibby :),Gibby :),Movies,12.4M,Mexico,892.4K,59.7K,1.9K,Other,September-2022
672,The Dodo,TheDodoSite,Animals & Pets,12.4M,United States,471.7K,19.1K,690,Other,September-2022
673,Little Baby Bum en Español,LittleBabyBumEspanol,Education,12.4M,Unknown,37.9K,0,0,Other,September-2022
674,DisneyChannelUK,DisneyChannelUK,Movies,12.3M,Unknown,92.6K,945,0,Humor,September-2022
675,My Mate Nate,My Mate Nate,Other,12.3M,Thailand,1.4M,42.5K,1K,Other,September-2022
676,Think Music India,thinkmusicindia,Music & Dance,12.3M,India,53.1K,2.4K,19,Other,September-2022
677,Bispo Bruno Leonardo,Bispo Bruno Leonardo,Music & Dance,12.3M,Brazil,680.9K,240.8K,186.8K,Other,September-2022
678,Bela Bagunça,Bela Bagunça,Movies,12.3M,Brazil,125.1K,5.7K,201,Animation,September-2022
679,GMA News,gmanews,News & Politics,12.3M,Philippines,3K,34,5,Other,September-2022
680,HZHtube Kids Fun,HZHtube Kids Fun,Animation,12.2M,Unknown,334.1K,2.2K,0,Toys,September-2022
681,FIFA,FIFATV,Sports,12.2M,United States,31.9K,1.4K,34,Other,September-2022
682,DeGoBooM,DeGoBooM,Movies,12.2M,Mexico,367.1K,11.1K,278,Animation,September-2022
683,Geo News,geonews,News & Politics,12.2M,Pakistan,5.7K,87,10,Other,September-2022
684,Más SKabeche,Más SKabeche,Other,12.2M,Mexico,1.5M,97.6K,1.6K,Other,September-2022
685,Trakin Tech,Trakin Tech,News & Politics,12.2M,India,337.2K,19.7K,1.1K,Other,September-2022
686,NDTV,ndtv,News & Politics,12.2M,India,3K,41,10,Other,September-2022
687,Compot,TastyCompot,Video games,12.2M,Russia,1.1M,47.8K,2.1K,Other,September-2022
688,Kids TV India Hindi Nursery Rhymes,kidstvindia,Education,12.2M,Unknown,328.4K,2.1K,0,Other,September-2022
689,DaniRep | +6 Vídeos Diarios De GTA 5 Online!,TheDaniRep,Animation,12.2M,Mexico,206.2K,12K,155,Video games,September-2022
690,Jass Records,officialjassrecords,Music & Dance,12.2M,India,24.7K,1.1K,10,Other,September-2022
691,RaptorGamer,RaptorGamer,Animation,12.1M,Mexico,624.8K,36.9K,1K,Video games,September-2022
692,Sonotek Bhakti,htbhakti,Music & Dance,12.1M,India,83.8K,1.2K,43,Other,September-2022
693,Marta and Rustam,Marta and Rustam,Other,12.1M,India,4.1M,150.6K,116,Other,September-2022
694,Vogue,Americanvogue,Fashion,12.1M,United States,266.4K,13.5K,643,Other,September-2022
695,The Infographics Show,TheInfographicsShow,Education,12.1M,United States,232.2K,7.4K,440,Other,September-2022
696,Jordan Matter,jordanmatter,Music & Dance,12.1M,United States,11.4M,226.3K,21.5K,Humor,September-2022
697,Codiscos,Codiscos,Music & Dance,12M,Unknown,8.9K,209,8,Other,September-2022
698,BanderitaX,BanderitaX,Animation,12M,Saudi Arabia,997.3K,122.1K,4.4K,Video games,September-2022
699,NORMAN FAIT DES VIDÉOS,NormanFaitDesVideos,Movies,12M,France,0,0,0,Animation,September-2022
700,Netflix Jr.,storybots,Animation,12M,Unknown,46.2K,132,0,Humor,September-2022
701,Troom Troom Indonesia,Troom Troom Indonesia,Music & Dance,12M,Indonesia,175.5K,1.6K,43,Movies,September-2022
702,Ice Cream Rolls,Ice Cream Rolls,Other,12M,United States,66K,2.1K,129,Other,September-2022
703,Jamuna TV,Jamuna TV,News & Politics,12M,Bangladesh,19.4K,566,48,Other,September-2022
704,Lulu99,Lulu99,Other,12M,Colombia,1.3M,71.6K,5.1K,Other,September-2022
705,CHHOTU KI MASTI,CHHOTU KI MASTI,Other,12M,India,1.7M,14K,197,Other,September-2022
706,Panda,Panda,Animation,12M,India,754.3K,62.5K,1.3K,Toys,September-2022
707,Akshay Nagwadiya,Akshay Nagwadiya,Other,12M,India,3.4M,257.9K,855,Other,September-2022
708,E-MasterSensei,E-MasterSensei,Movies,12M,Mexico,2M,65.4K,1.3K,Video games,September-2022
709,Technology Gyan,Technology Gyan,Other,12M,India,419K,34.5K,1.7K,Other,September-2022
710,Planet Earth INDIA,Planet Earth INDIA,Daily vlogs,12M,India,53.1K,1.7K,143,Other,September-2022
711,WiederDude,WiederDude,Other,12M,United States,1.6M,19.9K,324,Other,September-2022
712,Yair17,YairAuriazul,Movies,12M,Mexico,239.1K,28.8K,664,Animation,September-2022
713,Yudist Ardhana,Yudist Ardhana,Movies,12M,Indonesia,243.4K,7K,255,Other,September-2022
714,Avril Lavigne,AvrilLavigne,Music & Dance,12M,United States,122.2K,11.8K,454,Other,September-2022
715,Rauw Alejandro,Rauw Alejandro,Music & Dance,11.9M,Peru,0,0,0,Other,September-2022
716,Timba Vk,MrTimbaVk,Animation,11.9M,Mexico,1.1M,48.8K,1.1K,Video games,September-2022
717,Mor Haryanvi,Mor Haryanvi,Music & Dance,11.9M,India,170.7K,1.8K,45,Other,September-2022
718,Kluna Tik,Kluna Tik,Other,11.9M,United States,244.2K,3.2K,224,Other,September-2022
719,CNCO,CNCO,Music & Dance,11.9M,Mexico,161.8K,20.2K,1K,Other,September-2022
720,TV9 Bharatvarsh,TV9 Bharatvarsh,News & Politics,11.9M,India,4.4K,86,3,Other,September-2022
721,Republic Bharat,Republic Bharat,News & Politics,11.9M,India,6.2K,0,7,Other,September-2022
722,Rubius Z,elrubius,Movies,11.9M,Argentina,2.3M,186.9K,2.5K,Animation,September-2022
723,TommyInnit,TommyInnit,Animation,11.8M,United States,2.4M,252.7K,11.1K,Video games,September-2022
724,MrGear,MrGear,Other,11.8M,United States,72.1K,0,93,Other,September-2022
725,Tfue,TTfue,Animation,11.8M,United States,140.3K,6.1K,278,Video games,September-2022
726,emma chamberlain,emma chamberlain,Food & Drinks,11.8M,United States,3.1M,220.9K,6.3K,Other,September-2022
727,MORGENSHTERN,MORGENSHTERN,Music & Dance,11.8M,Russia,0,0,0,Movies,September-2022
728,123 GO!,123 GO!,DIY & Life Hacks,11.8M,United States,374.6K,2.9K,99,Other,September-2022
729,Luan Santana,luansantanaoficial,Music & Dance,11.8M,Brazil,2.2M,33.6K,1.2K,Other,September-2022
730,DANIEL EL TRAVIESO VIDEOS,DANIEL EL TRAVIESO VIDEOS,Animation,11.8M,Colombia,865.3K,42.2K,3K,Humor,September-2022
731,Duo Tiempo De Sol,TiempodeSol,Music & Dance,11.8M,Unknown,122.6K,1.1K,0,Animation,September-2022
732,Nat and Essie,Nat and Essie,Toys,11.8M,United States,54.1K,1.3K,0,Other,September-2022
733,FrontaL Gaming,FrontaL Gaming,Movies,11.8M,Unknown,115.5K,7.3K,307,Animation,September-2022
734,웃웃TwinsFromRussia,N1Noobtubers,Daily vlogs,11.8M,United States,107.9K,5.2K,22,Other,September-2022
735,Луномосик,Луномосик,Video games,11.8M,Russia,2.7M,61.8K,1.7K,Other,September-2022
736,Ben Azelart,Ben Azelart,Video games,11.8M,United States,12.4M,0,27.4K,Humor,September-2022
737,MBC مصر,MBCMASR,Other,11.8M,Egypt,1.9K,25,1,Other,September-2022
738,El Trece,eltreceok,News & Politics,11.7M,Unknown,2.4K,23,5,Other,September-2022
739,Koo Koo TV - Hindi,Koo Koo TV - Hindi,Other,11.7M,India,210.5K,2.9K,71,Other,September-2022
740,办公室小野 Ms Yeah,办公室小野 Ms Yeah,Other,11.7M,United States,520.2K,37.2K,37,Other,September-2022
741,TsMadaan,TsMadaan,Education,11.7M,India,3.5K,269,8,Other,September-2022
742,infobells - Kannada,infobellskannada,Education,11.7M,Unknown,179.6K,987,0,Other,September-2022
743,Luli Pampín,lucygerardi43,Music & Dance,11.7M,Unknown,3.3M,8.2K,0,Animation,September-2022
744,YoungBoy Never Broke Again,YoungBoy Never Broke Again,Music & Dance,11.7M,United States,29.8K,1.7K,95,Other,September-2022
745,Make Joke Of,Make Joke Of,Movies,11.7M,India,14.4M,0,30.6K,Animation,September-2022
746,Halsey,Halsey,News & Politics,11.6M,United States,84.5K,10.1K,206,Other,September-2022
747,First We Feast,FirstWeFeast,Food & Drinks,11.6M,United States,167.2K,3.7K,308,Other,September-2022
748,SBT,SBTonline,Other,11.6M,Brazil,7.8K,332,3,Other,September-2022
749,Indore Physical Academy,Indore Physical Academy,Other,11.6M,India,131.2K,9.1K,207,Other,September-2022
750,Garena Free Fire LATAM,Garena Free Fire LATAM,Other,11.6M,Mexico,39.5K,2.4K,160,Other,September-2022
751,Spider Slack,Spider Slack,Other,11.6M,Brazil,6M,541.7K,614,Other,September-2022
752,Colors Rishtey,KapilComedyNights,Other,11.6M,India,5K,45,2,Other,September-2022
753,Wild 'N Out,MTV2,Music & Dance,11.6M,United States,202K,5.4K,167,Humor,September-2022
754,MC Divertida,MC Divertida,Music & Dance,11.6M,Unknown,276.6K,2.2K,0,Movies,September-2022
755,Vy Qwaint,VyQwaint,Video games,11.6M,United States,1.8M,30.1K,6.1K,Humor,September-2022
756,LipaoGamer,FelipeViktor,Movies,11.6M,Brazil,147.3K,9.6K,143,Animation,September-2022
757,الجانب المُشرق | Bright Side Arabic,الجانب المُشرق | Bright Side Arabic,Other,11.5M,Egypt,27.1K,799,52,Other,September-2022
758,GoldminesAction,GoldminesAction,Other,11.5M,Unknown,17K,207,0,Other,September-2022
759,Black Eyed Peas,blackeyedpeasvideo,Music & Dance,11.5M,United States,28K,1.3K,107,Other,September-2022
760,Pragati Verma Shorts,Pragati Verma Shorts,Other,11.5M,India,439.6K,54.9K,513,Other,September-2022
761,Lofi Girl,Lofi Girl,Music & Dance,11.4M,United States,134.8K,5.1K,204,Other,September-2022
762,Biper y sus Amigos,Biperysusamigos,Music & Dance,11.4M,Unknown,144.7K,0,0,Movies,September-2022
763,Maymo,crackrockcandy,Other,11.4M,United States,275.1K,1.1K,48,Other,September-2022
764,Quantum Tech HD,Quantum Tech HD,Other,11.4M,United States,1.7M,7.3K,144,Other,September-2022
765,Tiana,Tiana,Video games,11.4M,United Kingdom,419.2K,11.3K,916,Humor,September-2022
766,Annoying Orange,realannoyingorange,Movies,11.4M,United States,161K,4.7K,497,Animation,September-2022
767,Mrwhosetheboss,Mrwhosetheboss,Science & Technology,11.4M,United States,5M,273.2K,9.2K,Other,September-2022
768,Маша та Ведмідь,MashaBearUkraine,Education,11.4M,Unknown,184.9K,867,0,Other,September-2022
769,BBC Earth,BBCEarth,Other,11.4M,United States,51.6K,1.2K,76,Other,September-2022
770,ExpCaseros,ExpCaseros,DIY & Life Hacks,11.4M,Spain,76.4K,1.7K,159,Food & Drinks,September-2022
771,CrazyRussianHacker,CrazyRussianHacker,Animation,11.4M,United States,48.7K,1.8K,85,Toys,September-2022
772,Single Track Studio,hawkrecord,Music & Dance,11.4M,India,1.6M,34.8K,1K,Other,September-2022
773,Yoga With Adriene,yogawithadriene,Fitness,11.4M,United States,234.6K,9.6K,1.6K,Other,September-2022
774,UnspeakableReacts,UnspeakableGaming,Video games,11.4M,United States,0,0,0,Other,September-2022
775,SonyLIV,sonyliv,Other,11.4M,India,29.3K,377,13,Other,September-2022
776,Влад и Никита,Влад и Никита,Toys,11.4M,Unknown,836.4K,3K,0,Other,September-2022
777,Franco Escamilla,francoescamilla,Other,11.4M,Mexico,532.4K,15.3K,313,Other,September-2022
778,CaptainSparklez,CaptainSparklez,Video games,11.4M,United States,84.7K,7.3K,357,Other,September-2022
779,CarryisLive,CarryisLive,Other,11.4M,India,753.3K,68.2K,362,Other,September-2022
780,luzugames,luzugames,Animation,11.4M,Mexico,121.3K,13.8K,171,Video games,September-2022
781,Pastor Antônio Júnior,prantoniojunior,Music & Dance,11.4M,Brazil,328.7K,74.8K,7.1K,Other,September-2022
782,MyLifeAsEva,mylifeaseva,Humor,11.4M,United States,0,0,0,Other,September-2022
783,penguinz0,penguinz0,Animation,11.4M,United States,1.7M,80.1K,4.9K,Video games,September-2022
784,POCOYÓ en ESPAÑOL - Canal Oficial,pocoyotv,Other,11.4M,Unknown,357.6K,1.2K,0,Other,September-2022
785,Diana and Roma IND,Diana and Roma IND,Other,11.4M,Unknown,401.6K,1.8K,0,Other,September-2022
786,Star Casablanca | نجوم الدار البيضاء,Star Casablanca | نجوم الدار البيضاء,Music & Dance,11.4M,Iraq,13.7K,594,35,Other,September-2022
787,Kendrick Lamar,Kendrick Lamar,Other,11.4M,United States,0,0,0,Other,September-2022
788,Vlad and Niki PRT,Vlad and Niki PRT,Other,11.4M,Unknown,586.9K,0,0,Other,September-2022
789,Ya - Alisa,Ya - Alisa,Other,11.3M,Unknown,3.4K,25,0,Other,September-2022
790,The Viral Fever,TheViralFeverVideos,Movies,11.3M,India,312.3K,28.9K,476,Humor,September-2022
791,AlArabiya العربية,AlArabiya,News & Politics,11.3M,Algeria,2.6K,50,9,Other,September-2022
792,Danny Fitt,Danny Fitt,Other,11.3M,Mexico,711.1K,62.7K,289,Other,September-2022
793,ToysPlay,ToysPlay,Animation,11.3M,Unknown,118.3K,1.2K,0,Toys,September-2022
794,BakLol Video,BakLol Video,Movies,11.3M,India,935.2K,15K,915,Humor,September-2022
795,Avocado Couple I Crazy Comics,Avocado Couple I Crazy Comics,Other,11.3M,United States,138.2K,1.2K,53,Other,September-2022
796,Fortnite,epicfortnite,Movies,11.2M,United States,169.3K,8.4K,343,Video games,September-2022
797,Genius,RapGeniusVideo,Music & Dance,11.2M,United States,43.6K,2.7K,132,Movies,September-2022
798,The Film Theorists,FilmTheorists,Movies,11.2M,United States,2.5M,156.6K,7.4K,Other,September-2022
799,Cut,watchcut,Humor,11.2M,United States,532.5K,12.7K,688,Other,September-2022
800,"Sen, Momo, Ai & Shii's Channel",oyabakatousan,Daily vlogs,11.2M,Japan,85K,220,2,Other,September-2022
801,Morphle TV,Morphle TV,Animation,11.2M,Unknown,190.4K,0,0,Toys,September-2022
802,bharatzkitchen HINDI,bharatzkitchen HINDI,Other,11.2M,India,257.6K,6.9K,241,Other,September-2022
803,Magic Five,Magic Five,Travel,11.2M,Russia,460.5K,27.4K,2.5K,Other,September-2022
804,Flowers Comedy,Flowers Comedy,Other,11.2M,India,91.7K,1.3K,118,Other,September-2022
805,Acenix,Acenix,Video games,11.2M,Mexico,0,0,0,Other,September-2022
806,Pari's Lifestyle,Pari's Lifestyle,Daily vlogs,11.2M,India,1.1M,14K,331,Other,September-2022
807,HellomaphieMX,HellomaphieMX,Other,11.2M,Mexico,718.9K,45.3K,123,Other,September-2022
808,Mo Vlogs,Mo Vlogs,Humor,11.2M,India,337.5K,14.7K,2K,Autos & Vehicles,September-2022
809,Inside Edition,cbstvdinsideedition,News & Politics,11.2M,United States,179.3K,4.6K,645,Other,September-2022
810,Virgínia Fonseca,Virgínia Fonseca,Movies,11.2M,Brazil,528.2K,40.7K,760,Humor,September-2022
811,Flamingo,Flamingo,Animation,11.2M,United States,2.2M,70.5K,9.5K,Video games,September-2022
812,Taylor RS,Taylor RS,Other,11.2M,United States,75.7K,1.6K,5,Other,September-2022
813,Tyga,TygaTygaTV,Music & Dance,11.2M,United States,9M,288.5K,7K,Other,September-2022
814,Comedy Central,comedycentral,Movies,11.2M,United States,35.5K,1.1K,48,Humor,September-2022
815,Chotoonz TV - Funny Cartoons for Kids,chotoonz,Other,11.2M,Unknown,36.3K,0,0,Other,September-2022
816,Viih Tube,viihtubeoficial,Other,11.1M,Brazil,78.9K,2.8K,104,Other,September-2022
817,OGGY,OGGY,Other,11.1M,Unknown,297.3K,2.6K,0,Other,September-2022
818,DemolitionRanch,DemolitionRanch,Video games,11M,United States,1.6M,75.9K,8.8K,Other,September-2022
819,Barbie,barbie,Other,11M,Unknown,158.7K,1.1K,0,Other,September-2022
820,핑크퐁 (인기 동요・동화),pinkfongko,Education,11M,Algeria,55.4K,140,0,Other,September-2022
821,ExplosmEntertainment,ExplosmEntertainment,Movies,11M,United States,278.7K,18.4K,235,Animation,September-2022
822,Coisa de Nerd,coisadenerd,Design/art,11M,Brazil,588.3K,70.8K,1.2K,Other,September-2022
823,Hueva,XHuevaX,Video games,11M,Mexico,656.9K,16.3K,407,Other,September-2022
824,Emily Tube,Emily Tube,Animation,11M,Unknown,75.4K,14,0,Toys,September-2022
825,TrapMusicHDTV,TrapMusicHDTV,Other,11M,United States,0,0,0,Other,September-2022
826,Oum Walid,Oum Walid,Education,11M,Algeria,308.9K,19.2K,1.5K,Other,September-2022
827,Levinho,Levinho,Other,11M,India,225.2K,20.3K,592,Other,September-2022
828,TWO SIDE GAMERS,TWO SIDE GAMERS,Other,11M,India,724.2K,58.8K,3.3K,Other,September-2022
829,IShowSpeed,IShowSpeed,Video games,11M,United States,1.8M,73K,3.5K,Humor,September-2022
830,RS 1313 SHORTS,RS 1313 SHORTS,Other,11M,India,253.3K,13K,28,Other,September-2022
831,JP Plays,jpgameplayfull,Video games,11M,Brazil,190.5K,8.9K,132,Other,September-2022
832,Telugu Filmnagar,telugufilmnagar,Other,11M,India,3.5K,61,2,Other,September-2022
833,Kênh Thiếu Nhi - BHMEDIA,doctruyencotich,Music & Dance,11M,United States,17K,62,0,Animation,September-2022
834,Rachit Rojha,Rachit Rojha,Other,11M,India,5.2M,108.2K,5.5K,Other,September-2022
835,BIBO и Игрушки,BIBO и Игрушки,Animation,11M,Unknown,0,0,0,Toys,September-2022
836,HikakinTV,HikakinTV,Music & Dance,11M,Japan,2.8M,73.9K,5.1K,Humor,September-2022
837,Slogo,Slogomanify,Video games,11M,United States,377.4K,13.7K,590,Other,September-2022
838,SagaHits,sagahits,Music & Dance,10.9M,India,28.1K,1.3K,84,Other,September-2022
839,Games EduUu,GamesEduUu,Movies,10.9M,Brazil,1.5M,190.5K,5K,Toys,September-2022
840,OYUNCAKOYNUYORUM,OYUNCAKOYNUYORUM,Other,10.9M,Unknown,198K,850,0,Other,September-2022
841,NEXT9NEWS हर खबर आप तक,NEXT9NEWS हर खबर आप तक,News & Politics,10.9M,India,5K,37,2,Other,September-2022
842,Juanpa Zurita,Juanpa Zurita,Other,10.9M,Mexico,454.6K,28.2K,883,Other,September-2022
843,Jessica Jane,Jessica Jane,Food & Drinks,10.9M,Indonesia,1.2M,39.3K,861,Other,September-2022
844,AlJazeera Channel قناة الجزيرة,aljazeerachannel,News & Politics,10.9M,Morocco,7.8K,112,35,Other,September-2022
845,Mundo Bita,mrplotvideos,Music & Dance,10.9M,Unknown,203.4K,876,0,Movies,September-2022
846,Dobre Brothers,Dobre Brothers,Movies,10.9M,United States,457.9K,18.5K,409,Humor,September-2022
847,Vox,Vox,News & Politics,10.8M,United States,334.6K,14.2K,544,Other,September-2022
848,Miranda Sings,mirandasings08,Movies,10.8M,United States,246.5K,11.2K,818,Humor,September-2022
849,قناة وناسة -  Wanasah TV,قناة وناسة -  Wanasah TV,Music & Dance,10.8M,Unknown,2M,11.2K,0,Other,September-2022
850,Experienced Mojaraba TV,Experienced Mojaraba TV,Health & Self Help,10.8M,United States,22.2K,581,9,Food & Drinks,September-2022
851,Pen Multiplex,Pen Multiplex,Other,10.8M,India,8K,69,4,Other,September-2022
852,Videogyan Nursery Rhymes - Kids Songs & Cartoons,videogyan,Animation,10.8M,Unknown,39.2K,158,0,Other,September-2022
853,Troom Troom Arabic,Troom Troom Arabic,Other,10.8M,Egypt,306.6K,6K,264,Other,September-2022
854,Zee Tamil,zeetamil,Other,10.8M,India,12.8K,164,2,Other,September-2022
855,Milena Stepanienco - MILENINHA,Milena Stepanienco - MILENINHA,Movies,10.8M,Brazil,1.7M,10.6K,0,Animation,September-2022
856,Wamindia Movies,WAMIndiaMovies,Other,10.8M,India,157.8K,2.5K,46,Other,September-2022
857,Golemcito Games,Golemcito Games,Movies,10.8M,Peru,1.5M,174.1K,3.6K,Animation,September-2022
858,Deji,ComedyShortsGamer,Animation,10.8M,United Kingdom,2.3M,278.8K,18.1K,Humor,September-2022
859,BE AMAZED,BE AMAZED,Education,10.8M,United States,408.6K,10.3K,650,Other,September-2022
860,Heidi y Zidane en español,Heidi y Zidane en español,Daily vlogs,10.8M,Unknown,250.7K,1.1K,0,Other,September-2022
861,Captain Watch Hits,Captain Watch Hits,Other,10.8M,India,11.2K,75,3,Other,September-2022
862,Nirahua Music World,NirahuaMusic,Other,10.7M,India,893.6K,17.4K,626,Other,September-2022
863,Ceylin - H Official,Ceylin - H Official,Music & Dance,10.7M,Turkey,12.8K,0,0,Other,September-2022
864,RDC Gujarati,RDCGujarati,Music & Dance,10.7M,India,14.4K,417,18,Other,September-2022
865,Primitive Technology,Primitive Technology,DIY & Life Hacks,10.7M,United States,0,0,0,Other,September-2022
866,Goldmines Housefull,Goldmines Housefull,Other,10.7M,Unknown,12.2K,0,0,Other,September-2022
867,HISTORY,historychannel,Movies,10.7M,United States,189.1K,4K,392,Other,September-2022
868,Zee Kids,zeeqindia,Other,10.7M,Unknown,10.4K,75,0,Other,September-2022
869,СТС,ctctv,Video games,10.7M,Russia,178.6K,1.3K,41,Humor,September-2022
870,stampylonghead,stampylonghead,Video games,10.7M,United States,119.2K,6.1K,1.2K,Other,September-2022
871,Kids smile TV,Kids smile TV,Movies,10.7M,Unknown,268.9K,0,0,Toys,September-2022
872,KiKiDo,KiKiDo,Video games,10.7M,Russia,3.8M,72.4K,6.4K,Humor,September-2022
873,ChuChuTV Hindi,ChuChuTV Hindi,Education,10.6M,Unknown,168.5K,1.2K,0,Other,September-2022
874,Jesse,PrankvsPrank,Music & Dance,10.6M,United States,49K,2K,325,Humor,September-2022
875,Caso Cerrado,Caso Cerrado,Animation,10.6M,Mexico,562.1K,5.2K,177,Other,September-2022
876,Franciny Ehlke,francinyehlke,Fashion,10.6M,Brazil,876.2K,96.5K,1.7K,Design/art,September-2022
877,Red Bull,redbull,Sports,10.6M,United States,290.2K,7.3K,240,Other,September-2022
878,Rathore Cassettes,rathorvideo,Other,10.6M,India,8.4K,120,9,Other,September-2022
879,Chill Nation,ChillStepNation,Music & Dance,10.6M,United States,35.5K,914,38,Other,September-2022
880,GoPro,GoProCamera,Sports,10.6M,United States,52.9K,2.1K,71,Other,September-2022
881,TikTak Draw,TikTak Draw,Animation,10.6M,Mexico,107.5K,6.6K,321,Other,September-2022
882,Gustavo Paródias,MrGustavoParodias,Other,10.6M,Brazil,198.6K,20.9K,56,Other,September-2022
883,Google,Google,Other,10.6M,United States,5.5K,105,12,Other,September-2022
884,Cong TV,lincolnvelasquez,Other,10.6M,Philippines,3M,180.3K,5.1K,Other,September-2022
885,AdamThomasMoran,AdamThomasMoran,Video games,10.6M,Russia,577.9K,46.8K,2.3K,Humor,September-2022
886,Joe HaTTab,Joe HaTTab,Movies,10.6M,Somalia,2M,123.7K,4.4K,Other,September-2022
887,Peppa Pig Hindi,Peppa Pig Hindi,Education,10.6M,Unknown,762.1K,4.9K,0,Other,September-2022
888,Matheus e Kauan,MeKcanal,Music & Dance,10.6M,Brazil,5.8K,405,3,Other,September-2022
889,NASA,NASAtelevision,News & Politics,10.6M,United States,182.5K,6.1K,0,Science & Technology,September-2022
890,The Noite com Danilo Gentili,sbtthenoite,Movies,10.6M,Brazil,11.1K,537,25,Humor,September-2022
891,Lucas Rangel,rangeldovine,Other,10.6M,Brazil,288.7K,26.9K,528,Other,September-2022
892,Craftingeek,craftingeek,Other,10.6M,Mexico,111.5K,2.4K,202,Other,September-2022
893,"Baby Big Mouth Kids - Sing, Dance, Explore","Baby Big Mouth Kids - Sing, Dance, Explore",Animation,10.6M,Unknown,716,6,0,Toys,September-2022
894,SmarterEveryDay,destinws2,Science & Technology,10.6M,United States,1.6M,0,6.5K,Other,September-2022
895,Pinkfong en español - Canciones Infantiles,Pinkfong en español - Canciones Infantiles,Animation,10.6M,Unknown,96.7K,213,0,Toys,September-2022
896,As/Is,BuzzFeedYellow,Daily vlogs,10.6M,United States,16.7K,527,18,Other,September-2022
897,Stone Music Entertainment,CJENMMUSIC,Music & Dance,10.6M,United States,4.9K,382,17,Movies,September-2022
898,MTV,MTV,Music & Dance,10.6M,United States,395.9K,9.2K,433,Movies,September-2022
899,DuDuPopTOY,DuDuPopTOY,Animation,10.5M,Unknown,7.2K,70,0,Humor,September-2022
900,Cris Devil Gamer,Cris Devil Gamer,Movies,10.5M,United States,779.2K,24K,615,Animation,September-2022
901,Magnet World,soicon295,Other,10.5M,United States,56.6K,401,11,Other,September-2022
902,Guns N' Roses,Guns N' Roses,Music & Dance,10.5M,Brazil,134.3K,9.7K,249,Other,September-2022
903,fouseyTUBE,fouseyTUBE,Humor,10.5M,United States,122.8K,2.6K,302,Other,September-2022
904,Tanner Fox,MTflims,Autos & Vehicles,10.5M,Unknown,140.4K,7K,521,Humor,September-2022
905,Playing with Rafael,Playing with Rafael,Other,10.5M,Brazil,59K,1.4K,0,Other,September-2022
906,설기양SULGI,설기양SULGI,ASMR,10.5M,United States,955.6K,22.2K,673,Food & Drinks,September-2022
907,Rawan and Rayan,Rawan and Rayan,Other,10.5M,Algeria,1M,70.8K,4.2K,Other,September-2022
908,Hindi Fairy Tales,Hindi Fairy Tales,Other,10.5M,India,788.2K,10.5K,250,Other,September-2022
909,TwinRoozi 쌍둥이 루지,TwinRoozi 쌍둥이 루지,Daily vlogs,10.4M,Indonesia,104.2K,0,0,Other,September-2022
910,How It Should Have Ended,HISHEdotcom,Movies,10.4M,United States,117.7K,8.5K,121,Animation,September-2022
911,"SaraBeautyCorner - DIY, Comedy, Makeup, Nail Art",SaraBeautyCorner,DIY & Life Hacks,10.4M,United States,31.6K,2K,43,Other,September-2022
912,Tomorrowland,TomorrowlandChannel,Music & Dance,10.4M,Brazil,54.7K,1.5K,82,Other,September-2022
913,Toymong tv 토이몽TV,Toymong tv 토이몽TV,Other,10.4M,Unknown,27.1K,210,0,Other,September-2022
914,Hindi Kahaniya,Hindi Kahaniya,Other,10.4M,India,56.1K,836,21,Other,September-2022
915,Stray Kids,Stray Kids,Music & Dance,10.4M,United States,1.1M,141.5K,3.8K,Movies,September-2022
916,Sadhguru,sadhguru,Movies,10.4M,India,134.9K,6.3K,231,Other,September-2022
917,tomiii 11,tomiii 11,Daily vlogs,10.4M,Mexico,74.1K,6.7K,600,Other,September-2022
918,5-Minute Crafts LIKE,5-Minute Crafts LIKE,Other,10.4M,United States,13.3K,140,4,Other,September-2022
919,LA DIVAZA,LA DIVAZA,Music & Dance,10.4M,Mexico,1M,79.7K,6.5K,Humor,September-2022
920,atv,atv,Movies,10.4M,Turkey,11K,116,7,Animation,September-2022
921,GNP Music,GemaNadaPertiwi,Music & Dance,10.4M,Indonesia,57.9K,1.3K,0,Animation,September-2022
922,Sanjoy Das Official,Sanjoy Das Official,Other,10.4M,India,146.6K,24.9K,488,Other,September-2022
923,Lorrayne Oliveira,Lorrayne Oliveira,Animation,10.4M,Brazil,573.4K,28K,1.1K,Humor,September-2022
924,Times Music,timesmusicindia,Music & Dance,10.4M,India,665.1K,10K,620,Other,September-2022
925,Mussoumano,mamilosmolengas,Music & Dance,10.4M,Brazil,1.4M,58.5K,3.2K,Animation,September-2022
926,AsapSCIENCE,AsapSCIENCE,Science & Technology,10.4M,United States,584.6K,29.2K,662,Other,September-2022
927,BBC News عربي,BBCArabicNews,News & Politics,10.4M,Morocco,34.4K,517,121,Other,September-2022
928,Comedy Captain,Comedy Captain,Other,10.4M,India,13.3K,122,4,Other,September-2022
929,はじめしゃちょー（hajime）,0214mex,Music & Dance,10.4M,Japan,1.7M,43.8K,1.8K,Humor,September-2022
930,Heroine Movies 2022,Heroine Movies 2022,Daily vlogs,10.3M,India,248K,1.5K,20,Other,September-2022
931,Laurinha e Helena - Clubinho da Laura,JessicaJulioeBaby,Movies,10.3M,Brazil,157.6K,3.2K,0,Animation,September-2022
932,Talent Recap,Talent Recap,Music & Dance,10.3M,United States,74.8K,558,60,Movies,September-2022
933,Red Chillies Entertainment,ChennaiExp2013,Other,10.3M,India,71.5K,885,23,Other,September-2022
934,Patty Mayo,Patty Mayo,Movies,10.3M,United States,737.5K,27.1K,1.2K,Humor,September-2022
935,Sing King,singkingkaraoke,Music & Dance,10.3M,United States,13.4K,206,13,Other,September-2022
936,PineappleStormTV,PineappleStormTV,Music & Dance,10.2M,Brazil,954.2K,61K,2.1K,Other,September-2022
937,[햄지]Hamzy,[햄지]Hamzy,Other,10.2M,United States,1.9M,40.9K,1K,Other,September-2022
938,Receitas de Pai,Receitas de Pai,Food & Drinks,10.2M,Brazil,92.1K,10.4K,312,Other,September-2022
939,5-Minute Recipes,5-Minute Recipes,Other,10.2M,India,38.2K,414,12,Other,September-2022
940,Hindi Countdown,Hindi Countdown,Education,10.2M,India,1.3M,46.1K,1.2K,Other,September-2022
941,Sab Kuchh Sekho Jano,Sab Kuchh Sekho Jano,News & Politics,10.2M,India,15.2K,1K,36,Other,September-2022
942,Dalas Review,DalasReview,Science & Technology,10.2M,Mexico,568.8K,47.6K,8.7K,Other,September-2022
943,T-STUDIO,T-STUDIO,Other,10.2M,Indonesia,28.4K,851,1,Other,September-2022
944,João Caetano,BrPVPHu3,Other,10.2M,Brazil,486.5K,40.1K,464,Other,September-2022
945,Viki Show,Viki Show,Video games,10.2M,Russia,1.1M,38.7K,1.9K,Toys,September-2022
946,Wylsacom,Wylsacom,News & Politics,10.2M,Russia,403.7K,17.5K,778,Other,September-2022
947,DRJ Records Specials,DRJ Records Specials,Other,10.2M,India,21.5K,123,4,Other,September-2022
948,Miniminter,miniminter,Video games,10.2M,United Kingdom,1.2M,77.1K,1.3K,Humor,September-2022
949,Dynamo Gaming,Dynamo Gaming,Other,10.2M,India,210.2K,22.9K,148,Other,September-2022
950,CS Bisht Vines,CS Bisht Vines,Other,10.2M,India,2.6M,25.9K,752,Other,September-2022
951,Survival Builder,Survival Builder,Other,10.2M,United States,147.5K,2.2K,120,Other,September-2022
952,서은일상이야기,서은일상이야기,Other,10.2M,Unknown,19.7K,148,0,Other,September-2022
953,hasanjr11,hasanjr11,Other,10.2M,Indonesia,656.9K,26.5K,2.6K,Other,September-2022
954,Islam Populer,Islam Populer,Education,10.2M,Indonesia,33.1K,998,129,Other,September-2022
955,Теремок ТВ,TeremokTV,Video games,10.2M,Unknown,100K,845,0,Other,September-2022
956,Family Box,Family Box,Video games,10.2M,Russia,522.2K,13.4K,208,Other,September-2022
957,вДудь,вДудь,News & Politics,10.2M,Russia,0,0,0,Other,September-2022
958,The Daily Show with Trevor Noah,The Daily Show with Trevor Noah,News & Politics,10.2M,United States,261.5K,9.8K,439,Other,September-2022
959,Doctor Mike,Doctor Mike,Health & Self Help,10.1M,United States,1.6M,68.7K,3.7K,Other,September-2022
960,Beast Philanthropy,Beast Philanthropy,Food & Drinks,10.1M,United States,7.9M,504.7K,23.6K,Other,September-2022
961,Shemaroo Bhakti,bhaktisongs,Music & Dance,10.1M,India,8.6K,173,17,Other,September-2022
962,Oneindia Hindi | वनइंडिया हिंदी,Oneindia Hindi | वनइंडिया हिंदी,News & Politics,10.1M,India,2.6K,27,2,Other,September-2022
963,OneRepublic,OneRepublic,Music & Dance,10.1M,United States,512.2K,29.9K,340,Other,September-2022
964,truly,barcroftmedia,News & Politics,10.1M,United States,21.7K,0,111,Other,September-2022
965,Jugnu Kids - Nursery Rhymes and Best Baby Songs,Jugnu Kids - Nursery Rhymes and Best Baby Songs,Animation,10M,Unknown,229.9K,1.7K,0,Other,September-2022
966,ChuChuTV Español,ChuChuTV Español,Toys,10M,Unknown,48K,248,0,Other,September-2022
967,Теремок - Песенки для детей,TeremokSongs,Music & Dance,10M,Russia,110.6K,576,0,Other,September-2022
968,VitalyzdTv,VitalyzdTv,Humor,10M,United States,112.3K,3.7K,574,Other,September-2022
969,EugenBro,EugenBro,Video games,10M,Russia,387.9K,19.5K,2K,Other,September-2022
970,Nickelodeon,Nickelodeon,Movies,10M,Unknown,46.4K,503,0,Animation,September-2022
971,UTKARSH CLASSES JODHPUR,UTKARSH CLASSES JODHPUR,Education,10M,India,150.8K,11K,430,Other,September-2022
972,BERTH-OH,BERTH-OH,Autos & Vehicles,10M,Mexico,770.9K,24.2K,442,Other,September-2022
973,RUOK,RUOK,Other,10M,Brazil,389.9K,43.6K,2.3K,Other,September-2022
974,Vie Channel - HTV2,htv2channel,Music & Dance,10M,United States,70.2K,682,42,Other,September-2022
975,Orkun Işıtmak,ThePersica,Animation,10M,Turkey,1.7M,69.3K,2.9K,Other,September-2022
976,123 GO! Hindi,123 GO! Hindi,Other,10M,India,737.7K,5.7K,48,Other,September-2022
977,Family Fun Pack,familyfunpack,Other,10M,United States,125.3K,2.2K,130,Other,September-2022
978,Netflix Latinoamérica,Netflix Latinoamérica,Other,10M,Unknown,18.3K,551,38,Other,September-2022
979,مصطفى GAME OVER,مصطفى GAME OVER,Other,10M,Iraq,625.8K,73.9K,3.2K,Other,September-2022
980,Little Angel Bahasa Indonesia - Lagu Anak,Little Angel Bahasa Indonesia - Lagu Anak,Music & Dance,10M,Unknown,662.9K,4.1K,0,Toys,September-2022
981,VYRLOriginals,VYRLOriginals,Music & Dance,10M,India,152.9K,6.1K,253,Other,September-2022
982,Mari Maria,makebymarimaria,Fashion,10M,Brazil,78.7K,4.5K,170,DIY & Life Hacks,September-2022
983,Eagle Home Entertainments,Eagle Home Entertainments,Other,10M,India,1.4K,11,0,Other,September-2022
984,SULE PRODUCTIONS,SULE PRODUCTIONS,Other,9.9M,Indonesia,361.7K,10.3K,522,Other,September-2022
985,Shruti Arjun Anand,shrutiarjunanand,Movies,9.9M,India,616.6K,13.2K,625,Humor,September-2022
986,Dharma Productions,Dharma Productions,Other,9.9M,India,32.5K,1.2K,156,Other,September-2022
987,SEVENGERS,SEVENGERS,Other,9.9M,India,5.8M,509.1K,905,Other,September-2022
988,Programa Panico,panicopgm,Toys,9.9M,Brazil,45K,1.7K,48,Other,September-2022
989,QPark,joycetanner,Music & Dance,9.9M,United States,197.6K,13.8K,219,Humor,September-2022
990,The Voice Global,The Voice Global,Music & Dance,9.9M,United States,302.5K,2.9K,78,Other,September-2022
991,NH Studioz,nhstudioz,Other,9.9M,India,20.1K,156,4,Other,September-2022
992,Prince Royce,Prince Royce,Music & Dance,9.9M,United States,6.4K,638,18,Other,September-2022
993,MBCkpop,MBCkpop,Music & Dance,9.9M,Malaysia,2.9K,284,14,Other,September-2022
994,The Bee Family,ehbeefamily,Daily vlogs,9.9M,United States,325.1K,15.7K,184,Other,September-2022
995,Fox News,FoxNewsChannel,News & Politics,9.9M,United States,148.9K,5.5K,1.6K,Other,September-2022
996,Raditya Dika,Raditya Dika,Food & Drinks,9.9M,Indonesia,430.5K,14.8K,741,Other,September-2022
997,Ini Talk Show,IniTalkShow,Music & Dance,9.9M,Indonesia,25.2K,290,17,Humor,September-2022
998,SpriteDer SPD,SpriteDer SPD,Humor,9.9M,Thailand,4.4M,154.4K,3.6K,Other,September-2022
999,Classic Mr Bean,Classic Mr Bean,Other,9.9M,India,132.6K,1.1K,53,Other,September-2022
1000,Heera Gold,Heera Gold,Daily vlogs,9.9M,Pakistan,39.4K,1.6K,161,Other,September-2022
