s.no,Youtube_channel,Youtuber_name,Category,Subscribers,Country,Average_view,Average_likes,Average_comments,Sub-category,Date
1,tseries,T-Series,Music & Dance,229500000.0,India,103800.0,2800.0,158.0,Others,12/8/2022
2,setindia,SET India,Others,147200000.0,India,0.0,0.0,0.0,Others,12/27/2022
4,MrBeast,MrBeast,Video games,117000000.0,United States,68500000.0,2900000.0,99900.0,Humor,12/19/2022
5,PewDiePie,PewDiePie,Animation,111600000.0,United States,1400000.0,110700.0,7800.0,Others,12/28/2022
8,WWEFanNation,WWE,Video games,91800000.0,United States,144900.0,5100.0,207.0,Others,12/2/2022
10,zeemusiccompany,Zee Music Company,Music & Dance,89700000.0,India,89600.0,2400.0,91.0,Others,12/23/2022
11,BLACKPINK,BLACKPINK,Music & Dance,82800000.0,United States,1800000.0,297300.0,4500.0,Others,12/16/2022
12,GoldminesTelefilms,Goldmines,Others,79500000.0,India,53500.0,673.0,27.0,Others,12/14/2022
13,5-Minute Crafts,5-Minute Crafts,Others,77900000.0,India,236200.0,1500.0,57.0,Others,12/28/2022
14,sabtv,Sony SAB,Movies,73900000.0,India,45600.0,757.0,18.0,Animation,12/17/2022
15,BANGTANTV,BANGTANTV,Music & Dance,71700000.0,India,1700000.0,398800.0,8800.0,Others,12/16/2022
16,ibighit,HYBE LABELS,Music & Dance,68800000.0,United States,2900000.0,179600.0,3900.0,Others,12/4/2022
17,KondZilla,Canal KondZilla,Music & Dance,66300000.0,Brazil,39200.0,1700.0,247.0,Others,12/10/2022
18,zeetv,Zee TV,Others,64200000.0,India,8900.0,80.0,2.0,Others,12/4/2022
19,filmigaane,Shemaroo Filmi Gaane,Music & Dance,62600000.0,India,15200.0,172.0,7.0,Others,12/25/2022
22,dudeperfect,Dude Perfect,Video games,58600000.0,United States,7100000.0,207600.0,6700.0,Others,12/29/2022
23,movieclips,Movieclips,Movies,58100000.0,United States,9200.0,142.0,13.0,Animation,12/3/2022
24,colorstv,Colors TV,Others,57600000.0,India,6700.0,73.0,2.0,Others,12/1/2022
25,Marshmello,Marshmello,Music & Dance,56100000.0,United States,1700000.0,88500.0,4500.0,Others,12/1/2022
26,tseriesbhakti,T-Series Bhakti Sagar,Music & Dance,56000000.0,India,20700.0,458.0,44.0,Others,12/22/2022
27,tipsofficial,Tips Official,Music & Dance,55300000.0,India,336600.0,2300.0,84.0,Others,12/28/2022
29,aajtak,Aaj Tak,News & Politics,54900000.0,India,3200.0,45.0,5.0,Others,12/19/2022
30,sonymusicindiaSME,Sony Music India,Music & Dance,54600000.0,India,861600.0,22200.0,286.0,Others,12/2/2022
32,EdSheeran,Ed Sheeran,Music & Dance,52600000.0,United States,222600.0,11100.0,790.0,Others,12/26/2022
33,LooLooKids,LooLoo Kids - Nursery Rhymes and Children's Songs,Music & Dance,51200000.0,United States,332000.0,5500.0,0.0,Others,12/16/2022
34,taylorswift,Taylor Swift,Music & Dance,49600000.0,United States,3500000.0,102100.0,1700.0,Others,12/14/2022
35,yrf,YRF,Music & Dance,49100000.0,India,58900.0,3200.0,29.0,Movies,12/7/2022
38,JuegaGerman,JuegaGerman,Movies,46600000.0,Mexico,874000.0,85900.0,3000.0,Animation,12/16/2022
39,Badabun,Badabun,Others,46000000.0,Mexico,8500.0,394.0,7.0,Others,12/26/2022
40,felipeneto,Felipe Neto,Others,44700000.0,Brazil,884900.0,107000.0,1700.0,Others,12/18/2022
41,BRIGHT SIDE,BRIGHT SIDE,Animation,44200000.0,United States,43100.0,1100.0,77.0,Others,12/4/2022
42,vcsabiavideos,Você Sabia?,Others,44100000.0,Brazil,530700.0,54000.0,874.0,Others,12/3/2022
43,sonymusicindiaVEVO,SonyMusicIndiaVEVO,Music & Dance,43900000.0,India,59400.0,1500.0,51.0,Others,12/16/2022
46,DjWalkzz,Alan Walker,Music & Dance,42700000.0,United States,104500.0,9900.0,477.0,Movies,12/5/2022
47,A4,A4,Animation,42500000.0,Russia,11200000.0,404500.0,27100.0,Humor,12/15/2022
48,ShemarooEnt,Shemaroo,Others,42300000.0,India,47400.0,439.0,13.0,Others,12/22/2022
50,ABSCBNOnline,ABS-CBN Entertainment,Others,41500000.0,Philippines,1400.0,19.0,1.0,Others,12/28/2022
52,speedrecordss,Speed Records,Music & Dance,41500000.0,India,23500.0,1200.0,57.0,Others,12/11/2022
54,LuisitoComunicaa,Luisito Comunica,Others,39800000.0,Mexico,2700000.0,93000.0,2900.0,Others,12/31/2022
56,Shakira,Shakira,Others,39300000.0,United States,207000.0,9400.0,829.0,Others,12/28/2022
57,KimberlyLoaiza,Kimberly Loaiza,Daily vlogs,39000000.0,Mexico,11600000.0,524300.0,16900.0,Others,12/29/2022
58,venus,Ishtar Music,Music & Dance,38700000.0,India,35700.0,941.0,13.0,Others,12/27/2022
59,luccasneto,LUCCAS NETO - LUCCAS TOON,Movies,38400000.0,Brazil,419500.0,6600.0,0.0,Animation,12/27/2022
60,TheEllenShow,TheEllenShow,Others,38300000.0,United States,7700.0,229.0,18.0,Others,12/6/2022
61,gr6explode,GR6 EXPLODE,Music & Dance,38200000.0,Brazil,944900.0,42000.0,821.0,Others,12/1/2022
62,XXXTENTACION,XXXTENTACION,Music & Dance,38100000.0,United States,812500.0,103300.0,8100.0,Others,12/7/2022
64,WorkpointOfficial,WorkpointOfficial,Others,37700000.0,Thailand,8400.0,116.0,5.0,Others,12/29/2022
66,ARY Digital HD,ARY Digital HD,Others,37400000.0,Pakistan,12000.0,93.0,4.0,Others,12/19/2022
67,AddictedA1,CarryMinati,Movies,37300000.0,India,14700000.0,2700000.0,110000.0,Humor,12/19/2022
68,DaddyYankeeOFFTV,Daddy Yankee,Music & Dance,37300000.0,Colombia,60900.0,5100.0,97.0,Others,12/3/2022
70,TEDxTalks,TEDx Talks,Others,36800000.0,United States,,4.0,0.0,Others,12/23/2022
71,shfa,shfa,Daily vlogs,36700000.0,France,2300000.0,31800.0,0.0,Others,12/18/2022
73,Jkk Entertainment,Jkk Entertainment,Others,36500000.0,India,14500000.0,105600.0,1200.0,Others,12/17/2022
74,Mikecrack,Mikecrack,Movies,35700000.0,Mexico,932800.0,76600.0,1500.0,Animation,12/22/2022
75,Ozuna,Ozuna,Music & Dance,35600000.0,United States,24600000.0,141700.0,2400.0,Others,12/7/2022
76,Goldmines Gaane Sune Ansune,Goldmines Gaane Sune Ansune,Music & Dance,35600000.0,India,31100.0,243.0,11.0,Others,12/31/2022
77,gmmonetv,ช่อง one31,Others,35500000.0,Thailand,4300.0,97.0,1.0,Others,12/15/2022
79,UltraHindi,Ultra Bollywood,Others,34600000.0,India,70600.0,429.0,12.0,Others,12/3/2022
80,harpalgeo,HAR PAL GEO,Others,34600000.0,Pakistan,10300.0,88.0,1.0,Others,12/28/2022
82,abpnewstv,ABP NEWS,News & Politics,34300000.0,India,1900.0,20.0,2.0,Others,12/25/2022
83,sonypalindia,Sony PAL,Others,34300000.0,India,8900.0,108.0,8.0,Others,12/2/2022
84,TotalGaming093,Total Gaming,Others,34100000.0,India,477000.0,48800.0,3000.0,Others,12/26/2022
85,YouTube,YouTube,Others,34000000.0,United States,11800000.0,1200000.0,61400.0,Others,12/15/2022
86,markiplierGAME,Markiplier,Animation,34000000.0,United States,2600000.0,164600.0,9200.0,Video games,12/22/2022
88,vegetta777,VEGETTA777,Video games,33600000.0,Mexico,223400.0,22200.0,356.0,Others,12/22/2022
89,Geet MP3,Geet MP3,Music & Dance,33400000.0,India,3800000.0,78000.0,7600.0,Others,12/9/2022
90,tseriesapnapunjab,T-Series Apna Punjab,Music & Dance,33200000.000000004,India,20700.0,897.0,33.0,Others,12/1/2022
92,NoCopyrightSounds,NoCopyrightSounds,Music & Dance,33000000.0,United States,336400.0,12900.0,786.0,Others,12/22/2022
93,IndiaTV,IndiaTV,News & Politics,33000000.0,India,9500.0,167.0,10.0,Others,12/27/2022
94,SSSniperWolf,SSSniperWolf,Humor,33000000.0,United States,2700000.0,76700.0,4600.0,Others,12/29/2022
95,KHANDESHI MOVIES,KHANDESHI MOVIES,Others,32799999.999999996,India,893100.0,9300.0,178.0,Others,12/8/2022
96,Ch3Thailand,Ch3Thailand,Others,32500000.0,Thailand,96800.0,980.0,20.0,Others,12/31/2022
98,selenagomez,Selena Gomez,Others,32000000.0,United States,1600000.0,139300.0,5800.0,Others,12/4/2022
99,tseriesoldisgold,Bollywood Classics,Music & Dance,31900000.0,India,178500.0,1600.0,37.0,Others,12/1/2022
100,erosentertainment,Eros Now Music,Others,31900000.0,India,21900.0,347.0,23.0,Others,12/13/2022
101,GENIAL,GENIAL,Animation,31600000.0,Mexico,33000.0,1100.0,37.0,Others,12/26/2022
102,PowerKidstv,PowerKids TV,Movies,31400000.0,India,205900.0,0.0,0.0,Animation,12/17/2022
103,rajshri,Rajshri,Others,31300000.0,India,24600.0,282.0,10.0,Others,12/26/2022
104,SongsOfIndianCinema,Saregama Music,Music & Dance,31300000.0,India,13700.0,358.0,20.0,Others,12/19/2022
105,MrBean,Mr Bean,Others,31200000.0,India,134800.0,2000.0,68.0,Others,12/30/2022
106,SMTOWN,SMTOWN,Music & Dance,31000000.0,United States,359100.0,36500.0,1100.0,Others,12/23/2022
108,DisneyMusicVEVO,DisneyMusicVEVO,Music & Dance,30800000.0,United States,125500.0,4700.0,245.0,Movies,12/10/2022
109,Ricis Official,Ricis Official,Music & Dance,30600000.0,Indonesia,556700.0,24900.0,726.0,Movies,12/7/2022
110,AllTrapNation,Trap Nation,Music & Dance,30600000.0,United States,45000.0,1900.0,77.0,Others,12/13/2022
111,latenight,The Tonight Show Starring Jimmy Fallon,Movies,30400000.0,United States,126200.0,2300.0,190.0,Humor,12/26/2022
112,rezendeevil,rezendeevil,Movies,30200000.0,Brazil,274900.0,17700.0,416.0,Humor,12/25/2022
113,AttaHalilintar,AH,Music & Dance,30100000.0,Indonesia,767700.0,27400.0,1900.0,Movies,12/29/2022
114,Techno Gamerz,Techno Gamerz,Others,30000000.0,India,6700000.0,349000.0,19800.0,Others,12/27/2022
115,WWRBhojpuri,Worldwide Records Bhojpuri,Music & Dance,29900000.0,India,78700.0,2100.0,91.0,Others,12/5/2022
116,SpinninRec,Spinnin' Records,Music & Dance,29800000.0,United States,33600.0,1700.0,53.0,Others,12/27/2022
117,ImagineDragons,ImagineDragons,Music & Dance,29400000.0,United States,85800.0,9300.0,119.0,Others,12/25/2022
119,MR. INDIAN HACKER,MR. INDIAN HACKER,Others,29100000.0,India,8199999.999999999,640400.0,25300.0,Others,12/1/2022
121,UltraRecords,Ultra Records,Music & Dance,29000000.0,United States,18100.0,703.0,25.0,Others,12/3/2022
122,Maluma,Maluma,Music & Dance,29000000.0,Colombia,3900000.0,97100.0,3000.0,Others,12/6/2022
124,jacksepticeye,jacksepticeye,Video games,28800000.0,United States,1200000.0,68400.0,3900.0,Others,12/7/2022
125,GMANETWORK,GMANetwork,Others,28800000.0,Philippines,3500.0,97.0,1.0,Others,12/5/2022
127,DONA 도나,DONA 도나,Others,28800000.0,United States,1100000.0,7600.0,183.0,Others,12/15/2022
128,Karolgmusic,KAROL G,Music & Dance,28700000.0,Colombia,45900000.0,988600.0,48200.0,Others,12/7/2022
129,TalkingTomCat,Talking Tom,Others,28600000.0,United States,166800.0,875.0,119.0,Others,12/22/2022
131,zeenews,Zee News,News & Politics,28300000.0,India,6700.0,83.0,12.0,Others,12/31/2022
133,TheLateLateShow,The Late Late Show with James Corden,Animation,28000000.0,United States,43200.0,817.0,63.0,Humor,12/26/2022
135,TwiNboTzVids,Lucas and Marcus,Animation,27800000.0,United States,656900.0,18400.0,1100.0,Humor,12/19/2022
136,TheDonato,TheDonato,Others,27800000.0,Mexico,731500.0,49200.0,1000.0,Others,12/12/2022
138,AboFlah,AboFlah,Animation,27200000.0,Iraq,2600000.0,371800.0,11100.0,Video games,12/2/2022
139,adityamusic,Aditya Music,Music & Dance,27100000.0,India,20100.0,371.0,20.0,Others,12/31/2022
140,taylorgangent,Wiz Khalifa,Music & Dance,26900000.0,United States,1100000.0,58300.0,1800.0,Others,12/1/2022
142,michaeljackson,Michael Jackson,Music & Dance,26800000.0,United States,115100.0,7600.0,657.0,Others,12/3/2022
144,enchufetv,enchufetv,Others,26600000.0,Ecuador,231900.0,14200.0,235.0,Others,12/21/2022
145,TheDiamondMinecart,DanTDM,Video games,26300000.0,United States,466600.0,25100.0,2500.0,Others,12/28/2022
147,Sandeep Maheshwari,Sandeep Maheshwari,Daily vlogs,26200000.0,India,1700000.0,111400.0,6900.0,Others,12/15/2022
148,WorldStarHipHopTV,WORLDSTARHIPHOP,Music & Dance,26100000.0,United States,18500.0,551.0,39.0,Others,12/9/2022
149,jypentertainment,JYP Entertainment,Music & Dance,25900000.0,United States,904200.0,110200.0,3900.0,Others,12/2/2022
150,xSkyHeLLxx,Renato Garcia,Movies,25900000.0,Brazil,685900.0,66000.0,1200.0,Animation,12/9/2022
151,VanossGaming,VanossGaming,Animation,25800000.0,United States,1200000.0,54400.0,1400.0,Video games,12/3/2022
154,1MILLION Dance Studio,1MILLION Dance Studio,Others,25700000.0,India,35700.0,2100.0,27.0,Others,12/16/2022
155,LosPolinesios,LosPolinesios,Music & Dance,25700000.0,Mexico,840700.0,37700.0,1700.0,Movies,12/20/2022
156,adityamovies,Aditya Movies,Others,25600000.0,India,27600.0,909.0,28.0,Others,12/14/2022
157,mariliamendoncareal,Marília Mendonça,Music & Dance,25400000.0,Brazil,2400000.0,51000.0,1900.0,Others,12/1/2022
158,beyonce,Beyoncé,Others,25400000.0,United States,0.0,0.0,0.0,Others,12/29/2022
160,Raffy Tulfo in Action,Raffy Tulfo in Action,News & Politics,25300000.0,Philippines,669200.0,9700.0,1300.0,Others,12/30/2022
161,RihannaVEVO,RihannaVEVO,Music & Dance,25300000.0,United States,2000000.0,101000.0,3500.0,Others,12/17/2022
162,NewOnNetflix,Netflix,Movies,25100000.0,United States,96400.0,1600.0,151.0,Animation,12/13/2022
163,Jess No Limit,Jess No Limit,Movies,25100000.0,Indonesia,406600.0,10800.0,797.0,Animation,12/24/2022
165,smosh,Smosh,Movies,24900000.0,United States,127600.0,10400.0,334.0,Humor,12/28/2022
166,WatchMojo,WatchMojo.com,Movies,24900000.0,United States,63000.0,2000.0,235.0,Others,12/12/2022
167,Crazy XYZ,Crazy XYZ,Others,24700000.0,India,4200000.0,322400.0,11100.0,Others,12/28/2022
168,postmalone,Post Malone,Music & Dance,24700000.0,United States,118300.0,11600.0,458.0,Others,12/6/2022
169,davidguettavevo,David Guetta,Music & Dance,24700000.0,Brazil,81000.0,3600.0,184.0,Others,12/23/2022
170,shemaroomovies,Shemaroo Movies,Others,24600000.0,India,44900.0,464.0,12.0,Others,12/4/2022
171,Rans Entertainment,Rans Entertainment,Music & Dance,24500000.0,Indonesia,584200.0,19200.0,502.0,Humor,12/12/2022
172,Amit Bhadana,Amit Bhadana,Humor,24400000.0,India,9300000.0,610300.0,137700.0,Others,12/18/2022
173,LOENENT,1theK (원더케이),Others,24300000.0,Indonesia,7400.0,625.0,24.0,Others,12/3/2022
174,Chloe Ting,Chloe Ting,Fitness,24300000.0,United States,303400.0,11500.0,439.0,Health & Self Help,12/27/2022
175,TheEnaldinhO,Enaldinho,Movies,24200000.0,Brazil,2000000.0,59200.0,1300.0,Others,12/29/2022
176,ColdplayVEVO,Coldplay,Music & Dance,24200000.0,United States,243500.0,14900.0,834.0,Others,12/3/2022
178,ChrisBrownTV,Chris Brown,Music & Dance,24100000.0,United States,20400000.0,773200.0,36200.0,Others,12/8/2022
179,TRANS7indonesia,TRANS7 OFFICIAL,Food & Drinks,24000000.0,Indonesia,4400.0,43.0,5.0,Others,12/4/2022
180,Goldmines Bollywood,Goldmines Bollywood,Others,23900000.0,India,19300.0,105.0,3.0,Others,12/29/2022
181,NinjasHyper,Ninja,Animation,23900000.0,United States,243500.0,11900.0,607.0,Video games,12/26/2022
182,ABPLIVE,ABPLIVE,News & Politics,23900000.0,India,2200.0,47.0,1.0,Others,12/24/2022
183,JamesCharles,James Charles,Beauty,23800000.0,United States,1000000.0,51900.0,1900.0,Fashion,12/11/2022
184,HumNetwork,HUM TV,Others,23700000.0,Pakistan,2700.0,16.0,0.0,Others,12/21/2022
185,Logan Paul,Logan Paul,Video games,23600000.0,United States,4300000.0,252900.0,11500.0,Humor,12/18/2022
187,EnriqueIglesiasPlay,Enrique Iglesias,Music & Dance,23400000.0,United States,103800.0,4000.0,507.0,Others,12/8/2022
189,NickyJamTV,NickyJamTV,Music & Dance,23300000.0,Colombia,30800.0,2000.0,76.0,Movies,12/18/2022
190,netdmuzikk,netd müzik,Music & Dance,23300000.0,Turkey,8500.0,232.0,44.0,Others,12/21/2022
191,Mister Max,Mister Max,DIY & Life Hacks,23300000.0,Russia,481500.0,12700.0,896.0,Others,12/3/2022
193,mildicasdemulher,Tina Pontes,Others,23200000.0,Brazil,71200.0,872.0,0.0,Others,12/28/2022
194,JellyYT,Jelly,Video games,23100000.0,United States,180800.0,8900.0,1000.0,Others,12/7/2022
195,Anuel AA,Anuel AA,Music & Dance,23100000.0,Colombia,2300000.0,152000.0,7500.0,Animation,12/11/2022
197,The Lallantop,The Lallantop,News & Politics,23100000.0,India,24300.0,640.0,76.0,Others,12/23/2022
199,Frost Diamond,Frost Diamond,Music & Dance,23000000.0,Indonesia,396900.0,22100.0,837.0,Video games,12/14/2022
200,MrBeast en Español,MrBeast en Español,Others,23000000.0,Mexico,7200000.0,294100.0,9100.0,Others,12/20/2022
202,onemeeeliondollars,Mark Rober,Science & Technology,22900000.0,United States,5400000.0,408800.0,27600.0,Others,12/17/2022
203,VenusMovies,Venus Movies,Others,22800000.0,India,58800.0,631.0,10.0,Others,12/5/2022
204,Miss Katy,Miss Katy,Video games,22700000.0,Russia,674800.0,14500.0,736.0,Others,12/7/2022
205,DrossRotzank,DrossRotzank,Others,22700000.0,Mexico,1800000.0,146700.0,5900.0,Others,12/21/2022
206,AmericasGotTalent,America's Got Talent,Music & Dance,22700000.0,United States,243000.0,4800.0,126.0,Movies,12/27/2022
207,Technical Guruji,Technical Guruji,Others,22700000.0,India,491100.0,30200.0,1800.0,Others,12/18/2022
209,gmmgrammyofficial,GMM GRAMMY OFFICIAL,Music & Dance,22500000.0,Thailand,4800.0,169.0,3.0,Others,12/6/2022
211,goldmineshindi,Goldmines Movies,Others,22300000.0,India,8500.0,96.0,7.0,Others,12/7/2022
212,TED,TED,Others,22300000.0,United States,20500.0,417.0,66.0,Others,12/18/2022
214,mmoshaya,mmoshaya,Others,22300000.0,Saudi Arabia,1700000.0,17600.0,775.0,Others,12/26/2022
215,WHBBP,White Hill Music,Music & Dance,22200000.0,India,16000.0,829.0,41.0,Others,12/27/2022
216,WaveMusicBhojpuri,Wave Music Bhojpuri,Music & Dance,22200000.0,India,7700.0,91.0,7.0,Others,12/29/2022
217,sia,Sia,Music & Dance,22200000.0,United States,0.0,0.0,0.0,Others,12/25/2022
218,PenIndiaPvtLimited,Pen Movies,Movies,22100000.0,India,173500.0,5500.0,184.0,Animation,12/11/2022
219,Brent Rivera,Brent Rivera,Video games,22100000.0,United States,3200000.0,194500.0,7300.0,Humor,12/9/2022
220,oRugrat,FaZe Rug,Video games,22100000.0,United States,2600000.0,99400.0,7600.0,Humor,12/28/2022
221,Paulo Londra,Paulo Londra,Music & Dance,22100000.0,Argentina,1300000.0,82800.0,2300.0,Others,12/5/2022
222,starplus,StarPlus,Others,21900000.0,India,26100.0,437.0,10.0,Others,12/15/2022
223,PrestonPlayz,Preston,Animation,21900000.0,United States,1000000.0,28400.0,1100.0,Video games,12/9/2022
225,Juan De Dios Pantoja,Juan De Dios Pantoja,Daily vlogs,21700000.0,Mexico,6200000.0,355700.0,5300.0,Others,12/8/2022
228,CharliesVlogs,Charlie Puth,Music & Dance,21600000.0,United States,99500.0,8600.0,528.0,Others,12/28/2022
229,SSundee,SSundee,Video games,21500000.0,United States,1300000.0,68500.0,3600.0,Others,12/27/2022
231,Goldmines Cineplex,Goldmines Cineplex,Others,21400000.0,India,6900.0,58.0,3.0,Others,12/13/2022
232,LankyBox,LankyBox,Video games,21300000.0,United States,262300.0,4100.0,181.0,Others,12/6/2022
233,FGTeeV,FGTeeV,Animation,21300000.0,United States,608400.0,8300.0,1100.0,Video games,12/26/2022
234,Tasty,Tasty,Food & Drinks,21100000.0,United States,60000.0,3400.0,33.0,Others,12/8/2022
235,UltraMovieParlour,Ultra Movie Parlour,Others,20900000.0,India,34600.0,358.0,11.0,Others,12/10/2022
236,NationalGeographic,National Geographic,Others,20900000.0,United States,30700.0,723.0,25.0,Others,12/19/2022
237,5-Minute Crafts DIY,5-Minute Crafts DIY,Music & Dance,20900000.0,India,11100.0,240.0,7.0,Humor,12/12/2022
238,Baim Paula,Baim Paula,Music & Dance,20900000.0,Indonesia,862500.0,50700.0,11500.0,Movies,12/25/2022
240,CanalCanalha,Canal Canalha,Sports,20700000.0,Brazil,1400000.0,160300.0,3900.0,Others,12/20/2022
242,BeastReacts,Beast Reacts,Others,20600000.0,United States,8199999.999999999,228400.0,3900.0,Others,12/28/2022
243,Brave Wilderness,Brave Wilderness,Others,20600000.0,United States,287600.0,9100.0,1000.0,Others,12/11/2022
244,RotanaAudio,Rotana,Music & Dance,20500000.0,Saudi Arabia,16800.0,390.0,25.0,Others,12/21/2022
246,Zhong,Zhong,Others,20500000.0,United States,1400000.0,76800.0,3600.0,Others,12/11/2022
247,Alan Becker,Alan Becker,Animation,20500000.0,United States,808500.0,80800.0,2800.0,Video games,12/17/2022
248,JakePaulProductions,Jake Paul,Fitness,20400000.0,United States,1300000.0,50700.0,1900.0,Others,12/15/2022
251,BuzzFeedVideo,BuzzFeedVideo,Food & Drinks,20300000.0,United States,26900.0,537.0,23.0,Others,12/20/2022
252,TelenovelaTelevisa,Tlnovelas,Others,20300000.0,Mexico,12100.0,241.0,11.0,Others,12/9/2022
253,LazarBeam,LazarBeam,Animation,20300000.0,United States,1600000.0,98200.0,6900.0,Video games,12/2/2022
254,gmapublicaffairs,GMA Public Affairs,News & Politics,20200000.0,Philippines,3700.0,39.0,4.0,Others,12/12/2022
255,MrVivekBindra,Dr. Vivek Bindra: Motivational Speaker,Education,20200000.0,India,320800.0,20100.0,836.0,Others,12/24/2022
257,NetflixIndiaOfficial,Netflix India,Others,20200000.0,India,57300.0,1400.0,89.0,Others,12/7/2022
258,AuthenticGames,AuthenticGames,Movies,20200000.0,Brazil,16700.0,1500.0,176.0,Video games,12/18/2022
259,SlivkiChanel,SlivkiShow,Video games,20100000.0,Russia,2100000.0,121500.0,3500.0,Others,12/29/2022
261,5-Minute Crafts PLAY,5-Minute Crafts PLAY,Others,20100000.0,India,29900.0,216.0,12.0,Others,12/31/2022
262,TheFineBros,REACT,Humor,20100000.0,United States,94100.0,4000.0,227.0,Others,12/4/2022
263,VEVO,Vevo,Music & Dance,20100000.0,United States,51900.0,552.0,19.0,Others,12/31/2022
264,HaerteTest,HaerteTest,Others,20000000.0,India,24600.0,122.0,14.0,Others,12/12/2022
265,pencilmation,Pencilmation,Animation,20000000.0,United States,101600.0,1200.0,47.0,Humor,12/25/2022
266,romeo,Romeo Santos,Music & Dance,19900000.0,United States,69400.0,6500.0,325.0,Others,12/30/2022
267,Mnet,Mnet K-POP,Music & Dance,19900000.0,United States,45500.0,2800.0,177.0,Animation,12/8/2022
268,PTXofficial,Pentatonix,Music & Dance,19900000.0,United States,350500.0,18900.0,959.0,Others,12/23/2022
269,Sun TV,Sun TV,Others,19900000.0,India,62500.0,1400.0,12.0,Others,12/4/2022
270,MARVEL,Marvel Entertainment,Movies,19900000.0,United States,142100.0,8200.0,367.0,Animation,12/27/2022
272,fatosdesconhecidos,Fatos Desconhecidos,Science & Technology,19800000.0,Brazil,108700.0,12300.0,528.0,Others,12/3/2022
273,corbuzier,Deddy Corbuzier,Others,19700000.0,Indonesia,1400000.0,30600.0,3400.0,Others,12/29/2022
274,Noor Stars,Noor Stars,Movies,19700000.0,Iraq,1000000.0,90900.0,5000.0,Humor,12/1/2022
275,gottalentglobal,Got Talent Global,Others,19700000.0,United States,43100.0,778.0,28.0,Others,12/29/2022
276,Infinite,Infinite,Video games,19700000.0,United States,630700.0,15400.0,695.0,Humor,12/3/2022
277,Kurzgesagt,Kurzgesagt – In a Nutshell,Education,19700000.0,United States,4400000.0,211800.0,6300.0,Others,12/18/2022
278,Dushyant kukreja,Dushyant kukreja,Others,19600000.0,India,2100000.0,139700.0,353.0,Others,12/5/2022
279,invictorgs3,invictor,Animation,19600000.0,Mexico,523700.00000000006,35900.0,794.0,Video games,12/1/2022
280,gordonramsay,Gordon Ramsay,Food & Drinks,19500000.0,United States,96000.0,3100.0,273.0,Health & Self Help,12/24/2022
281,Gusttavo Lima Oficial,Gusttavo Lima Oficial,Music & Dance,19500000.0,Brazil,6500000.0,49300.0,1400.0,Others,12/23/2022
283,RobinHoodGamer1,Robin Hood Gamer,Animation,19500000.0,Brazil,739900.0,51300.0,748.0,Video games,12/12/2022
284,NBA,NBA,Sports,19500000.0,United States,39800.0,1500.0,59.0,Others,12/9/2022
285,TroomTroom_Es,Troom Troom Es,Others,19400000.0,Mexico,67000.0,1000.0,56.0,Others,12/9/2022
286,AlejoIgoa,Alejo Igoa,DIY & Life Hacks,19300000.0,Argentina,7600000.0,131100.0,17900.0,Others,12/22/2022
287,OfficialClashOfClans,Clash of Clans,Movies,19300000.0,United States,354600.0,29700.0,767.0,Animation,12/26/2022
288,The Royalty Family,The Royalty Family,Humor,19200000.0,United States,3700000.0,95100.0,0.0,Others,12/18/2022
290,DLSNews,DLS News,News & Politics,19200000.0,India,64099.99999999999,1800.0,155.0,Others,12/5/2022
292,AS Gaming,AS Gaming,Others,19100000.0,India,454700.0,38300.0,904.0,Others,12/19/2022
293,Crafty Panda,Crafty Panda,Music & Dance,19100000.0,India,50700.0,278.0,8.0,Others,12/3/2022
296,BritainsGotTalent09,Britain's Got Talent,Music & Dance,19000000.0,United Kingdom,185000.0,633.0,34.0,Movies,12/8/2022
297,TRT Originals Urdu,TRT Originals Urdu,Others,19000000.0,Pakistan,220300.0,9200.0,196.0,Others,12/6/2022
298,YOLO AVENTURAS,YOLO AVENTURAS,Others,19000000.0,Mexico,812500.0,73000.0,325.0,Others,12/24/2022
299,JimmyKimmelLive,Jimmy Kimmel Live,Movies,18900000.0,United States,207200.0,3300.0,300.0,Others,12/28/2022
300,NichLmao,NichLmao,Daily vlogs,18900000.0,United States,844500.0,45200.0,6700.0,Others,12/5/2022
301,sonotekvideo,Sonotek,Music & Dance,18800000.0,India,28700.0,933.0,111.0,Animation,12/26/2022
303,The ACE Family,The ACE Family,Humor,18700000.0,United States,914200.0,39000.0,3300.0,Others,12/6/2022
304,Junya Official Channel,Junya Official Channel,Others,18700000.0,Japan,411600.0,1700.0,36.0,Others,12/10/2022
306,CookieSwirlC,CookieSwirlC,Video games,18700000.0,United States,101200.0,1600.0,371.0,Others,12/6/2022
307,MiawAug,MiawAug,Video games,18700000.0,Indonesia,492600.0,25300.0,1400.0,Others,12/23/2022
308,Sourav Joshi Vlogs,Sourav Joshi Vlogs,Daily vlogs,18600000.0,India,5600000.0,469800.0,10700.0,Others,12/23/2022
309,Emiway Bantai,Emiway Bantai,Music & Dance,18600000.0,India,1500000.0,174400.0,18600.0,Others,12/24/2022
310,TheWillyrex,TheWillyrex,Others,18500000.0,Spain,14100.0,921.0,303.0,Others,12/18/2022
311,ElTrollino,ElTrollino,Animation,18500000.0,Mexico,680900.0,28000.0,212.0,Video games,12/29/2022
312,Village Cooking Channel,Village Cooking Channel,Others,18500000.0,India,3200000.0,146200.0,2600.0,Others,12/28/2022
313,TheOdd1sOut,TheOdd1sOut,Movies,18500000.0,United States,908200.0,71700.0,1000.0,Animation,12/17/2022
314,HiBestMan,HiMan,Video games,18500000.0,Russia,924600.0,62000.0,2400.0,Others,12/1/2022
315,kbsworld,KBS WORLD TV,Others,18500000.0,Indonesia,4600.0,115.0,6.0,Others,12/17/2022
318,DanielSaboya,Dan-Sa / Daniel Saboya,Music & Dance,18400000.0,Brazil,35000.0,778.0,39.0,Animation,12/18/2022
319,SCTVIndonesia,SCTV,Music & Dance,18300000.0,Indonesia,14400.0,272.0,23.0,Movies,12/15/2022
320,PDKFilms,PDK Films,Movies,18300000.0,United States,534800.0,17200.0,1100.0,Animation,12/29/2022
321,farrukotv,Farruko,Music & Dance,18300000.0,United States,4099999.9999999995,86700.0,3400.0,Others,12/22/2022
322,Rafa & Luiz,Rafa & Luiz,Video games,18300000.0,Brazil,590900.0,31800.0,812.0,Others,12/10/2022
323,Unbox Therapy,Unbox Therapy,Science & Technology,18300000.0,United States,1200000.0,4500.0,377.0,Others,12/9/2022
324,Vsauce,Vsauce,Science & Technology,18200000.0,United States,2000000.0,177800.0,8700.0,Others,12/17/2022
325,DUDUeCAROL,DUDU e CAROL,Others,18200000.0,Brazil,2100000.0,87900.0,390.0,Others,12/16/2022
327,GEN HALILINTAR,GEN HALILINTAR,Music & Dance,18200000.0,Indonesia,241100.0,8000.0,197.0,Humor,12/9/2022
328,etvteluguindia,etvteluguindia,Others,18100000.0,India,19500.0,216.0,4.0,Others,12/6/2022
330,Naisa Alifia Yuriza (N.A.Y),Naisa Alifia Yuriza (N.A.Y),Music & Dance,18000000.0,Indonesia,169000.0,9200.0,140.0,Movies,12/2/2022
331,STARVIJAY,Vijay Television,Others,18000000.0,India,14300.0,244.0,8.0,Others,12/28/2022
332,dj47maryn,Marmok,Animation,18000000.0,Russia,3900000.0,310900.0,8200.0,Video games,12/9/2022
333,rsiammusic,RsiamMusic : อาร์สยาม,Music & Dance,18000000.0,Thailand,7700.0,145.0,10.0,Others,12/18/2022
335,ThePoznavatel,Познаватель,Toys,17900000.0,Russia,1100000.0,41900.0,1800.0,DIY & Life Hacks,12/3/2022
336,rhettandlink2,Good Mythical Morning,Food & Drinks,17900000.0,United States,959700.0,34000.0,1400.0,Others,12/6/2022
338,Matroix,Ali-A,Video games,17900000.0,United States,511200.0,19300.0,3000.0,Others,12/30/2022
339,TEDEducation,TED-Ed,Science & Technology,17900000.0,United States,344700.0,14800.0,642.0,Others,12/18/2022
340,7clouds,7clouds,Music & Dance,17800000.0,United States,156000.0,2200.0,111.0,Others,12/27/2022
341,TheGrefg,TheGrefg,Animation,17700000.0,Spain,1100000.0,80400.0,1400.0,Video games,12/30/2022
343,SebastianYatra,Sebastián Yatra,Music & Dance,17700000.0,Colombia,14300.0,1400.0,112.0,Others,12/2/2022
344,JFlaMusic,JFlaMusic,Music & Dance,17700000.0,United States,76900.0,5600.0,181.0,Others,12/7/2022
346,aMOODIEsqueezie,SQUEEZIE,Others,17600000.0,France,6100000.0,398700.0,6500.0,Others,12/6/2022
347,FactTechz,FactTechz,Education,17600000.0,India,615100.0,38100.0,1400.0,Others,12/16/2022
348,SOMOY TV,SOMOY TV,Daily vlogs,17600000.0,Bangladesh,7500.0,145.0,15.0,Others,12/8/2022
349,SUPER SLICK SLIME SAM,SUPER SLICK SLIME SAM,Others,17600000.0,Mexico,191200.0,6400.0,116.0,Others,12/28/2022
350,RobleisIUTU,RobleisIUTU,Movies,17600000.0,Argentina,733600.0,53900.0,1300.0,Animation,12/18/2022
351,grammygoldofficia,Grammy Gold Official,Music & Dance,17600000.0,Thailand,10100.0,396.0,10.0,Others,12/9/2022
352,portadosfundos,Porta dos Fundos,Movies,17500000.0,Brazil,799200.0,70500.0,1000.0,Animation,12/16/2022
353,rkddigital,RKD Studios,Others,17500000.0,India,563900.0,13000.0,173.0,Others,12/8/2022
354,Sony AATH,Sony AATH,Others,17500000.0,Bangladesh,172100.0,1700.0,38.0,Others,12/19/2022
355,Stubborn Facts,Stubborn Facts,News & Politics,17500000.0,India,458800.0,6100.0,151.0,Others,12/29/2022
356,alanalan9635,Stokes Twins,Video games,17400000.0,United States,11900000.0,312400.0,26500.0,Humor,12/3/2022
357,ArabGamesNetwork,شبكة العاب العرب | Arab Games Network,Others,17400000.0,Algeria,178000.0,18800.0,806.0,Others,12/20/2022
358,iberethenorio,Manual do Mundo,Science & Technology,17300000.0,Brazil,343300.0,39000.0,773.0,Others,12/1/2022
359,Dhar Mann,Dhar Mann,Health & Self Help,17300000.0,United States,5000000.0,82000.0,4900.0,Others,12/29/2022
360,triggeredinsaan,Triggered Insaan,Humor,17300000.0,India,7800000.0,665800.0,13800.0,Others,12/17/2022
361,indiancomedy,Shemaroo Comedy,Others,17300000.0,India,62900.0,596.0,12.0,Others,12/5/2022
362,Willyrex,Willyrex,Video games,17200000.0,Mexico,76200.0,6400.0,101.0,Others,12/10/2022
363,Sidemen,Sidemen,Video games,17200000.0,United Kingdom,9700000.0,583700.0,17500.0,Humor,12/12/2022
364,Goldmines Great Indian Comedy,Goldmines Great Indian Comedy,Others,17200000.0,India,8200.0,102.0,4.0,Others,12/15/2022
365,fedevigevani,Fede Vigevani,Others,17200000.0,Mexico,3000000.0,170700.0,6700.0,Others,12/29/2022
366,EeOneGuy,EeOneGuy,Music & Dance,17100000.0,Russia,269200.0,9100.0,6500.0,Others,12/8/2022
367,Jane ASMR 제인,Jane ASMR 제인,Daily vlogs,17100000.0,Indonesia,300400.0,4700.0,265.0,Others,12/23/2022
368,musicalrmastv,الـريماس - Al-Remas,Music & Dance,17000000.0,Iraq,80400.0,2500.0,235.0,Others,12/2/2022
369,IGNentertainment,IGN,Others,17000000.0,United States,49000.0,1200.0,150.0,Others,12/21/2022
370,JasonDerulo,Jason Derulo,Music & Dance,17000000.0,United States,54500.0,2900.0,44.0,Others,12/20/2022
372,aynakoitsroi,Guava Juice,Others,17000000.0,United States,94800.0,2000.0,305.0,Others,12/22/2022
373,AnittaOficial,Anitta,Music & Dance,16900000.0,Brazil,616500.0,44300.0,2500.0,Others,12/17/2022
374,tanboykun,tanboy kun,Music & Dance,16900000.0,Indonesia,1800000.0,38900.0,1800.0,Others,12/15/2022
376,zbingzbing,zbing z.,Animation,16900000.0,Thailand,325600.0,10800.0,439.0,Video games,12/5/2022
379,TheBrianMaps,TheBrianMaps,Video games,16800000.0,Russia,1300000.0,195100.0,11800.0,Humor,12/14/2022
380,Tu COSMOPOLIS,Tu COSMOPOLIS,News & Politics,16800000.0,Mexico,75500.0,5900.0,481.0,Others,12/6/2022
381,Dangal TV Channel,Dangal TV Channel,Others,16800000.0,India,89400.0,792.0,5.0,Others,12/16/2022
382,Katie Angel,Katie Angel,Others,16700000.0,Mexico,191800.0,11400.0,1400.0,Others,12/4/2022
383,LIV Crime,LIV Crime,Daily vlogs,16700000.0,India,93600.0,1100.0,29.0,Others,12/8/2022
384,Prajapati News,Prajapati News,Others,16700000.0,India,17800.0,1100.0,55.0,Others,12/11/2022
386,jquintanac5,DeToxoMoroxo,Movies,16600000.000000002,Mexico,194300.0,14800.0,3600.0,Animation,12/10/2022
387,Bizarrap,Bizarrap,Music & Dance,16600000.000000002,Argentina,43400000.0,2600000.0,134900.0,Movies,12/4/2022
388,queenofficial,Queen Official,Music & Dance,16600000.000000002,United States,162800.0,16500.0,1100.0,Movies,12/5/2022
389,IDEAS EN 5 MINUTOS,IDEAS EN 5 MINUTOS,Others,16600000.000000002,Mexico,40100.0,270.0,7.0,Others,12/18/2022
390,News24page,News24,News & Politics,16500000.0,India,2100.0,36.0,6.0,Others,12/23/2022
391,GameTheory,The Game Theorists,Science & Technology,16399999.999999998,United States,1900000.0,98800.0,5300.0,Others,12/29/2022
392,VICE,VICE,News & Politics,16399999.999999998,United States,337000.0,8000.0,1300.0,Others,12/18/2022
393,TRANSTVofficial,TRANS TV Official,Music & Dance,16399999.999999998,Indonesia,1100.0,15.0,2.0,Others,12/8/2022
394,lescopaque,Les' Copaque Production,Others,16399999.999999998,Indonesia,1200000.0,13900.0,241.0,Others,12/10/2022
395,Sandra Cires Art,Sandra Cires Art,Others,16399999.999999998,Colombia,484500.0,30700.0,1600.0,Others,12/5/2022
396,ppextras,ExtraPolinesios,Daily vlogs,16399999.999999998,Mexico,51900.0,3400.0,679.0,Others,12/28/2022
397,marquesbrownlee,Marques Brownlee,Science & Technology,16399999.999999998,United States,2600000.0,100000.0,5300.0,Others,12/6/2022
399,AMARINTV : อมรินทร์ทีวี,AMARINTV : อมรินทร์ทีวี,News & Politics,16300000.0,Thailand,10300.0,124.0,17.0,Others,12/19/2022
401,Kaykai Salaider,Kaykai Salaider,Movies,16300000.0,Thailand,358900.0,26800.0,1100.0,Humor,12/12/2022
402,And TV,And TV,Others,16200000.0,India,2000.0,15.0,1.0,Others,12/14/2022
403,failarmy,FailArmy,Animation,16200000.0,United States,1500000.0,19800.0,1000.0,Humor,12/15/2022
404,Aayu and Pihu Show,Aayu and Pihu Show,Movies,16200000.0,India,2900000.0,70900.0,5900.0,Humor,12/6/2022
405,KSIOlajidebtHD,JJ Olatunji,Others,16200000.0,United States,2300000.0,164800.0,4800.0,Others,12/13/2022
407,IvanaAlawi,Ivana Alawi,Daily vlogs,16200000.0,Philippines,2400000.0,96200.0,5700.0,Others,12/21/2022
408,boyceavenue,Boyce Avenue,Music & Dance,16100000.000000002,Brazil,410600.0,10500.0,266.0,Others,12/5/2022
409,AlanChikinChow,Alan Chikin Chow,Others,16100000.000000002,India,129100.0,1200.0,81.0,Others,12/3/2022
411,popchartbusters,Pop Chartbusters,Music & Dance,16000000.0,India,6800.0,114.0,10.0,Others,12/13/2022
412,MegatoadStonie,Matt Stonie,Food & Drinks,16000000.0,United States,2400000.0,125900.0,1800.0,Others,12/30/2022
413,PitbullMusic,Pitbull,Music & Dance,16000000.0,United States,15000.0,817.0,22.0,Others,12/27/2022
414,DopeLyrics,DopeLyrics,Music & Dance,16000000.0,United States,10600.0,256.0,34.0,Others,12/7/2022
417,FunFunMiniWorld,FunFun Toy Doll TV,Others,16000000.0,United States,35700.0,508.0,0.0,Others,12/7/2022
419,Enes Batur,Enes Batur,Video games,15900000.0,Turkey,2200000.0,166900.0,8300.0,Humor,12/26/2022
420,AdMe,AdMe,Animation,15800000.0,Russia,39300.0,1100.0,57.0,Others,12/11/2022
421,OGatoGalactico,Gato Galactico | GALÁXIA,Animation,15800000.0,Brazil,171800.0,8200.0,123.0,Others,12/8/2022
422,Busy Fun Ltd,Busy Fun Ltd,Others,15800000.0,India,1800000.0,10000.0,327.0,Others,12/31/2022
423,movieclipsTRAILERS,Rotten Tomatoes Trailers,Movies,15800000.0,United States,40900.0,760.0,86.0,Animation,12/16/2022
424,RCTI - LAYAR DRAMA INDONESIA,RCTI - LAYAR DRAMA INDONESIA,Music & Dance,15800000.0,Indonesia,16000.0,260.0,14.0,Movies,12/28/2022
427,Dyland PROS,Dyland PROS,Movies,15700000.0,Indonesia,31200.0,1700.0,111.0,Animation,12/10/2022
428,wifistudy,wifistudy,Education,15700000.0,India,8900.0,741.0,26.0,Others,12/12/2022
429,With Kids[위드키즈],With Kids[위드키즈],Others,15700000.0,United States,145500.0,0.0,0.0,Others,12/19/2022
430,laharimusic,Lahari Music | T-Series,Music & Dance,15700000.0,India,7300.0,147.0,7.0,Others,12/28/2022
431,SriBalajiMovies,SriBalajiMovies,Others,15600000.0,India,17300.0,123.0,2.0,Others,12/7/2022
432,Zach Choi ASMR,Zach Choi ASMR,Daily vlogs,15600000.0,United States,2100000.0,207000.0,830.0,Others,12/7/2022
433,SAM SMITH,SAM SMITH,Others,15600000.0,United States,108300.0,6900.0,252.0,Others,12/13/2022
434,RomanAtwoodVlogs,Roman Atwood Vlogs,Movies,15600000.0,United States,619300.0,27600.0,1300.0,Humor,12/26/2022
435,T3DDYgames,T3ddy,Daily vlogs,15600000.0,Brazil,504500.0,53500.0,1600.0,Others,12/20/2022
438,gmmtv,GMMTV OFFICIAL​​,Music & Dance,15500000.0,Thailand,42400.0,801.0,17.0,Movies,12/29/2022
439,news18India,News18 India,News & Politics,15400000.0,India,1200.0,15.0,1.0,Others,12/25/2022
440,bbtvch7,Ch7HD,Others,15400000.0,Thailand,7700.0,202.0,3.0,Others,12/20/2022
442,popskids,POPS Kids,Animation,15400000.0,Indonesia,2800.0,20.0,0.0,Others,12/28/2022
443,LOKESH GAMER,LOKESH GAMER,Others,15400000.0,India,208000.0,23900.0,864.0,Others,12/21/2022
444,Kerajinan 5-Menit,Kerajinan 5-Menit,Music & Dance,15400000.0,Indonesia,15100.0,121.0,5.0,Others,12/6/2022
445,LEGO,LEGO,Animation,15300000.0,United States,23700.0,444.0,0.0,Others,12/16/2022
446,SelenaGomezVEVO,SelenaGomezVEVO,Music & Dance,15300000.0,United States,1900000.0,149400.0,6100.0,Others,12/3/2022
447,bbchindi,BBC News Hindi,News & Politics,15300000.0,India,133400.0,0.0,258.0,Others,12/5/2022
448,ndtvindia,NDTV India,News & Politics,15300000.0,India,7400.0,164.0,24.0,Others,12/17/2022
449,La Rosa de Guadalupe,La Rosa de Guadalupe,Others,15300000.0,Mexico,208800.0,1600.0,42.0,Others,12/5/2022
450,narendramodionline,NMF News,News & Politics,15300000.0,India,9300.0,190.0,19.0,Others,12/28/2022
451,hejproducao,Henrique e Juliano,Music & Dance,15200000.0,Brazil,41900.0,2600.0,34.0,Others,12/16/2022
452,5-Minute Crafts FAMILY,5-Minute Crafts FAMILY,Others,15200000.0,India,13000.0,128.0,5.0,Others,12/25/2022
454,sagawa,Sagawa /さがわ,Others,15200000.0,United States,200800.0,1300.0,36.0,Others,12/31/2022
455,newvolgavideo,Volga Video,Others,15200000.0,India,3200.0,27.0,1.0,Others,12/14/2022
456,mkmusicnews,MK MUSIC,Music & Dance,15200000.0,Brazil,19800.0,1800.0,35.0,Others,12/16/2022
457,TheRichest,TheRichest,News & Politics,15200000.0,United States,11400.0,419.0,55.0,Others,12/16/2022
459,TalkingFriends,Talking Tom & Friends,Animation,15200000.0,United States,191100.0,1700.0,0.0,Humor,12/12/2022
460,حِرف إبداعية في 5 دقائق,حِرف إبداعية في 5 دقائق,Others,15200000.0,Egypt,31500.0,244.0,9.0,Others,12/8/2022
461,thairathonline,Thairath Online,News & Politics,15100000.0,Thailand,10600.0,139.0,20.0,Others,12/3/2022
462,Makiman131,Makiman131,Movies,15100000.0,Spain,409000.0,35700.0,744.0,Animation,12/29/2022
463,LinusTechTips,Linus Tech Tips,Science & Technology,15100000.0,United States,1500000.0,60200.0,3300.0,Others,12/24/2022
464,nianaguerrero,Niana Guerrero,Music & Dance,15000000.0,Philippines,473800.0,19000.0,779.0,Humor,12/26/2022
465,mariale,Mariale,Others,15000000.0,Mexico,155700.0,3800.0,183.0,Others,12/15/2022
466,ranziscool,Ranz Kyle,Humor,15000000.0,Philippines,520799.99999999994,14900.0,311.0,Others,12/14/2022
467,pognalishow,Дима Масленников,Video games,15000000.0,Russia,4800000.0,408600.0,18500.0,Others,12/11/2022
468,TWICE,TWICE,Music & Dance,15000000.0,Philippines,545500.0,64900.00000000001,843.0,Movies,12/22/2022
469,RiotGamesInc,League of Legends,Movies,15000000.0,United States,1400000.0,48200.0,3400.0,Animation,12/8/2022
470,TeamFilmsBhojpuri,Team Films Bhojpuri,Music & Dance,15000000.0,India,12900.0,300.0,50.0,Movies,12/19/2022
471,BollywoodClassics,Bollywood Classics,Music & Dance,15000000.0,India,22400.0,165.0,7.0,Others,12/5/2022
472,ChallengeAcceptedInc,Aphmau,Animation,14900000.0,United States,2100000.0,50400.0,3600.0,Video games,12/23/2022
473,Zach King,Zach King,Movies,14900000.0,United States,2600000.0,20600.0,951.0,Humor,12/27/2022
475,PragatiVermaaShorts,Pragati Verma Shorts,Others,14900000.0,India,2600000.0,213900.0,670.0,Others,12/8/2022
476,Daftar Populer,Daftar Populer,News & Politics,14900000.0,Indonesia,51000.0,1200.0,113.0,Others,12/10/2022
477,CraftBattleDuty,Lachlan,Video games,14900000.0,United States,535300.0,18700.0,749.0,Others,12/21/2022
478,Unspeakable,Unspeakable,Video games,14900000.0,United States,2800000.0,41100.0,3800.0,Humor,12/10/2022
479,zncoficial,Zé Neto e Cristiano,Others,14800000.0,Brazil,18900.0,1600.0,21.0,Others,12/5/2022
480,ERB,ERB,Music & Dance,14800000.0,United States,2400000.0,167200.0,20900.0,Animation,12/21/2022
481,kwebbelkop,Kwebbelkop,Animation,14800000.0,United States,68300.0,1600.0,188.0,Video games,12/24/2022
482,MobileLegends5v5MOBA,Mobile Legends: Bang Bang Official,Movies,14800000.0,Indonesia,269900.0,4000.0,369.0,Animation,12/14/2022
483,Arif muhammad,Arif muhammad,Music & Dance,14800000.0,Indonesia,2600000.0,53700.0,1600.0,Movies,12/30/2022
486,jemproducoes,Jorge & Mateus Oficial,Music & Dance,14800000.0,Brazil,16600.0,921.0,34.0,Others,12/17/2022
487,iTownGamePlay,iTownGamePlay *Terror&Diversión*,News & Politics,14800000.0,Mexico,65800.0,4400.0,178.0,Others,12/4/2022
488,It's Mamix,It's Mamix,DIY & Life Hacks,14800000.0,Russia,3900000.0,230100.0,8600.0,Others,12/4/2022
489,majorlazer,Major Lazer Official,Music & Dance,14800000.0,United States,13300.0,574.0,13.0,Movies,12/5/2022
491,MSA previously My Story Animated,MSA previously My Story Animated,Animation,14700000.0,United States,6400000.0,164100.0,5000.0,Humor,12/12/2022
493,LEGENDA FUNK,LEGENDA FUNK,Music & Dance,14700000.0,Brazil,7700.0,273.0,7.0,Animation,12/16/2022
494,XpressTV,XpressTV,Science & Technology,14700000.0,Mexico,1200000.0,35800.0,405.0,Others,12/14/2022
495,حقائق وأسرار,حقائق وأسرار,Others,14700000.0,Egypt,32800.0,1100.0,69.0,Others,12/21/2022
496,IDEIAS INCRÍVEIS,IDEIAS INCRÍVEIS,Others,14600000.0,Brazil,11500.0,182.0,5.0,Others,12/18/2022
497,FueledByRamen,Fueled By Ramen,Others,14600000.0,United States,82400.0,1800.0,119.0,Others,12/18/2022
498,Taarak Mehta Ka Ooltah Chashmah,Taarak Mehta Ka Ooltah Chashmah,Others,14600000.0,India,161800.0,2900.0,48.0,Others,12/23/2022
499,MattyBRaps,MattyBRaps,Music & Dance,14600000.0,United States,27500.0,735.0,0.0,Movies,12/12/2022
500,collegehumor,CollegeHumor,Movies,14600000.0,United States,251100.0,17200.0,600.0,Humor,12/23/2022
501,IISuperwomanII,Lilly Singh,Animation,14600000.0,United States,43000.0,2400.0,71.0,Humor,12/8/2022
502,zeefilmimusic,Zee Music Classic,Others,14600000.0,India,3500.0,55.0,2.0,Others,12/18/2022
503,PlayStation,PlayStation,Others,14600000.0,United States,33300.0,1200.0,112.0,Others,12/17/2022
504,CNN,CNN,Music & Dance,14600000.0,United States,259500.0,3600.0,1800.0,Animation,12/11/2022
505,UFC,UFC - Ultimate Fighting Championship,Sports,14600000.0,United States,63200.0,1400.0,239.0,Others,12/17/2022
506,Genierock,Genierock,Music & Dance,14600000.0,Thailand,327600.0,8300.0,315.0,Others,12/15/2022
508,Drawblogs,Drawblogs,Movies,14500000.0,Mexico,15000.0,793.0,59.0,Animation,12/9/2022
509,TheABSCBNNews,ABS-CBN News,News & Politics,14500000.0,Philippines,2700.0,24.0,4.0,Others,12/6/2022
510,Ajay Sharma,Ajay Sharma,Others,14500000.0,India,409800.0,30700.0,56.0,Others,12/22/2022
511,Gyan Gamingㅤ,Gyan Gamingㅤ,Others,14500000.0,India,103300.0,11100.0,424.0,Others,12/20/2022
512,Daily Dose Of Internet,Daily Dose Of Internet,Animals & Pets,14500000.0,United States,4400000.0,222900.0,6500.0,Others,12/18/2022
513,انصالة فاميلي I أنس و أصالة,انصالة فاميلي I أنس و أصالة,Others,14400000.0,Egypt,2200000.0,135400.0,3500.0,Others,12/28/2022
515,Super Polina,Super Polina,Others,14400000.0,Russia,3700.0,28.0,0.0,Others,12/24/2022
516,chadwildclay,Chad Wild Clay,Movies,14400000.0,United States,1100000.0,24800.0,4400.0,Humor,12/10/2022
517,MartinGarrix,Martin Garrix,Music & Dance,14400000.0,United States,35200.0,3300.0,73.0,Others,12/13/2022
518,MY FAMILY,MY FAMILY,Others,14400000.0,India,615800.0,3500.0,74.0,Others,12/25/2022
519,Kuplinov ► Play,Kuplinov ► Play,Video games,14400000.0,Russia,1900000.0,118900.0,2600.0,Others,12/23/2022
521,CH8vdo,ช่อง8 : Thai Ch8,Others,14400000.0,Thailand,,9.0,0.0,Others,12/12/2022
522,A2 Motivation by Arvind Arora,A2 Motivation by Arvind Arora,Others,14400000.0,India,54600.0,8000.0,106.0,Others,12/6/2022
523,EdisonPts,EdisonPts,Video games,14300000.0,Russia,2000000.0,126900.0,5300.0,Others,12/25/2022
524,Hongyu ASMR 홍유,Hongyu ASMR 홍유,ASMR,14300000.0,United States,700700.0,10400.0,283.0,Others,12/26/2022
526,fcbarcelona,FC Barcelona,Sports,14200000.0,United States,103300.0,7700.0,243.0,Others,12/30/2022
527,inventonahoratv,Invento na Hora,Animation,14200000.0,Brazil,827200.0,111500.0,1700.0,Humor,12/23/2022
528,DM - Desi Melodies,DM - Desi Melodies,Music & Dance,14200000.0,India,54200.0,2300.0,108.0,Others,12/1/2022
529,camilaloures,Camila Loures,Movies,14200000.0,Brazil,186400.0,17000.0,297.0,Humor,12/13/2022
531,SrtaLynaV,Lyna,Movies,14200000.0,Mexico,401000.0,17700.0,1100.0,Animation,12/1/2022
532,crashcourse,CrashCourse,Science & Technology,14200000.0,United States,40800.0,2400.0,165.0,Others,12/2/2022
533,OfficialTrapCity,Trap City,Music & Dance,14200000.0,United States,22600.0,1200.0,46.0,Others,12/31/2022
534,MazhavilManorama,Mazhavil Manorama,Others,14200000.0,India,26200.0,299.0,8.0,Others,12/17/2022
535,MasterskayaNastroeny,Мастерская Настроения,Movies,14200000.0,Russia,294000.0,6500.0,143.0,Video games,12/4/2022
536,Doc Tops,Doc Tops,Animation,14200000.0,Mexico,403000.0,22900.0,448.0,Others,12/11/2022
537,whoisjimmy,How Ridiculous,Video games,14200000.0,United States,359100.0,13800.0,89.0,Others,12/24/2022
538,#Refugio Mental,#Refugio Mental,Movies,14200000.0,Argentina,226600.0,3600.0,51.0,Others,12/30/2022
539,5-Minute Crafts Recycle,5-Minute Crafts Recycle,Others,14100000.0,India,36000.0,225.0,7.0,Others,12/20/2022
540,MNCTVOfficial,MNCTV OFFICIAL,Music & Dance,14100000.0,Indonesia,2300.0,46.0,3.0,Others,12/25/2022
541,Dear Sir,Dear Sir,Education,14100000.0,India,116600.0,8400.0,722.0,Others,12/25/2022
542,mispastelitosyoutub,Mis Pastelitos,Food & Drinks,14100000.0,Mexico,331300.0,14400.0,920.0,Others,12/1/2022
543,Auron,Auron,Video games,14000000.0,Mexico,1400000.0,86200.0,1400.0,Others,12/15/2022
544,bomberball,Bie The Ska,Others,14000000.0,Thailand,310700.0,11000.0,468.0,Others,12/12/2022
545,AM3NlC,AM3NlC,Food & Drinks,14000000.0,Brazil,228300.0,26600.0,354.0,Others,12/31/2022
546,F2Freestylers,F2Freestylers - Ultimate Soccer Skills Channel,Sports,14000000.0,United Kingdom,408500.0,17500.0,381.0,Others,12/6/2022
547,NikkieTutorials,NikkieTutorials,Design/art,14000000.0,United States,353800.0,20500.0,491.0,Beauty,12/29/2022
548,RosannaPansino,Rosanna Pansino,DIY & Life Hacks,14000000.0,United States,81600.0,5700.0,67.0,Others,12/15/2022
551,gmmchannel,GMM25Thailand,Others,13900000.0,Thailand,1300.0,17.0,1.0,Others,12/10/2022
552,ABCNews,ABC News,News & Politics,13900000.0,United States,9200.0,84.0,87.0,Others,12/4/2022
554,The MriDul,The MriDul,Others,13900000.0,India,8500000.0,275300.0,13800.0,Others,12/28/2022
555,Yoeslan,Yoeslan,Others,13900000.0,India,662400.0,12900.0,37.0,Others,12/31/2022
556,SRKASSAMESE,SRK MUSIC,Music & Dance,13900000.0,India,120400.0,4400.0,140.0,Others,12/2/2022
557,GLENTYOUTUBE,ГЛЕНТ,Video games,13900000.0,Russia,1900000.0,144300.0,5300.0,Others,12/19/2022
558,vetealaversha,Darkar Company Studios,Animation,13900000.0,Mexico,86500.0,7200.0,223.0,Video games,12/6/2022
559,NOBRU,NOBRU,Video games,13800000.0,Brazil,101800.0,9800.0,373.0,Toys,12/10/2022
560,katakit_baby,Katakit Baby TV,Music & Dance,13800000.0,Saudi Arabia,110400.0,1100.0,0.0,Others,12/30/2022
561,TazerCraft,TazerCraft,Movies,13800000.0,Brazil,211100.0,15900.0,859.0,Animation,12/27/2022
562,MAIKI021,MAIKI021,Movies,13800000.0,Brazil,17800.0,2400.0,70.0,Animation,12/9/2022
563,telemundotv,Telemundo,Others,13800000.0,Argentina,7700.0,346.0,13.0,Others,12/7/2022
565,Wish 107.5,Wish 107.5,Music & Dance,13700000.0,Philippines,66000.0,1700.0,223.0,Others,12/10/2022
566,ZEE5,ZEE5,Others,13700000.0,India,344.0,2.0,0.0,Others,12/6/2022
567,Bispo Bruno Leonardo,Bispo Bruno Leonardo,Music & Dance,13700000.0,Brazil,707200.0,232000.0,184800.0,Others,12/12/2022
568,WWWengie,Wengie,DIY & Life Hacks,13700000.0,United States,0.0,0.0,0.0,Others,12/20/2022
569,Coke Studio,Coke Studio,Music & Dance,13700000.0,Pakistan,44700.0,1300.0,74.0,Movies,12/30/2022
570,hamaarbhojpuri,T-Series Hamaar Bhojpuri,Music & Dance,13700000.0,India,11800.0,311.0,33.0,Others,12/9/2022
571,bandagarotasafada,Wesley Safadão,Music & Dance,13700000.0,Brazil,949500.0,13000.0,270.0,Others,12/17/2022
572,boplayhard,PlayHard,Others,13700000.0,Brazil,90200.0,7700.0,78.0,Others,12/27/2022
573,KompasTVNews,KOMPASTV,News & Politics,13600000.0,Indonesia,4500.0,44.0,13.0,Others,12/19/2022
575,Narins Beauty,Narins Beauty,Others,13600000.0,Iraq,1900000.0,132000.0,10300.0,Others,12/26/2022
576,TV Ana Emilia,TV Ana Emilia,Others,13600000.0,Mexico,187200.0,9100.0,337.0,Others,12/7/2022
577,jordanmatter,Jordan Matter,Music & Dance,13600000.0,United States,4900000.0,80800.0,7800.0,Humor,12/2/2022
579,FAPtivi,FAPTV,Animation,13600000.0,United States,2400000.0,41800.0,719.0,Humor,12/8/2022
581,lindseystomp,Lindsey Stirling,Music & Dance,13500000.0,United States,373600.0,21500.0,1100.0,Movies,12/10/2022
583,123 GO! Spanish,123 GO! Spanish,Animation,13500000.0,Mexico,212900.0,1900.0,55.0,Others,12/28/2022
584,bbcnews,BBC News,News & Politics,13500000.0,United States,120200.0,1700.0,891.0,Others,12/15/2022
586,Online Job,Online Job,Others,13500000.0,India,5100.0,154.0,30.0,Others,12/23/2022
587,ETV Jabardasth,ETV Jabardasth,Others,13500000.0,India,86200.0,1300.0,21.0,Others,12/30/2022
588,MyMissAnand,MyMissAnand,Movies,13400000.0,India,1200000.0,25800.0,0.0,Humor,12/1/2022
589,AzzyLand,AzzyLand,Animation,13400000.0,United States,58300.0,4000.0,654.0,Others,12/13/2022
590,Ben Azelart,Ben Azelart,Video games,13400000.0,United States,4700000.0,118200.0,8400.0,Humor,12/25/2022
591,Sony Music South,Sony Music South,Movies,13400000.0,India,17800.0,395.0,20.0,Animation,12/26/2022
592,PowerfulJRE,PowerfulJRE,Daily vlogs,13400000.0,United States,1200000.0,22000.0,4800.0,Others,12/1/2022
593,iloveindianmakeup,Anaysa,Movies,13300000.0,India,935200.0,25700.0,560.0,Humor,12/14/2022
594,H2ODelirious,H2ODelirious,Animation,13300000.0,United States,81400.0,4400.0,237.0,Video games,12/29/2022
595,Desi Gamers,Desi Gamers,Others,13300000.0,India,518900.0,76000.0,2300.0,Others,12/31/2022
596,Juliana Baltar,Juliana Baltar,Movies,13300000.0,Brazil,288400.0,12700.0,443.0,Humor,12/9/2022
597,Zeinab Harake,Zeinab Harake,Daily vlogs,13300000.0,Philippines,1500000.0,80300.0,1300.0,Others,12/17/2022
598,StudyIQ IAS,StudyIQ IAS,Education,13300000.0,India,13300.0,608.0,17.0,Others,12/23/2022
599,Narendra Modi,Narendra Modi,Science & Technology,13300000.0,India,13600.0,783.0,64.0,News & Politics,12/20/2022
600,TheQ_original,The Q,Others,13200000.0,United States,243200.0,7700.0,446.0,Others,12/23/2022
601,theRadBrad,theRadBrad,Video games,13200000.0,United States,129000.0,7700.0,781.0,Others,12/2/2022
602,PozzitifonShow,Поззи,Video games,13200000.0,Russia,602700.0,22300.0,1500.0,Others,12/17/2022
603,skillzaisherebooya,Conor Maynard,Music & Dance,13200000.0,United States,594100.0,30700.0,1200.0,Others,12/31/2022
604,NishaMadhulika,NishaMadhulika,Food & Drinks,13200000.0,India,210200.0,4000.0,621.0,Others,12/5/2022
605,LeoNata Family,LeoNata Family,Others,13200000.0,United States,46200.0,226.0,8.0,Others,12/26/2022
606,tseriesregional,T-Series Regional,Music & Dance,13200000.0,India,3900.0,68.0,8.0,Others,12/12/2022
607,The LaBrant Fam,The LaBrant Fam,Music & Dance,13200000.0,United States,814700.0,25200.0,0.0,Humor,12/18/2022
608,SaturdayNightLive,Saturday Night Live,Movies,13200000.0,United States,115500.0,4200.0,165.0,Humor,12/15/2022
609,rebeccazamolo1,Rebecca Zamolo,Video games,13100000.0,United States,3000000.0,53100.0,3800.0,Humor,12/15/2022
610,Alex Gonzaga Official,Alex Gonzaga Official,Music & Dance,13100000.0,Philippines,2100000.0,64500.0,2300.0,Humor,12/8/2022
611,jazzghost1,Jazzghost,Animation,13100000.0,Brazil,965400.0,55200.0,3000.0,Video games,12/29/2022
612,djzoi0,Everson Zoio,Movies,13100000.0,Brazil,220700.0,29100.0,2500.0,Animation,12/20/2022
613,zeetvtelugu,Zee Telugu,Others,13000000.0,India,9000.0,124.0,2.0,Others,12/11/2022
614,أترو/Atro,أترو/Atro,Others,13000000.0,Iraq,355500.0,56000.0,5200.0,Others,12/24/2022
615,BBC,BBC,Movies,13000000.0,United Kingdom,27200.0,685.0,22.0,Others,12/21/2022
616,MattSDance,Matt Steffanina,Music & Dance,13000000.0,United States,99700.0,4700.0,96.0,Movies,12/8/2022
617,JDCav24,ATHLEAN-X™,Fitness,13000000.0,United States,210300.0,11400.0,1100.0,Health & Self Help,12/18/2022
619,typicalgamer,Typical Gamer,Video games,13000000.0,United States,275000.0,9200.0,396.0,Others,12/1/2022
620,redetv,RedeTV,News & Politics,13000000.0,Brazil,2000.0,54.0,2.0,Others,12/24/2022
621,Lady Diana,Lady Diana,Music & Dance,13000000.0,Russia,2000000.0,55500.0,2400.0,Others,12/19/2022
622,Crescendo com Luluca,Crescendo com Luluca,Toys,13000000.0,Brazil,508700.0,31500.0,2300.0,Others,12/25/2022
623,O Que Não Dizer Oficial,O Que Não Dizer Oficial,Movies,13000000.0,Brazil,49200.0,5200.0,33.0,Animation,12/19/2022
625,einerdtv,Ei Nerd,Movies,13000000.0,Brazil,286900.0,42300.0,1200.0,Animation,12/10/2022
626,MstrJames,Hacksmith,Video games,12900000.0,United States,0.0,0.0,0.0,Others,12/3/2022
627,JOJO TV - Hindi Stories,JOJO TV - Hindi Stories,Others,12900000.0,India,48100.0,306.0,0.0,Others,12/30/2022
628,karameeshchannel,karameeshchannel,Music & Dance,12900000.0,Jordan,259100.00000000003,1500.0,0.0,Others,12/21/2022
629,Brawl Stars,Brawl Stars,Animation,12900000.0,United States,15000000.0,422400.0,55100.0,Others,12/27/2022
630,JamunaTVbd,Jamuna TV,News & Politics,12900000.0,Bangladesh,21600.0,627.0,43.0,Others,12/8/2022
631,MrSuicideSheep,MrSuicideSheep,Others,12900000.0,United States,55900.0,2600.0,59.0,Others,12/19/2022
632,Meghan Trainor,Meghan Trainor,Music & Dance,12900000.0,United States,2100000.0,102000.0,550.0,Others,12/16/2022
633,Danny Fitt,Danny Fitt,Others,12900000.0,Mexico,552000.0,16100.000000000002,1400.0,Others,12/30/2022
634,DJ Khaled,DJ Khaled,Music & Dance,12900000.0,United States,112200.0,7600.0,0.0,Others,12/9/2022
635,thinkmusicindia,Think Music India,Music & Dance,12900000.0,India,243900.0,2000.0,48.0,Others,12/31/2022
636,BUDI01 GAMING,BUDI01 GAMING,Movies,12800000.0,Indonesia,272200.0,17700.0,2800.0,Animation,12/6/2022
638,MusicTalentNow,Top Viral Talent,Others,12800000.0,United States,18900.0,322.0,10.0,Others,12/5/2022
640,#Refúgio Mental,#Refúgio Mental,Movies,12800000.0,Brazil,142100.0,4900.0,52.0,Animation,12/1/2022
641,gymvirtual,gymvirtual,Music & Dance,12800000.0,Mexico,87000.0,3400.0,54.0,Others,12/20/2022
643,zeebangla,Zee Bangla,Others,12800000.0,India,5100.0,56.0,0.0,Others,12/27/2022
644,awakeningrecords,Awakening Music,Music & Dance,12800000.0,Indonesia,14200.0,1500.0,45.0,Others,12/3/2022
646,KabitasKitchen,Kabita's Kitchen,Others,12700000.0,India,152400.0,3200.0,353.0,Others,12/28/2022
647,sonyliv,Sony LIV,Others,12700000.0,India,43800.0,181.0,7.0,Others,12/15/2022
648,Knowledge Tv हिन्दी,Knowledge Tv हिन्दी,Education,12700000.0,India,43600.0,1600.0,63.0,Others,12/10/2022
649,Mythpat,Mythpat,Others,12700000.0,India,2100000.0,187100.0,7600.0,Others,12/1/2022
651,Health Time,Health Time,Daily vlogs,12700000.0,India,4900.0,191.0,8.0,Others,12/21/2022
652,Blockbuster Movies,Blockbuster Movies,Daily vlogs,12700000.0,India,29300.0,272.0,7.0,Others,12/21/2022
653,JesseAndMike,JesseAndMike,Others,12700000.0,United States,173900.0,1500.0,521.0,Others,12/14/2022
654,DeGoBooM,DeGoBooM,Movies,12700000.0,Mexico,380000.0,12200.0,367.0,Animation,12/7/2022
655,Blossom,Blossom,Others,12700000.0,United States,12700.0,214.0,9.0,Others,12/18/2022
656,My Mate Nate,My Mate Nate,Others,12700000.0,Thailand,1100000.0,43400.0,891.0,Others,12/29/2022
657,Mrwhosetheboss,Mrwhosetheboss,Science & Technology,12600000.0,United States,3400000.0,152800.0,8500.0,Others,12/23/2022
658,gmanews,GMA News,News & Politics,12600000.0,Philippines,2500.0,27.0,5.0,Others,12/31/2022
661,Melon City Show - برنامج ولاية بطيخ,Melon City Show - برنامج ولاية بطيخ,Others,12600000.0,Iraq,217600.0,13700.0,183.0,Others,12/5/2022
662,RS1313Shorts,RS 1313 SHORTS,Others,12600000.0,India,3800.0,50.0,6.0,Others,12/26/2022
663,AdexeOficial,Adexe & Nau,Music & Dance,12600000.0,Mexico,23300.0,2400.0,147.0,Others,12/20/2022
664,TheDodoSite,The Dodo,Animals & Pets,12600000.0,United States,256200.0,13500.0,608.0,Others,12/20/2022
665,1032010814,TKOR,DIY & Life Hacks,12600000.0,United States,40400.0,1200.0,74.0,Others,12/5/2022
666,Trakin Tech,Trakin Tech,News & Politics,12600000.0,India,325500.0,22700.0,1400.0,Others,12/10/2022
667,FIFATV,FIFA,Sports,12600000.0,United States,21200.0,1000.0,45.0,Others,12/22/2022
668,TheInfographicsShow,The Infographics Show,Education,12600000.0,United States,307500.0,12700.0,661.0,Others,12/31/2022
669,caseyneistat,CaseyNeistat,Daily vlogs,12600000.0,United States,1400000.0,87400.0,5300.0,Others,12/26/2022
670,TastyCompot,Compot,Video games,12600000.0,Russia,1200000.0,48400.0,2100.0,Others,12/26/2022
672,Piuzinho,Piuzinho,Animation,12500000.0,Brazil,155900.0,25300.0,711.0,Humor,12/15/2022
673,KapilComedyNights,Colors Rishtey,Others,12500000.0,India,4000.0,36.0,2.0,Others,12/21/2022
674,parafernalha,Parafernalha,Others,12500000.0,Brazil,46100.0,3700.0,34.0,Others,12/10/2022
675,Troom Troom India,Troom Troom India,Others,12500000.0,India,171500.0,1500.0,32.0,Others,12/3/2022
676,geonews,Geo News,News & Politics,12500000.0,Pakistan,4800.0,60.0,6.0,Others,12/23/2022
677,htbhakti,Sonotek Bhakti,Music & Dance,12500000.0,India,71400.0,870.0,49.0,Others,12/25/2022
678,E-MasterSensei,E-MasterSensei,Movies,12500000.0,Mexico,777300.0,38200.0,818.0,Video games,12/9/2022
679,elliegoulding,elliegoulding,Music & Dance,12500000.0,United States,16900.0,1100.0,49.0,Others,12/4/2022
680,RaptorGamer,RaptorGamer,Animation,12500000.0,Mexico,590500.0,32299.999999999996,968.0,Video games,12/29/2022
682,LOUD,LOUD,Others,12500000.0,Brazil,163600.0,11800.0,205.0,Others,12/21/2022
683,TV9 Bharatvarsh,TV9 Bharatvarsh,News & Politics,12500000.0,India,2100.0,39.0,2.0,Others,12/17/2022
684,TalkingAngelaCat,Talking Angela,Others,12500000.0,United States,34100.0,267.0,0.0,Others,12/4/2022
685,TechnologyGyan,Technology Gyan,Others,12500000.0,India,887600.0,56500.0,2100.0,Others,12/14/2022
686,Yudist Ardhana,Yudist Ardhana,Movies,12500000.0,Indonesia,226400.0,5100.0,311.0,Others,12/29/2022
687,TroomTroom_Pt,Troom Troom PT,Toys,12500000.0,Brazil,116800.0,1600.0,47.0,Others,12/14/2022
688,Gibby :),Gibby :),Movies,12400000.0,Mexico,52100.0,3600.0,307.0,Others,12/26/2022
690,React,People Vs Food,Food & Drinks,12400000.0,United States,372500.0,15400.0,916.0,Others,12/4/2022
691,Indore Physical Academy,Indore Physical Academy,Others,12400000.0,India,38300.0,2600.0,140.0,Others,12/21/2022
692,officialfuturevideos,Future,Music & Dance,12400000.0,United States,1600000.0,80500.0,2500.0,Others,12/8/2022
694,JustForLaughsTV,Just For Laughs Gags,Others,12400000.0,United States,33000.0,619.0,20.0,Others,12/9/2022
695,Americanvogue,Vogue,Fashion,12400000.0,United States,662400.0,10400.0,234.0,Others,12/20/2022
696,officialjassrecords,Jass Records,Music & Dance,12400000.0,India,146700.0,2500.0,139.0,Others,12/14/2022
698,user-ik9wu8di9o,WiederDude,Others,12300000.0,United States,4500000.0,13200.0,436.0,Others,12/4/2022
699,ndtv,NDTV,News & Politics,12300000.0,India,2100.0,17.0,7.0,Others,12/30/2022
700,Más SKabeche,Más SKabeche,Others,12300000.0,Mexico,1100000.0,48000.0,728.0,Others,12/20/2022
701,Republic Bharat,Republic Bharat,News & Politics,12300000.0,India,3100.0,0.0,5.0,Others,12/23/2022
702,Rauw Alejandro,Rauw Alejandro,Music & Dance,12300000.0,Peru,838700.0,25100.0,1200.0,Others,12/1/2022
703,CHHOTU KI MASTI,CHHOTU KI MASTI,Others,12300000.0,India,1200000.0,11500.0,153.0,Others,12/16/2022
704,Луномосик,Луномосик,Video games,12300000.0,Russia,2600000.0,49200.0,2100.0,Others,12/10/2022
705,Bela Bagunça,Bela Bagunça,Movies,12300000.0,Brazil,148900.0,4800.0,224.0,Animation,12/31/2022
707,N1Noobtubers,웃웃TwinsFromRussia,Daily vlogs,12200000.0,United States,46900.0,2100.0,9.0,Others,12/23/2022
708,Akon,Akon,Music & Dance,12200000.0,Brazil,135000.0,9800.0,563.0,Others,12/8/2022
709,BanderitaX,BanderitaX,Animation,12200000.0,Saudi Arabia,611600.0,55300.0,2300.0,Video games,12/1/2022
710,dednahype,dednahype,Others,12200000.0,United States,35400.0,262.0,17.0,Others,12/9/2022
711,TheDaniRep,DaniRep | +6 Vídeos Diarios De GTA 5 Online!,Animation,12200000.0,Mexico,60300.0,6600.0,26.0,Video games,12/7/2022
713,AvrilLavigne,Avril Lavigne,Music & Dance,12200000.0,United States,134900.0,8800.0,459.0,Others,12/27/2022
714,Troom Troom Indonesia,Troom Troom Indonesia,Music & Dance,12200000.0,Indonesia,101200.0,877.0,42.0,Movies,12/16/2022
715,Panda.,Panda,Animation,12100000.0,India,379700.0,36700.0,897.0,Toys,12/14/2022
716,IceCreamRolls,Ice Cream Rolls,Others,12100000.0,United States,52900.0,1500.0,103.0,Others,12/25/2022
717,YairAuriazul,Yair17,Movies,12100000.0,Mexico,290600.0,23900.0,393.0,Animation,12/23/2022
718,123 GO!,123 GO!,DIY & Life Hacks,12100000.0,United States,309300.0,2200.0,76.0,Others,12/27/2022
719,Planet Earth INDIA,Planet Earth INDIA,Daily vlogs,12100000.0,India,776800.0,4400.0,230.0,Others,12/8/2022
720,Lulu99,Lulu99,Others,12100000.0,Colombia,744800.0,34200.0,2300.0,Others,12/5/2022
721,YoungBoy Never Broke Again,YoungBoy Never Broke Again,Music & Dance,12100000.0,United States,780600.0,37900.0,3300.0,Others,12/12/2022
722,MrTimbaVk,Timba Vk,Animation,12100000.0,Mexico,1300000.0,40600.0,743.0,Video games,12/27/2022
726,colinfurze,colinfurze,Video games,12000000.0,United States,466600.0,15000.0,421.0,Others,12/10/2022
727,Natti Natasha,Natti Natasha,Music & Dance,12000000.0,United States,24400.0,2100.0,35.0,Others,12/1/2022
728,emma chamberlain,emma chamberlain,Food & Drinks,12000000.0,United States,2400000.0,156000.0,4800.0,Others,12/15/2022
729,Nat and Essie,Nat and Essie,Toys,12000000.0,United States,42200.0,1000.0,4.0,Others,12/23/2022
730,Mor Haryanvi,Mor Haryanvi,Music & Dance,12000000.0,India,2500000.0,41200.0,15600.0,Others,12/30/2022
732,TsMadaan,TsMadaan,Education,11900000.0,India,11000.0,446.0,46.0,Others,12/24/2022
734,CNCO,CNCO,Music & Dance,11900000.0,Mexico,68400.0,10800.0,808.0,Others,12/20/2022
735,Koo Koo TV - Hindi,Koo Koo TV - Hindi,Others,11900000.0,India,131300.0,1300.0,25.0,Others,12/4/2022
736,Kluna Tik,Kluna Tik,Others,11900000.0,United States,99600.0,1600.0,162.0,Others,12/14/2022
737,blackeyedpeasvideo,Black Eyed Peas,Music & Dance,11900000.0,United States,81000.0,2900.0,116.0,Others,12/3/2022
738,elrubius,Rubius Z,Movies,11900000.0,Mexico,1100000.0,91900.0,1400.0,Animation,12/26/2022
739,Hero Movies 2022,Hero Movies 2022,Daily vlogs,11800000.0,India,54000.0,422.0,7.0,Others,12/31/2022
740,MBCMASR,MBC مصر,Others,11800000.0,Egypt,6900.0,61.0,4.0,Others,12/11/2022
741,EU FICO LOKO,EU FICO LOKO,Others,11800000.0,Brazil,8300.0,853.0,34.0,Others,12/6/2022
742,MrGear,MrGear,Others,11800000.0,United States,8600.0,191.0,28.0,Others,12/19/2022
743,TTfue,Tfue,Animation,11800000.0,United States,116500.0,5100.0,150.0,Video games,12/19/2022
745,FirstWeFeast,First We Feast,Food & Drinks,11800000.0,United States,122000.0,6000.0,262.0,Others,12/15/2022
746,MORGENSHTERN,MORGENSHTERN,Music & Dance,11800000.0,Russia,1500000.0,145500.0,7200.0,Movies,12/5/2022
747,QuantumTech,Quantum Tech HD,Others,11800000.0,United States,3000000.0,8600.0,178.0,Others,12/21/2022
749,prantoniojunior,Pastor Antônio Júnior,Music & Dance,11800000.0,Brazil,335100.0,61900.0,6200.0,Others,12/31/2022
750,Free Fire India Official,Free Fire India Official,Others,11800000.0,India,44700.0,4400.0,279.0,Others,12/1/2022
751,PinkVideoVault,P!NK,Music & Dance,11800000.0,United States,52100.0,5200.0,174.0,Others,12/22/2022
752,SBTonline,SBT,Others,11800000.0,Brazil,2800.0,167.0,3.0,Others,12/29/2022
754,Acenix,Acenix,Video games,11800000.0,Mexico,987100.0,69900.0,646.0,Others,12/9/2022
757,WildNOut,Wild 'N Out,Music & Dance,11700000.0,United States,197600.0,4500.0,186.0,Humor,12/3/2022
758,Garena Free Fire LATAM,Garena Free Fire LATAM,Others,11700000.0,Mexico,21600.0,1800.0,144.0,Others,12/21/2022
759,francoescamilla,Franco Escamilla,Others,11700000.0,Mexico,203700.0,13900.0,194.0,Others,12/31/2022
760,penguinz0,penguinz0,Animation,11700000.0,United States,1900000.0,92700.0,6300.0,Video games,12/13/2022
762,hawkrecord,Single Track Studio,Music & Dance,11700000.0,India,0.0,0.0,0.0,Others,12/31/2022
763,Pari's Lifestyle,Pari's Lifestyle,Others,11700000.0,India,697600.0,6900.0,202.0,Others,12/25/2022
764,TWO SIDE GAMERS,TWO SIDE GAMERS,Others,11700000.0,India,407700.0,31700.0,1500.0,Others,12/5/2022
765,bharatzkitchen HINDI,bharatzkitchen HINDI,Others,11700000.0,India,408800.0,10000.0,267.0,Others,12/20/2022
766,AlArabiya,AlArabiya العربية,News & Politics,11700000.0,Algeria,1800.0,21.0,4.0,Others,12/25/2022
767,الجانب المُشرق | Bright Side Arabic,الجانب المُشرق | Bright Side Arabic,Others,11700000.0,Egypt,18000.0,382.0,22.0,Others,12/29/2022
768,YMWayneCarter,Lil Wayne,Music & Dance,11700000.0,United States,104600.0,6600.0,463.0,Others,12/30/2022
769,CrazyRussianHacker,CrazyRussianHacker,Animation,11700000.0,United States,52500.0,1600.0,80.0,Toys,12/14/2022
770,FlowersComedy,Flowers Comedy,Others,11700000.0,India,164800.0,1700.0,167.0,Others,12/5/2022
771,FelipeViktor,LipaoGamer,Movies,11600000.0,Brazil,113600.0,6800.0,116.0,Animation,12/26/2022
772,Lofi Girl,Lofi Girl,Music & Dance,11600000.0,United States,43400.0,1900.0,88.0,Others,12/20/2022
775,Jaiden Animations,Jaiden Animations,Others,11600000.0,United States,3600000.0,288000.0,13400.0,Others,12/22/2022
776,realannoyingorange,Annoying Orange,Movies,11600000.0,United States,143000.0,2900.0,556.0,Animation,12/20/2022
777,BBCEarth,BBC Earth,Others,11600000.0,United States,42800.0,1800.0,44.0,Others,12/30/2022
778,kendricklamar5461,Kendrick Lamar,Music & Dance,11600000.0,United States,8000000.0,413100.0,15100.0,Others,12/27/2022
780,CarryisLive,CarryisLive,Others,11500000.0,India,507700.0,53500.0,1700.0,Others,12/24/2022
781,VyQwaint,Vy Qwaint,Video games,11500000.0,United States,1600000.0,27100.0,4200.0,Humor,12/24/2022
782,ExpCaseros,ExpCaseros,DIY & Life Hacks,11500000.0,Spain,36000.0,1200.0,79.0,Food & Drinks,12/20/2022
783,TheViralFeverVideos,The Viral Fever,Movies,11500000.0,India,1800000.0,83900.0,2700.0,Humor,12/27/2022
784,Flamingo,Flamingo,Animation,11500000.0,United States,1400000.0,48000.0,5000.0,Video games,12/28/2022
786,FilmTheorists,The Film Theorists,Movies,11400000.0,United States,1200000.0,79200.0,4700.0,Others,12/3/2022
787,crackrockcandy,Maymo,Others,11400000.0,United States,89000.0,479.0,82.0,Others,12/7/2022
788,hoiitsroi,Wassabi,Movies,11400000.0,United States,75700.0,4500.0,132.0,Humor,12/17/2022
789,Star Casablanca | نجوم الدار البيضاء,Star Casablanca | نجوم الدار البيضاء,Music & Dance,11400000.0,Iraq,23300.0,1300.0,134.0,Others,12/28/2022
790,UnspeakableGaming,UnspeakableReacts,Video games,11400000.0,United States,322000.0,6700.0,405.0,Others,12/1/2022
791,Taylor RS,Taylor RS,Others,11400000.0,United States,95600.0,611.0,11.0,Others,12/1/2022
792,epicfortnite,Fortnite,Movies,11400000.0,United States,177000.0,9000.0,377.0,Video games,12/17/2022
794,watchcut,Cut,Humor,11400000.0,United States,427800.0,12300.0,578.0,Others,12/12/2022
795,oyabakatousan,"Sen, Momo, Ai & Shii's Channel",Daily vlogs,11400000.0,Japan,68300.0,938.0,0.0,Others,12/4/2022
796,CaptainSparklez,CaptainSparklez,Video games,11400000.0,United States,117000.0,10600.0,456.0,Others,12/18/2022
797,ElRinconDeGiorgio,El Rincón De Giorgio,Video games,11400000.0,Spain,950600.0,134400.0,2300.0,Others,12/30/2022
798,mylifeaseva,MyLifeAsEva,Humor,11400000.0,United States,59000.0,3100.0,277.0,Others,12/1/2022
799,zeetamil,Zee Tamil,Others,11400000.0,India,10000.0,135.0,1.0,Others,12/27/2022
800,InsideEdition,Inside Edition,News & Politics,11400000.0,United States,104800.0,2200.0,396.0,Others,12/18/2022
801,luzugames,luzugames,Animation,11300000.0,Mexico,154700.0,14900.0,505.0,Video games,12/19/2022
802,NirahuaMusic,Nirahua Music World,Others,11300000.0,India,271700.0,5200.0,134.0,Others,12/30/2022
803,BakLol Video,BakLol Video,Movies,11300000.0,India,526100.0,8600.0,609.0,Humor,12/14/2022
804,Avocado Couple I Crazy Comics,Avocado Couple I Crazy Comics,Others,11300000.0,United States,144700.0,1200.0,40.0,Others,12/29/2022
805,Virgínia Fonseca,Virgínia Fonseca,Movies,11300000.0,Brazil,1000000.0,77100.0,1600.0,Humor,12/23/2022
806,brancoala,Brancoala,Movies,11300000.0,Brazil,384900.0,8100.0,274.0,Animation,12/30/2022
807,ArynewsTvofficial,ARY News,News & Politics,11300000.0,Pakistan,13400.0,249.0,15.0,Others,12/19/2022
809,korayzeynep0,Koray Zeynep,Daily vlogs,11300000.0,Turkey,11500.0,52.0,2.0,Others,12/30/2022
810,MagicFive5,Magic Five,Travel,11300000.0,Russia,683600.0,28400.0,3700.0,Others,12/28/2022
811,RachitRojha,Rachit Rojha,Others,11300000.0,India,1700000.0,30400.0,1500.0,Others,12/9/2022
812,aljazeerachannel,AlJazeera Arabic  قناة الجزيرة,News & Politics,11300000.0,Morocco,8700.0,124.0,26.0,Others,12/12/2022
813,MrGustavoParodias,Gustavo Paródias,Others,11300000.0,Brazil,178700.0,5800.0,129.0,Others,12/20/2022
814,sagahits,SagaHits,Music & Dance,11300000.0,India,17600.0,837.0,102.0,Others,12/15/2022
815,comedycentral,Comedy Central,Movies,11200000.0,United States,24600.0,895.0,51.0,Humor,12/2/2022
816,RapGeniusVideo,Genius,Music & Dance,11200000.0,United States,23200.0,1000.0,136.0,Movies,12/3/2022
817,Oum Walid,Oum Walid,Education,11200000.0,Algeria,266000.0,16800.0,1100.0,Others,12/2/2022
819,SEVENGERS,SEVENGERS,Others,11200000.0,India,0.0,0.0,0.0,Others,12/5/2022
820,Stray Kids,Stray Kids,Music & Dance,11200000.0,United States,657100.0,100000.0,3700.0,Movies,12/30/2022
823,LikeTeamEnglish,LIKE! English,Others,11200000.0,India,0.0,0.0,0.0,Others,12/21/2022
824,DemolitionRanch,DemolitionRanch,Video games,11200000.0,United States,982600.0,50100.0,5700.0,Others,12/25/2022
825,doctruyencotich,Kênh Thiếu Nhi - BHMEDIA,Music & Dance,11200000.0,United States,17100.0,52.0,0.0,Animation,12/23/2022
828,JessicaJane99,Jessica Jane,Food & Drinks,11100000.0,Indonesia,1800000.0,80400.0,3600.0,Others,12/23/2022
829,dobrebrothers,Dobre Brothers,Movies,11100000.0,United States,365300.0,12900.0,603.0,Humor,12/29/2022
831,viihtubeoficial,Viih Tube,Others,11100000.0,Brazil,448100.0,20100.0,406.0,Others,12/15/2022
832,telugufilmnagar,Telugu Filmnagar,Others,11100000.0,India,2700.0,34.0,1.0,Others,12/2/2022
833,설기양SULGI,설기양SULGI,ASMR,11100000.0,United States,687600.0,13400.0,488.0,Food & Drinks,12/5/2022
835,SanjoyDasOfficial,Sanjoy Das Official,Others,11100000.0,India,11500.0,1800.0,155.0,Others,12/1/2022
836,BeAmazed,BE AMAZED,Education,11100000.0,United States,399900.0,9800.0,619.0,Others,12/3/2022
837,GamesEduUu,Games EduUu,Movies,11100000.0,Brazil,1200000.0,165900.0,3900.0,Toys,12/9/2022
838,Lycoman Facts,Lycoman Facts,Others,11100000.0,India,2000000.0,0.0,221.0,Others,12/3/2022
839,NEXT9NEWS हर खबर आप तक,NEXT9NEWS हर खबर आप तक,News & Politics,11100000.0,India,2900.0,19.0,1.0,Others,12/10/2022
840,NASA,NASA,News & Politics,11100000.0,United States,92600.0,3800.0,0.0,Science & Technology,12/21/2022
841,Painzeiro,Painzeiro,Daily vlogs,11100000.0,Brazil,228100.0,10700.0,428.0,Others,12/10/2022
842,hasanjr11,hasanjr11,Others,11100000.0,Indonesia,831400.0,10400.0,1500.0,Others,12/15/2022
843,historychannel,HISTORY,Movies,11100000.0,United States,100100.0,2000.0,228.0,Others,12/13/2022
844,jpgameplayfull,JP Plays,Video games,11100000.0,Brazil,50900.0,2500.0,104.0,Others,12/6/2022
845,RDCGujarati,RDC Gujarati,Music & Dance,11100000.0,India,10500.0,370.0,15.0,Others,12/28/2022
847,ctctv,СТС,Video games,11000000.0,Russia,101100.0,1100.0,47.0,Humor,12/25/2022
848,Levinho,Levinho,Others,11000000.0,India,218800.0,15400.0,740.0,Others,12/19/2022
849,pinkfongko,핑크퐁 (인기 동요・동화),Education,11000000.0,Algeria,16800.0,469.0,0.0,Others,12/2/2022
850,ExplosmEntertainment,ExplosmEntertainment,Movies,11000000.0,United States,131200.0,11100.0,157.0,Animation,12/16/2022
851,XHuevaX,Hueva,Video games,11000000.0,Mexico,113200.0,4300.0,234.0,Others,12/16/2022
852,Pen Multiplex,Pen Multiplex,Others,11000000.0,India,4200.0,27.0,1.0,Others,12/4/2022
853,Slogomanify,Slogo,Video games,11000000.0,United States,280000.0,10700.0,466.0,Others,12/18/2022
854,Ryan Trahan,Ryan Trahan,Humor,11000000.0,United States,9900000.0,944500.0,25100.0,Others,12/7/2022
855,Vox,Vox,News & Politics,11000000.0,United States,297100.0,7600.0,371.0,Others,12/10/2022
857,HikakinTV,HikakinTV,Music & Dance,11000000.0,Japan,1200000.0,31800.0,1700.0,Humor,12/3/2022
858,Milena Stepanienco - MILENINHA,Milena Stepanienco - MILENINHA,Movies,11000000.0,Brazil,122300.0,1100.0,0.0,Animation,12/26/2022
859,rathorvideo,Rathore Cassettes,Others,11000000.0,India,5000.0,56.0,5.0,Others,12/20/2022
860,OfficiallyAnneMarie,Anne-Marie,Music & Dance,11000000.0,India,32700.000000000004,3400.0,71.0,Others,12/16/2022
861,Juanpa Zurita,Juanpa Zurita,Others,10900000.0,Mexico,1000000.0,60300.0,1500.0,Others,12/11/2022
863,5-Minute Crafts LIKE,5-Minute Crafts LIKE,Others,10900000.0,India,6800.0,56.0,2.0,Others,12/30/2022
864,GolemcitoGames,Golemcito Games,Movies,10900000.0,Peru,593700.0,63800.0,1500.0,Animation,12/8/2022
865,TroomTroom_Arabic,Troom Troom Arabic,Others,10900000.0,Egypt,314000.0,3800.0,114.0,Others,12/10/2022
866,WAMIndiaMovies,Wamindia Movies,Others,10900000.0,India,24600.0,247.0,4.0,Others,12/29/2022
867,THE BROWN SIBLINGS,THE BROWN SIBLINGS,Others,10900000.0,India,2300000.0,201900.0,323.0,Others,12/28/2022
868,KiKiDo,KiKiDo,Video games,10900000.0,Russia,2400000.0,42000.0,2500.0,Humor,12/15/2022
869,woodyandkleiny,Woody & Kleiny,Others,10900000.0,United States,26500.0,1700.0,126.0,Others,12/5/2022
870,Área Secreta,Área Secreta,Movies,10900000.0,Brazil,155600.0,20800.0,613.0,Others,12/13/2022
871,sadhguru,Sadhguru,Movies,10900000.0,India,129800.00000000001,5200.0,216.0,Others,12/9/2022
872,mamilosmolengas,Mussoumano,Music & Dance,10900000.0,Brazil,1800000.0,79900.0,6100.0,Animation,12/28/2022
873,CasoCerrado,Caso Cerrado,Animation,10800000.0,Mexico,405200.0,3200.0,112.0,Others,12/6/2022
874,Experienced Mojaraba TV,Experienced Mojaraba TV,Health & Self Help,10800000.0,United States,34400.0,890.0,22.0,Food & Drinks,12/19/2022
875,GIMS,GIMS,Music & Dance,10800000.0,France,1200000.0,49100.0,2100.0,Others,12/5/2022
876,Joe HaTTab,Joe HaTTab,Movies,10800000.0,Somalia,2700000.0,162700.0,5800.0,Others,12/6/2022
878,mirandasings08,Miranda Sings,Movies,10800000.0,United States,115800.0,9400.0,573.0,Humor,12/30/2022
879,redbull,Red Bull,Sports,10800000.0,United States,35000.0,2000.0,25.0,Others,12/23/2022
881,timesmusicindia,Times Music,Music & Dance,10800000.0,India,6600.0,235.0,14.0,Others,12/15/2022
882,DentalDigest,Dental Digest,Others,10800000.0,United States,638100.0,8200.0,482.0,Others,12/29/2022
883,DRJRecordsSpecials,DRJ Records Specials,Others,10800000.0,India,32100.0,128.0,3.0,Others,12/10/2022
884,ComedyShortsGamer,Deji,Animation,10800000.0,United Kingdom,1200000.0,48100.0,2500.0,Humor,12/15/2022
885,PinaRecordsVideos,Pina Records,Music & Dance,10800000.0,Peru,1300000.0,41500.0,9100.0,Others,12/24/2022
886,WarnerBrosPictures,Warner Bros. Pictures,Movies,10800000.0,United States,105800.0,4300.0,434.0,Animation,12/31/2022
887,Google,Google,Others,10800000.0,United States,28500.0,623.0,0.0,Others,12/28/2022
890,MUSATANVEER,Entertainment with Musa,Others,10700000.0,Pakistan,169300.0,1200.0,49.0,Others,12/13/2022
891,Primitive Technology,Primitive Technology,DIY & Life Hacks,10700000.0,United States,1200000.0,73900.0,3000.0,Others,12/13/2022
892,TikTak Draw,TikTak Draw,Animation,10700000.0,Mexico,72700.0,4300.0,321.0,Others,12/1/2022
893,Talent Recap,Talent Recap,Music & Dance,10700000.0,United States,57900.0,924.0,64.0,Movies,12/19/2022
894,Airrack,Airrack,Video games,10700000.0,United States,4600000.0,344600.0,33100.0,Humor,12/31/2022
895,[햄지]Hamzy,[햄지]Hamzy,Others,10700000.0,United States,1700000.0,31900.0,866.0,Others,12/6/2022
896,stampylonghead,stampylonghead,Video games,10700000.0,United States,104300.0,4900.0,1100.0,Others,12/14/2022
897,Alexa Rivera,Alexa Rivera,Animation,10700000.0,United States,2000000.0,86100.0,3400.0,Humor,12/23/2022
898,Utkarsh Classes Jodhpur,Utkarsh Classes Jodhpur,Education,10700000.0,India,109000.0,8500.0,371.0,Others,12/18/2022
900,soicon295,Magnet World,Others,10600000.0,United States,302400.0,1300.0,28.0,Others,12/14/2022
901,Hindi Fairy Tales,Hindi Fairy Tales,Others,10600000.0,India,580700.0,7800.0,185.0,Others,12/8/2022
902,PrankvsPrank,Jesse,Music & Dance,10600000.0,United States,106700.0,7300.0,1100.0,Humor,12/18/2022
903,Family Box,Family Box,Video games,10600000.0,Russia,247200.0,7800.0,95.0,Others,12/27/2022
904,sbtthenoite,The Noite com Danilo Gentili,Movies,10600000.0,Brazil,4500.0,421.0,17.0,Humor,12/17/2022
905,craftingeek,Craftingeek,Others,10600000.0,Mexico,231300.0,11100.0,1100.0,Others,12/23/2022
907,francinyehlke,Franciny Ehlke,Fashion,10600000.0,Brazil,208400.0,19700.0,396.0,Design/art,12/10/2022
908,AdamThomasMoran,AdamThomasMoran,Video games,10600000.0,Russia,488000.0,38800.0,2500.0,Humor,12/10/2022
909,GoProCamera,GoPro,Sports,10600000.0,United States,35400.0,1700.0,53.0,Others,12/29/2022
910,ChillStepNation,Chill Nation,Music & Dance,10600000.0,United States,21100.0,680.0,27.0,Others,12/22/2022
911,MTV,MTV,Music & Dance,10600000.0,United States,18500.0,992.0,23.0,Movies,12/18/2022
913,bbcarabic,BBC News عربي,News & Politics,10600000.0,Morocco,21200.0,389.0,70.0,Others,12/1/2022
914,atv,atv,Movies,10600000.0,Turkey,28900.0,295.0,10.0,Animation,12/29/2022
916,TeamMojang,Minecraft,Animation,10600000.0,United States,659800.0,37500.0,1400.0,Video games,12/7/2022
917,Comedy Captain,Comedy Captain,Others,10600000.0,India,6000.0,62.0,2.0,Others,12/12/2022
919,CJENMMUSIC,Stone Music Entertainment,Music & Dance,10600000.0,United States,5800.0,448.0,19.0,Movies,12/5/2022
921,Rawan and Rayan,Rawan and Rayan,Others,10500000.0,Algeria,0.0,0.0,0.0,Others,12/4/2022
922,Cris Devil Gamer,Cris Devil Gamer,Movies,10500000.0,United States,260300.0,8100.0,212.0,Animation,12/10/2022
923,GeorgeNotFound,GeorgeNotFound,Video games,10500000.0,United States,1700000.0,137600.0,6600.0,Others,12/21/2022
924,GemaNadaPertiwi,GNP Music,Music & Dance,10500000.0,Indonesia,40500.0,187.0,0.0,Animation,12/25/2022
925,Hindi Kahaniya,Hindi Kahaniya,Others,10500000.0,India,42500.0,629.0,26.0,Others,12/22/2022
926,CS Bisht Vines,CS Bisht Vines,Others,10500000.0,India,2000000.0,19300.0,426.0,Others,12/13/2022
927,williesalim,Willie Salim,Others,10500000.0,Indonesia,1000000.0,18300.0,3400.0,Others,12/4/2022
928,Farjana Drawing Academy,Farjana Drawing Academy,Others,10500000.0,India,71000.0,2100.0,373.0,Others,12/1/2022
929,Heroine Movies 2022,Heroine Movies 2022,Daily vlogs,10500000.0,India,136700.0,820.0,9.0,Others,12/1/2022
931,VikiShow,Viki Show,Video games,10500000.0,Russia,1900000.0,58000.0,2500.0,Toys,12/19/2022
932,ReceitasdePai,Receitas de Pai,Food & Drinks,10500000.0,Brazil,80000.0,10700.0,311.0,Others,12/17/2022
933,Doctor Mike,Doctor Mike,Health & Self Help,10500000.0,United States,1800000.0,65400.00000000001,2900.0,Others,12/20/2022
934,Lorrayne Oliveira,Lorrayne Oliveira,Animation,10500000.0,Brazil,454200.0,20800.0,673.0,Humor,12/21/2022
935,Oneindia Hindi | वनइंडिया हिंदी,Oneindia Hindi | वनइंडिया हिंदी,News & Politics,10500000.0,India,1500.0,17.0,1.0,Others,12/27/2022
936,singkingkaraoke,Sing King,Music & Dance,10500000.0,United States,10400.0,104.0,9.0,Others,12/8/2022
939,PattymayoTv,Patty Mayo,Movies,10400000.0,United States,512799.99999999994,13900.0,674.0,Humor,12/2/2022
940,BrPVPHu3,João Caetano,Others,10400000.0,Brazil,626300.0,45600.0,966.0,Others,12/2/2022
941,5-Minute Recipes,5-Minute Recipes,Others,10400000.0,India,44000.0,331.0,7.0,Others,12/3/2022
942,Playing with Rafael,Playing with Rafael,Others,10400000.0,Brazil,10900.0,52.0,0.0,Others,12/27/2022
943,bhaktisongs,Shemaroo Bhakti,Music & Dance,10400000.0,India,7100.0,164.0,11.0,Others,12/10/2022
944,TwinRoozi 쌍둥이 루지,TwinRoozi 쌍둥이 루지,Daily vlogs,10400000.0,Indonesia,74600.0,0.0,0.0,Others,12/31/2022
946,SaraBeautyCorner,"SaraBeautyCorner - DIY, Comedy, Makeup, Nail Art",DIY & Life Hacks,10400000.0,United States,36200.0,2800.0,93.0,Others,12/24/2022
947,TomorrowlandChannel,Tomorrowland,Music & Dance,10400000.0,Brazil,47600.0,1700.0,82.0,Others,12/9/2022
948,EugenBro,EugenBro,Video games,10400000.0,Russia,258000.0,15100.0,1900.0,Others,12/21/2022
949,HiTechIslamic,Hi-Tech Islamic Naat,Music & Dance,10400000.0,Pakistan,95100.0,1100.0,77.0,Others,12/30/2022
951,XO TEAM,XO TEAM,Others,10400000.0,United States,617900.0,38600.0,264.0,Others,12/14/2022
952,TeremokSongs,Теремок - Песенки для детей,Music & Dance,10400000.0,Russia,98700.0,499.0,0.0,Others,12/13/2022
953,AsapSCIENCE,AsapSCIENCE,Science & Technology,10400000.0,United States,149000.0,6800.0,338.0,Others,12/28/2022
955,The Daily Show with Trevor Noah,The Daily Show with Trevor Noah,News & Politics,10400000.0,United States,185900.0,7000.0,402.0,Others,12/23/2022
956,SpriteDer SPD,SpriteDer SPD,Humor,10400000.0,Thailand,4300000.0,152900.0,5600.0,Others,12/18/2022
957,0214mex,はじめしゃちょー（hajime）,Music & Dance,10400000.0,Japan,592200.0,18500.0,1100.0,Humor,12/26/2022
958,VYRLOriginals,VYRLOriginals,Music & Dance,10400000.0,India,7300000.0,34000.0,3300.0,Others,12/22/2022
959,PrimeVideoIN,Prime Video India,Movies,10400000.0,India,77300.0,387.0,25.0,Animation,12/30/2022
960,HeeraGoldOfficial,Heera Gold,Daily vlogs,10300000.0,Pakistan,18900.0,791.0,94.0,Others,12/29/2022
961,cleanbandit,Clean Bandit,Music & Dance,10300000.0,United States,76500.0,3500.0,147.0,Others,12/9/2022
962,Survival Builder,Survival Builder,Others,10300000.0,United States,49900.0,1500.0,112.0,Others,12/17/2022
963,Hindi Countdown,Hindi Countdown,Education,10300000.0,India,1800000.0,35800.0,811.0,Others,12/14/2022
964,Sanam,Sanam,Music & Dance,10300000.0,India,58700.0,6300.0,293.0,Movies,12/1/2022
965,Salman Noman,Salman Noman,Others,10300000.0,India,0.0,0.0,0.0,Others,12/2/2022
966,TopMovieClips,TopMovieClips,Movies,10300000.0,United States,124500.0,2100.0,140.0,Animation,12/11/2022
967,SiaVEVO,SiaVEVO,Music & Dance,10300000.0,United States,58400.0,3700.0,405.0,Others,12/11/2022
968,Islam Populer,Islam Populer,Education,10300000.0,Indonesia,25900.0,854.0,63.0,Others,12/9/2022
969,topperguild,Topper Guild,Animation,10300000.0,United States,288900.0,5900.0,680.0,Humor,12/25/2022
970,AnandAudio,Anand Audio,Others,10300000.0,India,175500.0,2200.0,109.0,Others,12/9/2022
971,Wylsacom,Wylsacom,Science & Technology,10300000.0,Russia,291700.0,13000.0,950.0,News & Politics,12/21/2022
972,SONU SHARMA,SONU SHARMA,Education,10300000.0,India,483200.0,28700.0,1000.0,Others,12/9/2022
973,nikhirschi,Supercar Blondie,Animation,10300000.0,United States,232700.0,6800.0,654.0,Others,12/20/2022
974,JessicaJulioeBaby,Laurinha e Helena - Clubinho da Laura,Movies,10300000.0,Brazil,83500.0,1400.0,0.0,Animation,12/26/2022
975,T-STUDIO,T-STUDIO,Others,10300000.0,Indonesia,8100.0,1000.0,0.0,Others,12/25/2022
976,ThePersica,Orkun Işıtmak,Animation,10300000.0,Turkey,2100000.0,83700.0,2700.0,Others,12/11/2022
977,123 GO! Hindi,123 GO! Hindi,Others,10200000.0,India,234100.0,1700.0,20.0,Others,12/3/2022
978,DalasReview,Dalas Review,Science & Technology,10200000.0,Mexico,305700.0,30900.0,4600.0,Others,12/8/2022
979,nhstudioz,NH Studioz,Others,10200000.0,India,10600.0,71.0,2.0,Others,12/25/2022
980,NFL,NFL,Sports,10200000.0,United States,24500.0,635.0,78.0,Others,12/25/2022
982,Sơn Tùng M-TP Official,Sơn Tùng M-TP Official,Music & Dance,10200000.0,United States,100900.0,7700.0,108.0,Animation,12/1/2022
983,htv2channel,Vie Channel - HTV2,Music & Dance,10200000.0,United States,40200.0,475.0,58.0,Others,12/9/2022
984,Luan Palomera,Luan Palomera,Others,10200000.0,Mexico,118500.0,7100.0,369.0,Others,12/14/2022
985,Roshan Zindagi,Roshan Zindagi,Education,10200000.0,India,21200.0,652.0,15.0,Others,12/19/2022
986,Eagle Home Entertainments,Eagle Home Entertainments,Others,10200000.0,India,724.0,3.0,0.0,Others,12/7/2022
987,مصطفى GAME OVER,مصطفى GAME OVER,Others,10100000.0,Iraq,564400.0,64500.0,2700.0,Others,12/12/2022
988,GadgetIn,GadgetIn,Others,10100000.0,Indonesia,1200000.0,28200.0,3500.0,Others,12/21/2022
989,RUOK,RUOK,Others,10100000.0,Brazil,215400.0,25200.0,1300.0,Others,12/21/2022
990,Sabkuchhsikhojano,Sab Kuchh Sekho Jano,News & Politics,10100000.0,India,11800.0,1200.0,72.0,Others,12/2/2022
991,Harpreet SDC,Harpreet SDC,Others,10100000.0,India,36100.0,1300.0,49.0,Others,12/24/2022
992,FoxNewsChannel,Fox News,News & Politics,10100000.0,United States,98400.0,4000.0,884.0,Others,12/6/2022
993,Santa Fe Klan Official,Santa Fe Klan Official,Music & Dance,10100000.0,Mexico,0.0,0.0,0.0,Others,12/2/2022
996,SULE PRODUCTIONS,SULE PRODUCTIONS,Others,10100000.0,Indonesia,101500.0,2500.0,292.0,Others,12/2/2022
997,Dynamo Gaming,Dynamo Gaming,Others,10100000.0,India,112400.0,17800.0,677.0,Others,12/20/2022
998,one_Iraqi_Diary,يوميات واحد عراقي | One Iraqi Diary,Others,10100000.0,Iraq,2900000.0,245500.0,17200.0,Others,12/30/2022
999,ClassicMrBean,Classic Mr Bean,Others,10100000.0,India,48300.0,624.0,23.0,Others,12/5/2022
1000,Anupam Movie Songs,Anupam Movie Songs,Music & Dance,10100000.0,Bangladesh,41200.0,315.0,18.0,Others,12/23/2022
