S.no,Youtube_channel,Youtuber_name,Category,Subscribers,Country,Average_view,Average_likes,Average_comments,Sub-category,Date
1,T-Series,tseries,Music & Dance,224400000.0,India,141500.0,4600.0,125.0,Other,9/1/2022
3,PewDiePie,PewDiePie,Animation,111600000.0,United States,1900000.0,130500.0,7400.0,Other,9/5/2022
4,MrBeast,MrBeast6000,Video games,104100000.0,United States,44800000.0,2200000.0,70900.0,Humor,9/27/2022
7,WWE,WWEFanNation,Video games,90800000.0,United States,139500.0,4800.0,205.0,Other,9/10/2022
8,Zee Music Company,zeemusiccompany,Music & Dance,87700000.0,India,103700.0,1400.0,54.0,Other,9/19/2022
10,BLACKPINK,BLACKPINK,Music & Dance,80300000.0,United States,10400000.0,1400000.0,42000.0,Other,9/21/2022
11,5-Minute Crafts,5-Minute Crafts,Other,77300000.0,India,214100.0,1800.0,77.0,Other,9/11/2022
12,Goldmines,GoldminesTelefilms,Other,75700000.0,India,141900.0,2100.0,56.0,Other,9/3/2022
13,Sony SAB,sabtv,Movies,71700000.0,India,61700.0,924.0,18.0,Animation,9/17/2022
14,BANGTANTV,BANGTANTV,Music & Dance,70600000.0,India,3900000.0,743300.0,15800.0,Other,9/14/2022
15,HYBE LABELS,ibighit,Music & Dance,68200000.0,United States,1000000.0,173100.0,4500.0,Other,9/5/2022
16,Canal KondZilla,CanalKondZilla,Music & Dance,66000000.0,Brazil,37400.0,1700.0,109.0,Other,9/28/2022
17,Zee TV,zeetv,Other,63400000.0,India,109400.0,1100.0,15.0,Other,9/11/2022
18,Shemaroo Filmi Gaane,filmigaane,Music & Dance,61800000.0,India,30400.0,273.0,14.0,Other,9/28/2022
21,Dude Perfect,corycotton,Video games,58300000.0,United States,6400000.0,206700.0,7900.0,Other,9/15/2022
22,Movieclips,movieclips,Movies,57800000.0,United States,18800.0,181.0,11.0,Animation,9/25/2022
23,Colors TV,colorstv,Other,56000000.0,India,19300.0,407.0,5.0,Other,9/20/2022
24,Marshmello,Marshmello,Music & Dance,55900000.0,United States,197900.0,13200.0,729.0,Other,9/18/2022
26,Tips Official,tipsmusic,Music & Dance,53500000.0,India,233300.0,2800.0,60.0,Other,9/1/2022
27,Aaj Tak,aajtaktv,News & Politics,53400000.0,India,7500.0,138.0,11.0,Other,9/5/2022
28,EminemMusic,EminemMusic,Movies,53300000.0,United States,1600000.0,90600.0,5300.0,Animation,9/9/2022
29,T-Series Bhakti Sagar,tseriesbhakti,Music & Dance,53300000.0,India,45600.0,1300.0,53.0,Other,9/14/2022
30,Sony Music India,sonymusicindiaSME,Music & Dance,53000000.0,India,451400.0,15900.0,1100.0,Other,9/28/2022
31,Ed Sheeran,EdSheeran,Music & Dance,52400000.0,United States,239100.0,20900.0,1100.0,Other,9/28/2022
33,LooLoo Kids - Nursery Rhymes and Children's Songs,LooLooKids,Music & Dance,50200000.0,United States,1100000.0,5700.0,0.0,Other,9/23/2022
34,YRF,yrf,Music & Dance,48200000.0,India,67200.0,3400.0,19.0,Movies,9/22/2022
36,Infobells - Hindi,infobellshindirhymes,Education,46400000.0,India,967000.0,4800.0,0.0,Other,9/9/2022
37,JuegaGerman,JuegaGerman,Movies,46400000.0,Mexico,1700000.0,114400.0,3900.0,Animation,9/6/2022
38,Badabun,Badabun,Other,45800000.0,Mexico,9400.0,447.0,8.0,Other,9/2/2022
39,Fernanfloo,Fernanfloo,Animation,45200000.0,Mexico,3300000.0,0.0,26600.0,Video games,9/11/2022
40,Felipe Neto,felipeneto,Other,44400000.0,Brazil,1000000.0,124500.0,1300.0,Other,9/29/2022
41,BRIGHT SIDE,BRIGHT SIDE,Animation,44000000.0,United States,51300.0,1400.0,116.0,Other,9/29/2022
42,whinderssonnunes,whinderssonnunes,Music & Dance,44000000.0,Brazil,350900.0,58800.0,1600.0,Animation,9/28/2022
43,Você Sabia?,vcsabiavideos,Other,43500000.0,Brazil,488200.0,46400.0,228.0,Other,9/26/2022
44,Bad Bunny,Bad Bunny,Music & Dance,43300000.0,Mexico,41300000.0,1400000.0,62000.0,Movies,9/17/2022
45,SonyMusicIndiaVEVO,sonymusicindiaVEVO,Music & Dance,43200000.0,India,76800.0,2400.0,93.0,Other,9/4/2022
47,A4,A4,Animation,41700000.0,Russia,10000000.0,483600.0,30400.0,Humor,9/11/2022
49,Speed Records,speedrecordss,Music & Dance,41100000.0,India,47500.0,1500.0,76.0,Other,9/18/2022
50,ABS-CBN Entertainment,ABSCBNOnline,Other,41000000.0,Philippines,1200.0,19.0,0.0,Other,9/16/2022
51,Shemaroo,ShemarooEnt,Other,40600000.0,India,8900.0,65.0,4.0,Other,9/6/2022
52,elrubiusOMG,elrubiusOMG,Animation,40500000.0,Spain,0.0,0.0,0.0,Video games,9/21/2022
55,Luisito Comunica,LuisitoComunicaa,Other,39400000.0,Mexico,4000000.0,124200.0,3900.0,Other,9/22/2022
57,TheEllenShow,TheEllenShow,Other,38300000.0,United States,16100.000000000002,411.0,40.0,Other,9/9/2022
58,Ishtar Music,venus,Music & Dance,38100000.0,India,54500.0,1300.0,17.0,Other,9/12/2022
59,LUCCAS NETO - LUCCAS TOON,luccasneto,Movies,37900000.0,Brazil,923800.0,16400.0,0.0,Animation,9/16/2022
60,GR6 EXPLODE,gr6explode,Music & Dance,37900000.0,Brazil,75200.0,4800.0,133.0,Other,9/27/2022
61,Kimberly Loaiza,Kimberly Loaiza,Daily vlogs,37500000.0,Mexico,2000000.0,389700.0,4100.0,Other,9/12/2022
62,Shakira,shakira,Other,37500000.0,United States,2100000.0,0.0,2400.0,Other,9/26/2022
63,WorkpointOfficial,WorkpointOfficial,Other,37300000.0,Thailand,10600.0,168.0,5.0,Other,9/17/2022
64,Daddy Yankee,DaddyYankeeOFFTV,Music & Dance,36900000.0,Colombia,0.0,0.0,0.0,Other,9/7/2022
66,CarryMinati,AddictedA1,Movies,36700000.0,India,24700000.0,4400000.0,170900.0,Humor,9/27/2022
67,TEDx Talks,TEDxTalks,Other,36200000.0,United States,205.0,4.0,0.0,Other,9/24/2022
69,shfa,shfa,Daily vlogs,36100000.0,France,3700000.0,52900.0,0.0,Other,9/5/2022
70,Jkk Entertainment,Jkk Entertainment,Other,36000000.0,India,3900000.0,32600.0,450.0,Other,9/7/2022
73,Ozuna,Ozuna,Music & Dance,35300000.0,United States,27300000.0,116700.0,4100.0,Other,9/20/2022
74,Goldmines Gaane Sune Ansune,Goldmines Gaane Sune Ansune,Music & Dance,34800000.0,India,33100.0,271.0,14.0,Other,9/17/2022
75,one31,gmmonetv,Other,34600000.0,Thailand,6600.0,127.0,2.0,Other,9/23/2022
76,Mikecrack,Mikecrack,Movies,34500000.0,Mexico,2800000.0,334800.0,6100.0,Animation,9/22/2022
79,YouTube,YouTube,Other,33600000.0,United States,258800.0,0.0,0.0,Other,9/30/2022
80,Markiplier,markiplierGAME,Animation,33600000.0,United States,2600000.0,145900.0,5800.0,Video games,9/16/2022
81,VEGETTA777,vegetta777,Video games,33600000.0,Mexico,766500.0,57400.0,416.0,Other,9/24/2022
82,Total Gaming,Total Gaming,Other,33500000.0,India,1200000.0,127400.0,6300.0,Other,9/15/2022
83,ARY Digital HD,ARY Digital HD,Other,33500000.0,Pakistan,10400.0,121.0,6.0,Other,9/12/2022
84,ABP NEWS,abpnewstv,News & Politics,33500000.0,India,3500.0,43.0,4.0,Other,9/13/2022
85,Desi Music Factory,Desi Music Factory,Music & Dance,33200000.000000004,India,3200000.0,4400.0,2500.0,Other,9/7/2022
86,Ultra Bollywood,UltraHindi,Other,33100000.0,India,24900.0,217.0,9.0,Other,9/4/2022
87,Sony PAL,sonypalindia,Other,33100000.0,India,9100.0,104.0,8.0,Other,9/13/2022
88,Geet MP3,Geet MP3,Music & Dance,33100000.0,India,341800.0,22800.0,1200.0,Other,9/25/2022
89,NoCopyrightSounds,NoCopyrightSounds,Music & Dance,32900000.0,United States,362500.0,15600.0,1200.0,Other,9/15/2022
91,HAR PAL GEO,harpalgeo,Other,32799999.999999996,Pakistan,5000.0,44.0,2.0,Other,9/18/2022
92,SSSniperWolf,SSSniperWolf,Humor,32700000.000000004,United States,3900000.0,107200.0,6900.0,Other,9/21/2022
93,T-Series Apna Punjab,tseriesapnapunjab,Music & Dance,32600000.0,India,30000.0,1600.0,31.0,Other,9/27/2022
94,IndiaTV,IndiaTV,News & Politics,32400000.0,India,8600.0,134.0,12.0,Other,9/23/2022
95,KHANDESHI MOVIES,KHANDESHI MOVIES,Other,32299999.999999996,India,4500000.0,36700.0,579.0,Other,9/8/2022
97,GENIAL,GENIAL,Animation,31500000.0,Mexico,51500.0,1800.0,68.0,Other,9/12/2022
98,Eros Now Music,erosentertainment,Other,31200000.0,India,20500.0,552.0,22.0,Other,9/25/2022
100,Bollywood Classics,tseriesoldisgold,Music & Dance,31000000.0,India,30700.0,547.0,28.0,Other,9/19/2022
101,Luis Fonsi,Luis Fonsi,Other,31000000.0,United States,34800.0,3100.0,69.0,Other,9/19/2022
102,SMTOWN,SMTOWN,Music & Dance,31000000.0,United States,326000.0,51400.0,1600.0,Other,9/16/2022
103,Selena Gomez,SelGomez,Other,30900000.0,United States,347900.0,38600.0,796.0,Other,9/26/2022
104,Mr Bean,MrBean,Other,30800000.0,India,191100.0,2700.0,80.0,Other,9/25/2022
105,Rajshri,rajshri,Other,30600000.0,India,18500.0,145.0,8.0,Other,9/20/2022
106,Ricis Official,Ricis Official,Music & Dance,30600000.0,Indonesia,621600.0,27300.0,789.0,Movies,9/15/2022
107,Trap Nation,AllTrapNation,Music & Dance,30400000.0,United States,74900.0,2600.0,96.0,Other,9/4/2022
108,DisneyMusicVEVO,DisneyMusicVEVO,Music & Dance,30300000.0,United States,295200.0,6100.0,393.0,Movies,9/19/2022
109,The Tonight Show Starring Jimmy Fallon,latenight,Movies,30200000.0,United States,166500.0,5600.0,171.0,Humor,9/26/2022
110,Saregama Music,SongsOfIndianCinema,Music & Dance,30100000.0,India,26600.0,967.0,11.0,Other,9/23/2022
111,AH,AH,Music & Dance,30000000.0,Indonesia,831500.0,37300.0,2600.0,Movies,9/3/2022
112,Spinnin' Records,SpinninRec,Music & Dance,29800000.0,United States,56000.0,2600.0,74.0,Other,9/7/2022
113,rezendeevil,rezendeevil,Movies,29600000.0,Brazil,293400.0,28500.0,742.0,Humor,9/24/2022
115,The Weeknd,xoxxxoooxo,Music & Dance,29500000.0,United States,652500.0,50100.0,2400.0,Other,9/29/2022
116,Jingle Toons,Jingle Toons,Other,29100000.0,India,82500.0,830.0,10.0,Other,9/29/2022
117,PowerKids TV,PowerKids,Movies,29100000.0,India,83500.0,0.0,0.0,Animation,9/7/2022
118,Worldwide Records Bhojpuri,WWRBhojpuri,Music & Dance,29000000.0,India,85500.0,2300.0,103.0,Other,9/2/2022
119,ImagineDragons,ImagineDragons,Music & Dance,28800000.0,United States,133500.0,13700.0,151.0,Other,9/18/2022
121,MrBeast Gaming,MrBeast Gaming,Animation,28800000.0,United States,8800000.0,419900.0,16500.0,Video games,9/19/2022
122,Ultra Music,UltraRecords,Music & Dance,28800000.0,United States,22800.0,824.0,41.0,Other,9/23/2022
123,jacksepticeye,jacksepticeye,Video games,28800000.0,United States,2300000.0,125600.0,6200.0,Other,9/26/2022
124,Maluma,Maluma,Music & Dance,28800000.0,Colombia,45600.0,2600.0,202.0,Other,9/3/2022
125,Techno Gamerz,Techno Gamerz,Other,28600000.0,India,4000000.0,319500.0,15400.0,Other,9/30/2022
129,DONA 도나,DONA 도나,Other,28200000.0,United States,0.0,0.0,0.0,Other,9/20/2022
130,Talking Tom,TalkingTomCat,Other,28100000.0,United States,769900.0,839.0,0.0,Other,9/4/2022
132,KAROL G,Karolgmusic,Music & Dance,28000000.0,Colombia,51800000.0,1700000.0,96200.0,Other,9/10/2022
133,The Late Late Show with James Corden,TheLateLateShow,Animation,28000000.0,United States,86700.0,2300.0,130.0,Humor,9/11/2022
134,GMANetwork,GMANETWORK,Other,27900000.0,Philippines,3200.0,78.0,2.0,Other,9/7/2022
135,MR. INDIAN HACKER,MR. INDIAN HACKER,Other,27400000.0,India,5600000.0,451900.0,18500.0,Other,9/10/2022
136,TheDonato,TheDonato,Other,27300000.0,Mexico,380600.0,34200.0,678.0,Other,9/29/2022
137,Zee News,zeenews,News & Politics,27200000.0,India,10800.0,202.0,14.0,Other,9/6/2022
141,ToypuddingTV,toypudding,Other,26600000.0,India,5300.0,32.0,1.0,Other,9/2/2022
144,Aditya Music,adityamusic,Music & Dance,26500000.0,India,16800.0,359.0,17.0,Other,9/16/2022
146,enchufetv,enchufetv,Other,26400000.0,Ecuador,178200.0,14400.0,71.0,Other,9/12/2022
147,DanTDM,TheDiamondMinecart,Video games,26300000.0,United States,1600000.0,48400.0,5100.0,Other,9/13/2022
148,WORLDSTARHIPHOP,WorldStarHipHopTV,Music & Dance,26100000.0,United States,34600.0,1100.0,86.0,Other,9/7/2022
150,VanossGaming,VanossGaming,Animation,25800000.0,United States,1000000.0,45600.0,647.0,Video games,9/23/2022
151,1MILLION Dance Studio,1MILLION Dance Studio,Other,25700000.0,India,48600.0,2500.0,36.0,Other,9/29/2022
152,Renato Garcia,xSkyHeLLxx,Movies,25700000.0,Brazil,1100000.0,97900.0,1500.0,Animation,9/23/2022
153,LosPolinesios,LosPolinesios,Music & Dance,25700000.0,Mexico,1700000.0,62000.0,2200.0,Movies,9/9/2022
154,JYP Entertainment,jypentertainment,Music & Dance,25500000.0,United States,219800.0,24100.0,1300.0,Other,9/22/2022
155,BB Ki Vines,BB Ki Vines,Movies,25500000.0,India,6700000.0,870800.0,73300.0,Humor,9/26/2022
156,Lucas and Marcus,TwiNboTzVids,Animation,25500000.0,United States,1000000.0,25700.0,1200.0,Humor,9/13/2022
158,Smosh,smosh,Movies,25100000.0,United States,213100.0,12600.0,437.0,Humor,9/3/2022
159,Beyoncé,beyonce,Music & Dance,25100000.0,United States,5300000.0,221400.0,12500.0,Other,9/10/2022
160,Jess No Limit,Jess No Limit,Movies,24900000.0,Indonesia,319900.0,11700.0,897.0,Animation,9/4/2022
162,WatchMojo.com,WatchMojo,Movies,24700000.0,United States,92300.0,2500.0,310.0,Other,9/10/2022
163,Nicki Minaj,NickiMinajTelevision,Music & Dance,24700000.0,United States,350500.0,32700.000000000004,2400.0,Other,9/18/2022
164,Sandeep Maheshwari,Sandeep Maheshwari,Daily vlogs,24700000.0,India,257100.00000000003,28000.0,172.0,Other,9/20/2022
166,Netflix,NewOnNetflix,Movies,24500000.0,United States,198900.0,3400.0,321.0,Animation,9/30/2022
167,Raffy Tulfo in Action,Raffy Tulfo in Action,News & Politics,24500000.0,Philippines,680200.0,10500.0,1000.0,Other,9/9/2022
168,David Guetta,davidguettavevo,Music & Dance,24500000.0,Brazil,178200.0,6500.0,369.0,Other,9/22/2022
169,Post Malone,postmalone,Music & Dance,24500000.0,United States,138200.0,9800.0,573.0,Other,9/1/2022
170,ZHC,ZHC,Design/art,24500000.0,United States,0.0,0.0,0.0,DIY & Life Hacks,9/29/2022
171,1theK (원더케이),LOENENT,Other,24300000.0,Indonesia,12300.0,1100.0,49.0,Other,9/26/2022
172,Rans Entertainment,Rans Entertainment,Music & Dance,24200000.0,Indonesia,894400.0,29700.0,737.0,Humor,9/3/2022
173,Amit Bhadana,Amit Bhadana,Humor,24200000.0,India,0.0,0.0,0.0,Other,9/18/2022
174,Chloe Ting,Chloe Ting,Fitness,24100000.0,United States,183600.0,10700.0,374.0,Health & Self Help,9/8/2022
175,Aditya Movies,adityacinema,Other,24100000.0,India,22400.0,496.0,17.0,Other,9/23/2022
176,KSI,KSIOlajidebt,Music & Dance,24100000.0,United Kingdom,453800.0,51700.0,1800.0,Other,9/22/2022
177,James Charles,James Charles,Beauty,23900000.0,United States,1100000.0,65300.0,1400.0,Fashion,9/2/2022
178,Ninja,NinjasHyper,Animation,23900000.0,United States,251400.0,11300.0,613.0,Video games,9/3/2022
180,Chris Brown,ChrisBrownTV,Music & Dance,23700000.0,United States,9800000.0,361300.0,19300.0,Other,9/20/2022
181,Coldplay,ColdplayVEVO,Music & Dance,23600000.0,United States,329500.0,13700.0,600.0,Other,9/10/2022
182,Logan Paul,Logan Paul,Video games,23600000.0,United States,0.0,0.0,0.0,Humor,9/23/2022
183,TRANS7 OFFICIAL,TRANS7indonesia,Food & Drinks,23500000.0,Indonesia,6600.0,89.0,8.0,Other,9/5/2022
184,ABPLIVE,ABPLIVE,News & Politics,23500000.0,India,2500.0,28.0,3.0,Other,9/15/2022
186,Shemaroo Movies,shemaroomovies,Other,23400000.0,India,45000.0,474.0,12.0,Other,9/20/2022
188,NickyJamTV,NickyJamTV,Music & Dance,23300000.0,Colombia,26800.0,2300.0,65.0,Movies,9/30/2022
189,Mister Max,Mister Max,DIY & Life Hacks,23100000.0,Russia,1800000.0,34800.0,1300.0,Other,9/25/2022
190,Enrique Iglesias,EnriqueIglesiasPlay,Music & Dance,23000000.0,United States,29000.0,2800.0,155.0,Other,9/16/2022
192,Tina Pontes,mildicasdemulher,Other,23000000.0,Brazil,105300.0,4000.0,0.0,Other,9/9/2022
193,netd müzik,netdmuzikk,Music & Dance,22900000.0,Turkey,9300.0,244.0,50.0,Other,9/8/2022
194,Jelly,JellyYT,Video games,22900000.0,United States,224100.0,10300.0,531.0,Other,9/5/2022
195,Goldmines Bollywood,Goldmines Bollywood,Other,22900000.0,India,20200.0,117.0,7.0,Other,9/21/2022
196,Crazy XYZ,Crazy XYZ,Other,22900000.0,India,3700000.0,294100.0,10200.0,Other,9/4/2022
197,Anuel AA,Anuel AA,Music & Dance,22700000.0,Colombia,44400000.0,832600.0,58200.0,Animation,9/24/2022
198,DrossRotzank,DrossRotzank,Other,22700000.0,Mexico,2200000.0,150200.0,8400.0,Other,9/23/2022
199,The Lallantop,The Lallantop,News & Politics,22600000.0,India,36900.0,1000.0,107.0,Other,9/22/2022
200,Miss Katy,Miss Katy,Video games,22500000.0,Russia,1000000.0,15600.0,667.0,Other,9/15/2022
201,Frost Diamond,Frost Diamond,Music & Dance,22500000.0,Indonesia,488900.0,35100.0,1200.0,Video games,9/1/2022
202,HUM TV,HumNetwork,Other,22500000.0,Pakistan,1600.0,10.0,0.0,Other,9/16/2022
205,The Chainsmokers,THECHAINSMOKERS,Humor,22300000.0,United States,34800.0,1700.0,47.0,Other,9/23/2022
206,Technical Guruji,Technical Guruji,Other,22300000.0,India,178400.0,10500.0,1200.0,Other,9/21/2022
207,GMM GRAMMY OFFICIAL,gmmgrammyofficial,Music & Dance,22300000.0,Thailand,3800.0,72.0,3.0,Other,9/26/2022
208,Venus Movies,VenusMovies,Other,22200000.0,India,143600.0,1200.0,29.0,Other,9/25/2022
210,mmoshaya,mmoshaya,Other,22100000.0,Saudi Arabia,2000000.0,33100.0,2200.0,Other,9/7/2022
211,America's Got Talent,AmericasGotTalent,Music & Dance,21900000.0,United States,263300.0,4200.0,246.0,Movies,9/18/2022
212,White Hill Music,WHBBP,Music & Dance,21900000.0,India,22700.0,1700.0,54.0,Other,9/29/2022
213,Paulo Londra,Paulo Londra,Music & Dance,21900000.0,Argentina,12500000.0,682900.0,24700.0,Other,9/15/2022
215,TED,TEDtalksDirector,Other,21900000.0,United States,47500.0,1300.0,162.0,Other,9/7/2022
216,Goldmines Movies,goldmineshindi,Other,21700000.0,India,9000.0,81.0,5.0,Other,9/24/2022
217,FaZe Rug,oRugrat,Video games,21700000.0,United States,4099999.9999999995,106200.0,7300.0,Humor,9/19/2022
219,Pen Movies,PenIndiaPvtLimited,Movies,21600000.0,India,56000.0,2500.0,79.0,Animation,9/23/2022
220,Enaldinho,TheEnaldinhO,Movies,21600000.0,Brazil,816100.0,43800.0,656.0,Other,9/1/2022
222,MrBeast en Español,MrBeast en Español,Other,21200000.0,Mexico,7100000.0,265600.0,10100.0,Other,9/30/2022
224,Juan De Dios Pantoja,Juan De Dios Pantoja,Daily vlogs,21200000.0,Mexico,4600000.0,237300.0,4400.0,Other,9/6/2022
225,SSundee,SSundee,Video games,21100000.0,United States,1700000.0,95100.0,3700.0,Other,9/25/2022
226,Brent Rivera,Brent Rivera,Video games,21100000.0,United States,5000000.0,201900.0,13100.0,Humor,9/1/2022
227,Tasty,Tasty,Food & Drinks,21100000.0,United States,112800.0,4300.0,64.0,Other,9/9/2022
228,FGTeeV,FGTeeV,Animation,21100000.0,United States,1300000.0,18500.0,2000.0,Video games,9/19/2022
229,Preston,PrestonPlayz,Animation,21000000.0,United States,1400000.0,53200.0,521.0,Video games,9/21/2022
230,Charlie Puth,CharliesVlogs,Music & Dance,21000000.0,United States,615300.0,59800.0,2200.0,Other,9/22/2022
231,5-Minute Crafts DIY,5-Minute Crafts DIY,Music & Dance,20900000.0,India,18300.0,303.0,9.0,Humor,9/24/2022
233,Baim Paula,Baim Paula,Music & Dance,20900000.0,Indonesia,642400.0,27100.0,2100.0,Movies,9/14/2022
234,Goldmines Cineplex,Goldmines Cineplex,Other,20800000.0,India,6400.0,84.0,3.0,Other,9/22/2022
235,Canal Canalha,CanalCanalha,Sports,20700000.0,Brazil,1200000.0,146900.0,4100.0,Other,9/9/2022
237,National Geographic,NationalGeographic,Other,20500000.0,United States,40300.0,1600.0,57.0,Other,9/9/2022
239,Brave Wilderness,Brave Wilderness,Other,20500000.0,United States,1600000.0,32200.000000000004,3100.0,Other,9/24/2022
241,StarPlus,starplus,Other,20500000.0,India,260899.99999999997,5600.0,69.0,Other,9/23/2022
242,Ultra Movie Parlour,UltraMovieParlour,Other,20300000.0,India,40700.0,910.0,15.0,Other,9/29/2022
243,BuzzFeedVideo,BuzzFeedVideo,Food & Drinks,20300000.0,United States,33100.0,824.0,23.0,Other,9/23/2022
244,AuthenticGames,AuthenticGames,Movies,20200000.0,Brazil,26400.0,2000.0,114.0,Video games,9/5/2022
245,Rotana,RotanaAudio,Music & Dance,20100000.0,Saudi Arabia,153800.0,7200.0,172.0,Other,9/5/2022
246,LazarBeam,LazarBeam,Animation,20100000.0,United States,0.0,0.0,0.0,Video games,9/30/2022
248,SlivkiShow,SlivkiChanel,Video games,20100000.0,Russia,2800000.0,195900.0,21900.0,Other,9/20/2022
249,5-Minute Crafts PLAY,5-Minute Crafts PLAY,Other,20100000.0,India,79700.0,297.0,14.0,Other,9/14/2022
250,REACT,TheFineBros,Humor,20100000.0,United States,137500.0,5400.0,400.0,Other,9/6/2022
251,Vevo,VEVO,Music & Dance,20100000.0,United States,11500.0,415.0,5.0,Other,9/15/2022
252,HaerteTest,HaerteTest,Other,20000000.0,India,23400.0,151.0,32.0,Other,9/19/2022
253,LankyBox,LankyBox,Video games,20000000.0,United States,438000.0,6600.0,360.0,Other,9/22/2022
254,Lyrical Lemonade,GooodLifeFilms,Other,19900000.0,United States,2900000.0,60200.0,2900.0,Other,9/5/2022
255,Tlnovelas,TelenovelaTelevisa,Other,19900000.0,Mexico,11800.0,282.0,8.0,Other,9/14/2022
256,Mnet K-POP,Mnet,Music & Dance,19900000.0,United States,9500.0,900.0,33.0,Animation,9/28/2022
257,Pencilmation,rossbollinger,Animation,19900000.0,United States,172900.0,2500.0,76.0,Humor,9/8/2022
261,Pentatonix,PTXofficial,Music & Dance,19700000.0,United States,120300.0,5700.0,103.0,Other,9/12/2022
262,Dr. Vivek Bindra: Motivational Speaker,MrVivekBindra,Education,19700000.0,India,172900.0,9400.0,608.0,Other,9/26/2022
263,Romeo Santos,romeo,Music & Dance,19700000.0,United States,837100.0,38100.0,1600.0,Other,9/24/2022
264,Marvel Entertainment,MARVEL,Movies,19700000.0,United States,299400.0,12100.0,786.0,Animation,9/6/2022
265,Noor Stars,Noor Stars,Movies,19600000.0,Iraq,1300000.0,131100.0,6500.0,Humor,9/7/2022
266,Got Talent Global,gottalentglobal,Other,19500000.0,United States,127000.0,1400.0,57.0,Other,9/10/2022
268,Gordon Ramsay,gordonramsay,Food & Drinks,19500000.0,United States,153800.0,3900.0,320.0,Health & Self Help,9/26/2022
269,Deddy Corbuzier,corbuzierprediction,Other,19500000.0,Indonesia,4200000.0,70700.0,8100.0,Other,9/25/2022
271,Troom Troom Es,Troom Troom Es,Other,19300000.0,Mexico,125700.0,2500.0,72.0,Other,9/11/2022
272,Infinite,Infinite,Video games,19300000.0,United States,776700.0,25300.0,2400.0,Humor,9/2/2022
274,Robin Hood Gamer,RobinHoodGamer1,Animation,19300000.0,Brazil,1000000.0,51400.0,784.0,Video games,9/11/2022
275,Kurzgesagt – In a Nutshell,Kurzgesagt,Education,19300000.0,United States,7000000.0,329700.0,24700.0,Other,9/5/2022
276,Fatos Desconhecidos,fatosdesconhecidos,Science & Technology,19200000.0,Brazil,194500.0,19000.0,683.0,Other,9/27/2022
277,Beast Reacts,Beast Reacts,Other,19100000.0,United States,12700000.0,389700.0,7100.0,Other,9/17/2022
278,Sun TV,Sun TV,Other,19100000.0,India,89400.0,1600.0,19.0,Other,9/23/2022
279,Crafty Panda,Crafty Panda,Music & Dance,19100000.0,India,81300.0,571.0,15.0,Other,9/12/2022
280,NBA,NBA,Sports,19100000.0,United States,58300.0,1700.0,119.0,Other,9/5/2022
281,DLS News,DLS News,News & Politics,19000000.0,India,61500.0,1700.0,104.0,Other,9/10/2022
282,Clash of Clans,OfficialClashOfClans,Movies,18900000.0,United States,299400.0,14000.0,394.0,Animation,9/25/2022
283,invictor,invictorgs3,Animation,18900000.0,Mexico,1300000.0,70200.0,982.0,Video games,9/27/2022
284,Netflix India,Netflix India,Other,18900000.0,India,131000.0,2800.0,105.0,Other,9/3/2022
285,Jimmy Kimmel Live,JimmyKimmelLive,Movies,18900000.0,United States,133100.0,3400.0,257.0,Other,9/28/2022
286,The ACE Family,The ACE Family,Humor,18900000.0,United States,702100.0,26000.0,2500.0,Other,9/25/2022
288,Britain's Got Talent,BritainsGotTalent09,Music & Dance,18700000.0,United Kingdom,192200.0,1100.0,44.0,Movies,9/6/2022
289,TRT Originals Urdu,TRT Originals Urdu,Other,18700000.0,Pakistan,308200.0,13600.0,328.0,Other,9/19/2022
290,AS Gaming,AS Gaming,Other,18700000.0,India,370700.0,32700.000000000004,1100.0,Other,9/1/2022
291,TheWillyrex,TheWillyrex,Other,18600000.0,Spain,25400.0,1500.0,0.0,Other,9/4/2022
292,The Royalty Family,The Royalty Family,Humor,18500000.0,United States,3400000.0,90200.0,0.0,Other,9/12/2022
294,CookieSwirlC,CookieSwirlC,Video games,18500000.0,United States,238100.0,3300.0,535.0,Other,9/10/2022
296,Sonotek,sonotekvideo,Music & Dance,18400000.0,India,28600.0,655.0,58.0,Animation,9/5/2022
298,KBS WORLD TV,kbsworld,Other,18400000.0,Indonesia,5300.0,137.0,6.0,Other,9/28/2022
299,MiawAug,MiawAug,Video games,18400000.0,Indonesia,850700.0,35400.0,2100.0,Other,9/24/2022
301,HiMan,HiMan,Video games,18300000.0,Russia,1600000.0,76900.0,2400.0,Other,9/7/2022
302,ElTrollino,ElTrollino,Animation,18300000.0,Mexico,3500000.0,102600.0,2800.0,Video games,9/25/2022
303,Unbox Therapy,Unbox Therapy,Science & Technology,18300000.0,United States,1200000.0,28200.0,3300.0,Other,9/8/2022
307,Ninja Kidz TV,Ninja Kidz TV,Video games,18200000.0,United States,793900.0,18800.0,1300.0,Other,9/28/2022
309,TheOdd1sOut,TheOdd1sOut,Movies,18100000.0,United States,1100000.0,44200.0,1600.0,Animation,9/17/2022
310,Dan-Sa / Daniel Saboya,DanielSaboya,Music & Dance,18100000.0,Brazil,40700.0,1300.0,48.0,Animation,9/4/2022
311,Emiway Bantai,Emiway Bantai,Music & Dance,18100000.0,India,1600000.0,208500.0,23600.0,Other,9/15/2022
312,GEN HALILINTAR,GEN HALILINTAR,Music & Dance,18100000.0,Indonesia,195700.0,10400.0,238.0,Humor,9/24/2022
313,Мирошка ТВ,Мирошка ТВ,Other,18100000.0,United States,15000.0,87.0,3.0,Other,9/8/2022
314,Vsauce,Vsauce,Science & Technology,18100000.0,United States,318900.0,17600.0,489.0,Other,9/18/2022
315,Farruko,farrukotv,Music & Dance,18100000.0,United States,641600.0,39600.0,1800.0,Other,9/24/2022
317,SCTV,SCTVIndonesia,Music & Dance,17900000.0,Indonesia,24200.0,410.0,23.0,Movies,9/17/2022
318,Village Cooking Channel,Village Cooking Channel,Other,17900000.0,India,4700000.0,262500.0,5500.0,Other,9/14/2022
320,Good Mythical Morning,rhettandlink2,Food & Drinks,17900000.0,United States,1200000.0,34600.0,1400.0,Other,9/20/2022
321,Naisa Alifia Yuriza (N.A.Y),Naisa Alifia Yuriza (N.A.Y),Music & Dance,17900000.0,Indonesia,908300.0,35500.0,596.0,Movies,9/6/2022
322,Lil Pump,Lil Pump,Music & Dance,17900000.0,United States,1300000.0,77600.0,8100.0,Other,9/1/2022
323,Demi Lovato,therealdemilovato,Music & Dance,17800000.0,United States,53500.0,5300.0,136.0,Other,9/24/2022
324,Marmok,dj47maryn,Animation,17800000.0,Russia,3900000.0,377100.0,17600.0,Video games,9/26/2022
325,RsiamMusic : อาร์สยาม,rsiammusic,Music & Dance,17800000.0,Thailand,10100.0,274.0,9.0,Other,9/15/2022
326,Познаватель,ThePoznavatel,Toys,17700000.0,Russia,3100000.0,65600.0,2400.0,DIY & Life Hacks,9/9/2022
327,TheGrefg,TheGrefg,Animation,17700000.0,Spain,986100.0,74800.0,1300.0,Video games,9/2/2022
328,Ali-A,Matroix,Video games,17700000.0,United States,466400.0,13600.0,904.0,Other,9/13/2022
332,etvteluguindia,etvteluguindia,Other,17600000.0,India,18800.0,211.0,3.0,Other,9/3/2022
333,Khan GS Research Centre,Khan GS Research Centre,Education,17600000.0,India,7100000.0,540400.0,23200.0,Other,9/9/2022
334,Sebastián Yatra,SebastianYatra,Music & Dance,17600000.0,Colombia,84900.0,5300.0,389.0,Other,9/16/2022
335,TED-Ed,TEDEducation,Science & Technology,17500000.0,United States,202500.0,12300.0,358.0,Other,9/3/2022
336,officialpsy,officialpsy,Music & Dance,17500000.0,United States,3200000.0,258399.99999999997,7400.0,Other,9/5/2022
337,Porta dos Fundos,portadosfundos,Movies,17400000.0,Brazil,738900.0,73600.0,725.0,Animation,9/12/2022
339,Junya Official Channel,Junya Official Channel,Other,17400000.0,Japan,2100000.0,24100.0,132.0,Other,9/2/2022
340,RobleisIUTU,RobleisIUTU,Movies,17400000.0,Argentina,838800.0,57000.0,1900.0,Animation,9/14/2022
342,Rafa & Luiz,Rafa & Luiz,Video games,17400000.0,Brazil,587500.0,33000.0,703.0,Other,9/14/2022
344,Stubborn Facts,Stubborn Facts,Other,17300000.0,India,66700.0,3400.0,166.0,Other,9/16/2022
345,SQUEEZIE,aMOODIEsqueezie,Other,17300000.0,France,5300000.0,423000.0,7900.0,Other,9/7/2022
346,EeOneGuy,EeOneGuy,Music & Dance,17300000.0,Russia,204600.0,13200.0,5600.0,Other,9/22/2022
347,SUPER SLICK SLIME SAM,SUPER SLICK SLIME SAM,Other,17200000.0,Mexico,222200.0,6700.0,176.0,Other,9/4/2022
348,Willyrex,Willyrex,Video games,17200000.0,Mexico,151900.0,13200.0,66.0,Other,9/18/2022
349,Grammy Gold Official,grammygoldofficia,Music & Dance,17200000.0,Thailand,15000.0,312.0,9.0,Other,9/22/2022
350,DUDU e CAROL,DUDU e CAROL,Other,17200000.0,Brazil,3100000.0,188300.0,1100.0,Other,9/13/2022
351,شبكة العاب العرب | Arab Games Network,ArabGamesNetwork,Other,17200000.0,Algeria,307500.0,28200.0,1400.0,Other,9/27/2022
352,Sourav Joshi Vlogs,Sourav Joshi Vlogs,Daily vlogs,17000000.0,India,5800000.0,532300.0,13900.0,Other,9/25/2022
353,IGN,IGNentertainment,Other,17000000.0,United States,45700.0,1000.0,105.0,Other,9/14/2022
354,Jason Derulo,JasonDerulo,Music & Dance,17000000.0,United States,68100.0,4500.0,66.0,Other,9/7/2022
355,Guava Juice,aynakoitsroi,Other,17000000.0,United States,217400.0,6300.0,708.0,Other,9/19/2022
356,7clouds,monstafluffmusicTV,Music & Dance,16900000.0,United States,233600.0,5200.0,175.0,Other,9/19/2022
357,Jane ASMR 제인,Jane ASMR 제인,Daily vlogs,16900000.0,United States,290000.0,5600.0,285.0,Other,9/5/2022
358,Anitta,AnittaOficial,Music & Dance,16900000.0,Brazil,3200000.0,132500.0,9100.0,Other,9/15/2022
360,Triggered Insaan,Triggered Insaan,Humor,16800000.0,India,5600000.0,521299.99999999994,15700.0,Other,9/23/2022
361,SOMOY TV,SOMOY TV,Daily vlogs,16800000.0,Bangladesh,8300.0,185.0,13.0,Other,9/5/2022
362,Dhar Mann,Dhar Mann,Health & Self Help,16800000.0,United States,5800000.0,130699.99999999999,6100.0,Other,9/22/2022
363,Dushyant kukreja,Dushyant kukreja,Other,16700000.0,India,3700000.0,245300.0,531.0,Other,9/8/2022
364,Manual do Mundo,iberethenorio,Science & Technology,16700000.0,Brazil,411500.0,53300.0,645.0,Other,9/30/2022
365,Shemaroo Comedy,indiancomedy,Other,16700000.0,India,98900.0,913.0,26.0,Other,9/25/2022
366,TheBrianMaps,TheBrianMaps,Video games,16600000.000000002,Russia,3100000.0,204300.0,11400.0,Humor,9/7/2022
367,Tu COSMOPOLIS,Tu COSMOPOLIS,News & Politics,16600000.000000002,Mexico,78600.0,6200.0,534.0,Other,9/13/2022
368,DeToxoMoroxo,jquintanac5,Movies,16600000.000000002,Mexico,571900.0,34600.0,9100.0,Animation,9/16/2022
369,Alejo Igoa,Alejo Igoa,DIY & Life Hacks,16600000.000000002,Argentina,6800000.0,293500.0,76700.0,Other,9/17/2022
370,Goldmines Great Indian Comedy,Goldmines Great Indian Comedy,Other,16600000.000000002,India,14100.0,180.0,9.0,Other,9/5/2022
371,zbing z.,zbingzbing,Animation,16500000.0,Thailand,390300.0,15600.0,541.0,Video games,9/20/2022
373,tanboy kun,tanboy kun,Music & Dance,16500000.0,Indonesia,2000000.0,47500.0,2100.0,Other,9/26/2022
374,IDEAS EN 5 MINUTOS,IDEAS EN 5 MINUTOS,Other,16500000.0,Mexico,39800.0,335.0,8.0,Other,9/24/2022
377,Prajapati News,Prajapati News,Other,16399999.999999998,India,24700.0,1300.0,64.0,Other,9/6/2022
378,Sandra Cires Art,Sandra Cires Art,Other,16399999.999999998,Colombia,412000.0,37400.0,537.0,Other,9/18/2022
380,Sidemen,Sidemen,Video games,16399999.999999998,United Kingdom,10200000.0,412200.0,10600.0,Humor,9/29/2022
381,ExtraPolinesios,ppextras,Daily vlogs,16399999.999999998,Mexico,131800.0,5600.0,157.0,Other,9/27/2022
382,Dan Rhodes,Dan Rhodes,Animation,16300000.0,India,1800000.0,119000.0,409.0,Toys,9/3/2022
383,RKD Studios,rkddigital,Other,16300000.0,India,171400.0,1900.0,56.0,Other,9/15/2022
384,Antrax,Antrax,Video games,16300000.0,Mexico,570500.0,41400.0,1500.0,Other,9/18/2022
385,The Game Theorists,MatthewPatrick13,Science & Technology,16200000.0,United States,2300000.0,123900.0,5900.0,Other,9/19/2022
386,Queen Official,queenofficial,Music & Dance,16200000.0,United States,0.0,0.0,0.0,Movies,9/22/2022
387,Fede Vigevani,Fede Vigevani,Other,16200000.0,Mexico,3500000.0,202700.0,10600.0,Other,9/15/2022
388,FailArmy,failarmy,Animation,16200000.0,United States,2600000.0,28600.0,2100.0,Humor,9/16/2022
390,Katie Angel,Katie Angel,Other,16100000.000000002,Mexico,306100.0,25900.0,173.0,Other,9/23/2022
391,Les' Copaque Production,lescopaque,Other,16100000.000000002,Indonesia,74900.0,878.0,35.0,Other,9/11/2022
392,VICE,vice,News & Politics,16100000.000000002,United States,414400.0,5600.0,1300.0,Other,9/4/2022
393,Kaykai Salaider,Kaykai Salaider,Movies,16100000.000000002,Thailand,1100000.0,103600.0,4700.0,Humor,9/26/2022
394,Boyce Avenue,boyceavenue,Music & Dance,16000000.0,Brazil,314700.0,11500.0,450.0,Other,9/7/2022
395,Marques Brownlee,marquesbrownlee,Science & Technology,16000000.0,United States,2700000.0,127000.0,4300.0,Other,9/15/2022
396,Sony AATH,Sony AATH,Other,16000000.0,Bangladesh,59200.0,1000.0,40.0,Other,9/1/2022
397,YOLO AVENTURAS,YOLO AVENTURAS,Other,16000000.0,Mexico,1700000.0,140700.0,708.0,Other,9/12/2022
398,Zhong,Zhong,Other,16000000.0,United States,3400000.0,252500.0,1500.0,Other,9/14/2022
399,jeffreestar,jeffreestar,Beauty,16000000.0,United States,1200000.0,50000.0,5500.0,Other,9/15/2022
400,Aayu and Pihu Show,Aayu and Pihu Show,Movies,16000000.0,India,3100000.0,71300.0,4200.0,Humor,9/11/2022
401,DopeLyrics,DopeLyrics,Music & Dance,16000000.0,United States,10300.0,272.0,28.0,Other,9/6/2022
402,JJ Olatunji,KSIOlajidebtHD,Other,16000000.0,United States,3900000.0,286400.0,11900.0,Other,9/21/2022
406,AMARINTV : อมรินทร์ทีวี,AMARINTV : อมรินทร์ทีวี,News & Politics,15900000.0,Thailand,6400.0,93.0,7.0,Other,9/7/2022
407,Ivana Alawi,Ivana Alawi,Daily vlogs,15800000.0,Philippines,3700000.0,196800.0,11600.0,Other,9/17/2022
408,Matt Stonie,MegatoadStonie,Food & Drinks,15800000.0,United States,1200000.0,52300.0,2500.0,Other,9/16/2022
409,Pitbull,PitbullMusic,Music & Dance,15800000.0,United States,18500.0,1600.0,43.0,Other,9/16/2022
411,News24,News24page,News & Politics,15800000.0,India,5800.0,110.0,10.0,Other,9/20/2022
412,Pop Chartbusters,popchartbusters,Music & Dance,15800000.0,India,36900.0,10100.0,37.0,Other,9/5/2022
413,Rotten Tomatoes Trailers,movieclipsTRAILERS,Movies,15800000.0,United States,41900.0,659.0,71.0,Animation,9/25/2022
414,AdMe,AdMe,Animation,15800000.0,Russia,50500.0,1500.0,81.0,Other,9/19/2022
415,Gato Galactico | GALÁXIA,OGatoGalactico,Animation,15600000.0,Brazil,90400.0,4900.0,78.0,Other,9/11/2022
416,And TV,And TV,Other,15600000.0,India,8900.0,104.0,4.0,Other,9/2/2022
417,Roman Atwood Vlogs,RomanAtwoodVlogs,Movies,15600000.0,United States,311000.0,0.0,995.0,Humor,9/28/2022
418,Dyland PROS,Dyland PROS,Movies,15500000.0,Indonesia,33300.0,2100.0,98.0,Animation,9/13/2022
420,RCTI - LAYAR DRAMA INDONESIA,RCTI - LAYAR DRAMA INDONESIA,Music & Dance,15400000.0,Indonesia,20000.0,353.0,22.0,Movies,9/28/2022
421,Camilo,CamiloMusicaVideo,Music & Dance,15400000.0,Colombia,157000.0,9300.0,125.0,Other,9/21/2022
422,MrBeast Shorts,MrBeast Shorts,Daily vlogs,15400000.0,United States,15500000.0,1300000.0,4800.0,Other,9/20/2022
424,SriBalajiMovies,SriBalajiMovies,Other,15400000.0,India,12900.0,85.0,2.0,Other,9/14/2022
425,LOKESH GAMER,LOKESH GAMER,Other,15400000.0,India,349200.0,40600.0,1500.0,Other,9/13/2022
426,T3ddy,T3DDYgames,Daily vlogs,15300000.0,Brazil,801500.0,79900.0,2200.0,Other,9/8/2022
427,Stokes Twins,alanalan9635,Video games,15300000.0,United States,11900000.0,404600.0,40200.0,Humor,9/7/2022
428,With Kids[위드키즈],With Kids[위드키즈],Other,15300000.0,United States,71100.0,0.0,0.0,Other,9/20/2022
429,Kerajinan 5-Menit,Kerajinan 5-Menit,Music & Dance,15200000.0,Indonesia,17000.0,147.0,6.0,Other,9/10/2022
432,Dangal TV Channel,Dangal TV Channel,Other,15200000.0,India,63800.0,956.0,6.0,Other,9/12/2022
433,5-Minute Crafts FAMILY,5-Minute Crafts FAMILY,Other,15200000.0,United States,16100.000000000002,175.0,9.0,Other,9/9/2022
434,SAM SMITH,SAM SMITH,Other,15200000.0,United States,29900.0,2000.0,61.0,Other,9/11/2022
435,Ch7HD,bbtvch7,Other,15200000.0,Thailand,7100.0,135.0,2.0,Other,9/17/2022
436,TheRichest,TheRichest,News & Politics,15200000.0,United States,22200.0,644.0,81.0,Other,9/9/2022
437,POPS Kids,popskids,Animation,15200000.0,Indonesia,4100.0,53.0,0.0,Other,9/7/2022
438,حِرف إبداعية في 5 دقائق,حِرف إبداعية في 5 دقائق,Other,15100000.0,Egypt,35800.0,344.0,16.0,Other,9/2/2022
439,Lahari Music | T-Series,laharimusic,Music & Dance,15100000.0,India,30600.0,1300.0,23.0,Other,9/28/2022
440,LEGO,LEGO,Animation,15100000.0,United States,54800.0,666.0,0.0,Other,9/18/2022
441,НТВ,ntvru,News & Politics,15000000.0,Russia,82300.0,901.0,216.0,Other,9/9/2022
442,Henrique e Juliano,hejproducao,Music & Dance,15000000.0,Brazil,71800.0,3700.0,152.0,Other,9/20/2022
443,Mariale,Mariale,Other,15000000.0,Mexico,154700.0,7000.0,285.0,Other,9/23/2022
444,Talking Tom & Friends,TalkingFriends,Animation,15000000.0,United States,220600.0,2300.0,0.0,Humor,9/25/2022
445,Makiman131,Makiman131,Movies,15000000.0,Spain,279500.0,15600.0,604.0,Animation,9/27/2022
446,Ranz Kyle,ranziscool,Humor,15000000.0,Philippines,786300.0,27400.0,881.0,Other,9/23/2022
447,Volga Video,newvolgavideo,Other,15000000.0,India,5300.0,43.0,2.0,Other,9/17/2022
448,Harsh Beniwal,Harsh Beniwal,Movies,15000000.0,India,13800000.0,1200000.0,31600.0,Humor,9/30/2022
449,NichLmao,NichLmao,Daily vlogs,15000000.0,United States,4700000.0,361200.0,2000.0,Other,9/13/2022
451,LIV Crime,LIV Crime,Daily vlogs,15000000.0,India,95500.0,1100.0,35.0,Other,9/28/2022
452,Niana Guerrero,Niana Guerrero,Music & Dance,15000000.0,Philippines,1000000.0,31500.0,1100.0,Humor,9/19/2022
454,League of Legends,RiotGamesInc,Movies,15000000.0,United States,515799.99999999994,33500.0,1100.0,Animation,9/30/2022
455,GMMTV OFFICIAL​​,GMMTVSPOTLIKE,Music & Dance,15000000.0,Thailand,24900.0,544.0,14.0,Movies,9/12/2022
456,Kwebbelkop,kwebbelkop,Animation,15000000.0,United States,100200.0,3000.0,284.0,Video games,9/23/2022
457,La Rosa de Guadalupe,La Rosa de Guadalupe,Other,14900000.0,Mexico,90800.0,865.0,19.0,Other,9/3/2022
458,NDTV India,ndtvindia,News & Politics,14900000.0,India,12700.0,305.0,33.0,Other,9/16/2022
459,BBC News Hindi,bbchindi,News & Politics,14900000.0,India,167300.0,0.0,311.0,Other,9/10/2022
460,MK MUSIC,mkmusicnews,Music & Dance,14900000.0,Brazil,20400.0,1900.0,33.0,Other,9/18/2022
462,Linus Tech Tips,LinusTechTips,Science & Technology,14900000.0,United States,1500000.0,66600.0,3000.0,Other,9/15/2022
463,Lachlan,Lachlan,Video games,14900000.0,United States,420100.0,19900.0,612.0,Other,9/14/2022
465,Daniel LaBelle,Daniel LaBelle,Other,14800000.0,United States,23100000.0,459400.0,2900.0,Other,9/29/2022
466,Zé Neto e Cristiano,zncoficial,Other,14800000.0,Brazil,29500.0,3200.0,39.0,Other,9/21/2022
467,iTownGamePlay *Terror&Diversión*,iTownGamePlay,News & Politics,14800000.0,Mexico,134500.0,5200.0,291.0,Other,9/13/2022
468,les boys tv2,les boys tv2,Sports,14800000.0,France,7400.0,0.0,0.0,Other,9/4/2022
469,NMF News,narendramodionline,News & Politics,14700000.0,India,12600.0,299.0,35.0,Other,9/9/2022
471,News18 India,News18 India,News & Politics,14700000.0,India,2700.0,46.0,2.0,Other,9/13/2022
472,TWICE,TWICE,Music & Dance,14700000.0,Philippines,565900.0,61600.0,500.0,Movies,9/23/2022
473,IDEIAS INCRÍVEIS,IDEIAS INCRÍVEIS,Other,14700000.0,Brazil,13600.0,257.0,6.0,Other,9/21/2022
474,LEGENDA FUNK,LEGENDA FUNK,Music & Dance,14700000.0,Brazil,6700.0,268.0,9.0,Animation,9/3/2022
475,Thairath Online,thairathonline,News & Politics,14700000.0,Thailand,16900.0,233.0,23.0,Other,9/28/2022
476,Jorge & Mateus Oficial,jemproducoes,Music & Dance,14600000.0,Brazil,1100000.0,12800.0,250.0,Other,9/21/2022
477,MattyBRaps,MattyBRaps,Music & Dance,14600000.0,United States,3500000.0,15200.0,0.0,Movies,9/18/2022
479,حقائق وأسرار,حقائق وأسرار,Other,14600000.0,Egypt,0.0,0.0,0.0,Other,9/7/2022
480,Team Films Bhojpuri,TeamFilmsBhojpuri,Music & Dance,14600000.0,India,17600.0,442.0,48.0,Movies,9/15/2022
481,Daftar Populer,Daftar Populer,News & Politics,14600000.0,Indonesia,99000.0,1900.0,199.0,Other,9/24/2022
482,Major Lazer Official,majorlazer,Music & Dance,14600000.0,United States,28700.0,1500.0,95.0,Movies,9/13/2022
483,Drawblogs,Drawblogs,Movies,14600000.0,Mexico,19100.0,858.0,58.0,Animation,9/29/2022
484,Maha Fun Tv,Maha Fun Tv,Other,14600000.0,India,68200.0,1700.0,145.0,Other,9/30/2022
485,CollegeHumor,collegehumor,Movies,14600000.0,United States,146000.0,7400.0,817.0,Humor,9/13/2022
486,Fueled By Ramen,FueledByRamen,Other,14600000.0,United States,36900.0,2000.0,114.0,Other,9/27/2022
489,XpressTV,XpressTV,Science & Technology,14500000.0,Mexico,1400000.0,48500.0,556.0,Other,9/20/2022
490,Arif muhammad,Arif muhammad,Music & Dance,14500000.0,Indonesia,2900000.0,77600.0,3200.0,Movies,9/8/2022
491,Mobile Legends: Bang Bang Official,Mobile Legends: Bang Bang Official,Movies,14500000.0,Indonesia,420700.0,3100.0,26.0,Animation,9/13/2022
492,Zach King,Zach King,Movies,14500000.0,United States,633700.0,0.0,899.0,Humor,9/29/2022
494,Busy Fun Ltd,Busy Fun Ltd,Other,14500000.0,India,9000000.0,35500.0,584.0,Other,9/3/2022
496,Super Polina,Super Polina,Other,14500000.0,Russia,8900.0,61.0,0.0,Other,9/23/2022
497,Martin Garrix,MartinGarrix,Music & Dance,14400000.0,United States,54000.0,5100.0,103.0,Other,9/16/2022
498,The Slow Mo Guys,theslowmoguys,Other,14400000.0,United States,946900.0,62900.0,2800.0,Other,9/13/2022
499,It's Mamix,It's Mamix,DIY & Life Hacks,14400000.0,Russia,2900000.0,0.0,5200.0,Other,9/11/2022
500,Chad Wild Clay,chadwildclay,Movies,14400000.0,United States,2200000.0,38200.0,6500.0,Humor,9/16/2022
501,Gyan Gamingㅤ,Gyan Gamingㅤ,Other,14400000.0,India,371800.0,38600.0,863.0,Other,9/2/2022
502,Unspeakable,Unspeakable,Video games,14400000.0,United States,3300000.0,62700.0,7200.0,Humor,9/7/2022
504,PlayStation,PlayStation,Other,14400000.0,United States,43800.0,1400.0,158.0,Other,9/22/2022
505,Genierock,Genierock,Music & Dance,14400000.0,Thailand,100700.0,988.0,64.0,Other,9/22/2022
506,CoryxKenshin,CoryxKenshin,Video games,14400000.0,United States,7500000.0,528300.0,34100.0,Humor,9/11/2022
507,Aphmau,ChallengeAcceptedInc,Animation,14300000.0,United States,2500000.0,59800.0,4400.0,Video games,9/18/2022
508,ABS-CBN News,TheABSCBNNews,News & Politics,14300000.0,Philippines,5400.0,50.0,4.0,Other,9/29/2022
509,Mohamed Ramadan I محمد رمضان,MRamadanOfficial,Music & Dance,14200000.0,Egypt,2400000.0,59400.0,4100.0,Other,9/14/2022
510,Zach Choi ASMR,Zach Choi ASMR,Daily vlogs,14200000.0,United States,166700.0,11000.0,114.0,Other,9/10/2022
511,Camila Loures,camilaloures,Movies,14200000.0,Brazil,239900.0,18800.0,325.0,Humor,9/9/2022
512,Anasala I أنس و أصالة,Anasala I أنس و أصالة,Other,14200000.0,Egypt,2700000.0,194200.0,7700.0,Other,9/10/2022
513,CNN,CNN,Music & Dance,14200000.0,United States,323200.0,4700.0,4200.0,Animation,9/10/2022
514,Gulshan Kalra,Gulshan Kalra,Other,14200000.0,India,8900000.0,477600.0,561.0,Other,9/28/2022
515,Taarak Mehta Ka Ooltah Chashmah,Taarak Mehta Ka Ooltah Chashmah,Other,14200000.0,India,348000.0,5700.0,88.0,Other,9/14/2022
516,UFC - Ultimate Fighting Championship,UFC,Sports,14200000.0,United States,135800.0,3000.0,301.0,Other,9/21/2022
517,Trap City,OfficialTrapCity,Music & Dance,14200000.0,United States,35500.0,1800.0,76.0,Other,9/17/2022
519,Daily Dose Of Internet,Daily Dose Of Internet,Animals & Pets,14100000.0,United States,5100000.0,249500.0,9800.0,Other,9/5/2022
520,#Refugio Mental,#Refugio Mental,Movies,14100000.0,Argentina,566800.0,6600.0,80.0,Other,9/21/2022
521,A2 Motivation by {Arvind Arora},A2 Motivation by {Arvind Arora},Other,14100000.0,India,342100.0,47100.0,208.0,Other,9/4/2022
522,EdisonPts,EdisonPts,Video games,14100000.0,Russia,2000000.0,144900.0,6900.0,Other,9/15/2022
524,DM - Desi Melodies,DM - Desi Melodies,Music & Dance,14000000.0,India,15400000.0,321100.0,18600.0,Other,9/27/2022
525,Saad Lamjarred | سعد لمجرد,SaadLamjarredTV,Music & Dance,14000000.0,Morocco,2000000.0,74700.0,8400.0,Other,9/28/2022
526,F2Freestylers - Ultimate Soccer Skills Channel,F2Freestylers,Sports,14000000.0,United Kingdom,957600.0,0.0,328.0,Other,9/10/2022
528,Doc Tops,Doc Tops,Animation,14000000.0,Mexico,1300000.0,58600.0,805.0,Other,9/25/2022
529,AM3NlC,AM3NlC,Food & Drinks,14000000.0,Brazil,190600.0,19900.0,276.0,Other,9/16/2022
530,FC Barcelona,fcbarcelona,Sports,14000000.0,United States,224700.0,14000.0,262.0,Other,9/26/2022
531,Мастерская Настроения,MasterskayaNastroeny,Movies,14000000.0,Russia,408900.0,10400.0,209.0,Video games,9/29/2022
532,Bie The Ska,bomberball,Other,14000000.0,Thailand,384500.0,12200.0,265.0,Other,9/20/2022
533,Auron,Auron,Video games,14000000.0,Mexico,2000000.0,112600.0,1800.0,Other,9/16/2022
534,NikkieTutorials,NikkieTutorials,Design/art,14000000.0,United States,1700000.0,165300.0,752.0,Beauty,9/10/2022
535,Mis Pastelitos,mispastelitosyoutub,Food & Drinks,13900000.0,Mexico,864600.0,33400.0,1200.0,Other,9/2/2022
536,Mazhavil Manorama,MazhavilManorama,Other,13800000.0,India,9600.0,106.0,4.0,Other,9/2/2022
537,Rosanna Pansino,RosannaPansino,DIY & Life Hacks,13800000.0,United States,206300.0,8800.0,224.0,Other,9/29/2022
538,MNCTV OFFICIAL,MNCTVOfficial,Music & Dance,13800000.0,Indonesia,2000.0,40.0,1.0,Other,9/22/2022
539,Hongyu ASMR 홍유,Hongyu ASMR 홍유,ASMR,13800000.0,United States,666700.0,8900.0,258.0,Other,9/29/2022
540,Kuplinov ► Play,Kuplinov ► Play,Video games,13800000.0,Russia,1300000.0,83600.0,2300.0,Other,9/2/2022
541,MY FAMILY,MY FAMILY,Other,13800000.0,India,3700000.0,14200.0,220.0,Other,9/13/2022
542,CrashCourse,crashcourse,Science & Technology,13800000.0,United States,48600.0,1800.0,65.0,Other,9/18/2022
543,SMOL,SMOL,Other,13800000.0,United States,359400.0,16300.0,18.0,Other,9/17/2022
544,ADEL et SAMI,ADEL et SAMI,Music & Dance,13800000.0,France,63300.0,487.0,0.0,Humor,9/2/2022
545,MSA previously My Story Animated,MSA previously My Story Animated,Animation,13800000.0,United States,7600000.0,200400.0,6700.0,Humor,9/1/2022
546,Jake Fellman,Jake Fellman,Other,13800000.0,United States,216500.0,9100.0,44.0,Other,9/21/2022
547,TazerCraft,TazerCraft,Movies,13800000.0,Brazil,462400.0,27000.0,493.0,Animation,9/27/2022
548,MAIKI021,MAIKI021,Movies,13800000.0,Brazil,30200.0,3700.0,75.0,Animation,9/26/2022
549,NOBRU,NOBRU,Video games,13800000.0,Brazil,146400.0,21800.0,174.0,Toys,9/21/2022
551,Wengie,WWWengie,DIY & Life Hacks,13700000.0,United States,74500.0,3500.0,270.0,Other,9/27/2022
554,Lyna,SrtaLynaV,Movies,13700000.0,Mexico,458200.0,23700.0,1400.0,Animation,9/30/2022
555,5-Minute Crafts Recycle,5-Minute Crafts Recycle,Other,13600000.0,India,38500.0,323.0,11.0,Other,9/10/2022
557,Harry Styles,Harry Styles,Music & Dance,13600000.0,United States,0.0,0.0,0.0,Other,9/30/2022
559,Neha Kakkar,NehaKakkarOfficial,Music & Dance,13600000.0,India,130500.0,8300.0,133.0,Other,9/21/2022
560,ABC News,ABCNews,News & Politics,13600000.0,United States,12500.0,148.0,116.0,Other,9/25/2022
561,Narins Beauty,Narins Beauty,Other,13600000.0,Iraq,2900000.0,224400.0,12200.0,Other,9/14/2022
562,Telemundo,telemundotv,Other,13600000.0,Argentina,72200.0,2400.0,156.0,Other,9/4/2022
563,TV Ana Emilia,TV Ana Emilia,Other,13600000.0,Mexico,264900.0,11400.0,1200.0,Other,9/27/2022
564,YOLO,YOLO,Other,13600000.0,Mexico,1100000.0,87400.0,1200.0,Other,9/25/2022
566,ZEE5,ZEE5,Other,13500000.0,India,394.0,6.0,0.0,Other,9/9/2022
567,Wesley Safadão,bandagarotasafada,Music & Dance,13500000.0,Brazil,30400.0,1800.0,36.0,Other,9/17/2022
568,PlayHard,boplayhard,Other,13500000.0,Brazil,458500.0,67800.0,114.0,Other,9/19/2022
569,Online Job,Online Job,Other,13500000.0,India,7900.0,203.0,38.0,Other,9/22/2022
570,Lindsey Stirling,lindseystomp,Music & Dance,13500000.0,United States,241100.0,20100.0,994.0,Movies,9/16/2022
571,Wish 107.5,Wish 107.5,Music & Dance,13500000.0,Philippines,178200.0,4000.0,331.0,Other,9/15/2022
572,Kurt Hugo Schneider,Kurt Hugo Schneider,Other,13400000.0,United States,859600.0,2600.0,77.0,Other,9/7/2022
573,FAPTV,FAPtivi,Animation,13400000.0,United States,3100000.0,0.0,1200.0,Humor,9/16/2022
574,How Ridiculous,whoisjimmy,Video games,13400000.0,United States,1300000.0,52300.0,2300.0,Other,9/20/2022
576,H2ODelirious,H2ODelirious,Animation,13400000.0,United States,113300.0,6200.0,217.0,Video games,9/26/2022
577,123 GO! Spanish,123 GO! Spanish,Animation,13400000.0,Mexico,475200.0,5500.0,75.0,Other,9/30/2022
578,Atlantic Records,AtlanticVideos,Music & Dance,13400000.0,United States,9200.0,422.0,11.0,Other,9/1/2022
579,PrestonPlayz,PrestonPlayz,Animation,13400000.0,United States,1200000.0,44000.0,1400.0,Video games,9/22/2022
580,MyMissAnand,MyMissAnand,Movies,13300000.0,India,1500000.0,49300.0,428.0,Humor,9/6/2022
581,Anaysa,iloveindianmakeup,Movies,13300000.0,India,835100.0,24300.0,707.0,Humor,9/26/2022
583,ETV Jabardasth,ETV Jabardasth,Other,13200000.0,India,106400.0,1800.0,38.0,Other,9/3/2022
584,SRK MUSIC,SRKASSAMESE,Music & Dance,13200000.0,India,317400.0,13800.0,542.0,Other,9/26/2022
585,Desi Gamers,Desi Gamers,Other,13200000.0,India,664200.0,89800.0,4000.0,Other,9/26/2022
586,Coke Studio,Coke Studio,Music & Dance,13200000.0,Pakistan,1900000.0,17500.0,446.0,Movies,9/7/2022
588,Shorts Break,Shorts Break,Other,13200000.0,India,15400000.0,810600.0,942.0,Other,9/28/2022
590,theRadBrad,theRadBrad,Video games,13200000.0,United States,139200.0,5900.0,484.0,Other,9/5/2022
591,The LaBrant Fam,The LaBrant Fam,Music & Dance,13200000.0,United States,934100.0,26400.0,0.0,Humor,9/4/2022
592,Поззи,PozzitifonShow,Video games,13200000.0,Russia,898600.0,34200.0,2600.0,Other,9/4/2022
593,The Q,The Q,Other,13100000.0,United States,2100000.0,51000.0,2700.0,Other,9/30/2022
594,T-Series Hamaar Bhojpuri,hamaarbhojpuri,Music & Dance,13100000.0,India,12100.0,291.0,33.0,Other,9/30/2022
595,Alex Gonzaga Official,Alex Gonzaga Official,Music & Dance,13100000.0,Philippines,2900000.0,129800.00000000001,2000.0,Humor,9/12/2022
596,DALLMYD,DALLMYD,Mystery,13000000.0,United States,464200.0,28200.0,1500.0,Other,9/11/2022
597,Katakit Baby TV,HusamYK,Music & Dance,13000000.0,Saudi Arabia,484400.0,4800.0,0.0,Other,9/26/2022
598,PowerfulJRE,PowerfulJRE,Daily vlogs,13000000.0,United States,1600000.0,33300.0,3700.0,Other,9/7/2022
599,Dear Sir,Dear Sir,Education,13000000.0,India,162800.0,11400.0,747.0,Other,9/14/2022
600,Zeinab Harake,Zeinab Harake,Daily vlogs,13000000.0,Philippines,2500000.0,136600.0,3100.0,Other,9/17/2022
601,Ajay Sharma,Ajay Sharma,Other,13000000.0,India,4400000.0,245200.0,208.0,Other,9/17/2022
602,Matt Steffanina,MattSDance,Music & Dance,13000000.0,United States,116600.0,4800.0,50.0,Movies,9/24/2022
603,NishaMadhulika,NishaMadhulika,Food & Drinks,13000000.0,India,191000.0,5100.0,786.0,Other,9/22/2022
604,ATHLEAN-X™,JDCav24,Fitness,13000000.0,United States,616400.0,29700.0,810.0,Health & Self Help,9/19/2022
605,Ray William Johnson,RayWilliamJohnson,Animation,13000000.0,United States,3500000.0,338300.0,2800.0,Humor,9/25/2022
606,The Shiny Peanut,The Shiny Peanut,Other,13000000.0,Indonesia,14400.0,371.0,24.0,Other,9/28/2022
607,O Que Não Dizer Oficial,O Que Não Dizer Oficial,Movies,13000000.0,Brazil,419900.0,46500.0,535.0,Animation,9/26/2022
608,twenty one pilots,twentyonepilots,Music & Dance,13000000.0,United States,50500.0,5300.0,137.0,Other,9/15/2022
609,BBC News,bbcnews,News & Politics,13000000.0,United Kingdom,111300.0,1600.0,819.0,Other,9/20/2022
610,Typical Gamer,typicalgamer,Video games,13000000.0,United States,393800.0,10700.0,333.0,Other,9/30/2022
611,Everson Zoio,djzoi0,Movies,12900000.0,Brazil,539000.0,71800.0,4200.0,Animation,9/10/2022
612,KOMPASTV,KompasTVNews,News & Politics,12900000.0,Indonesia,8500.0,73.0,27.0,Other,9/23/2022
613,RedeTV,RedeTVhdBrasil,News & Politics,12900000.0,Brazil,3600.0,129.0,4.0,Other,9/10/2022
614,MrSuicideSheep,MrSuicideSheep,Other,12800000.0,United States,68400.0,3200.0,68.0,Other,9/27/2022
615,Veritasium,1veritasium,Science & Technology,12800000.0,United States,4700000.0,125000.0,5000.0,Other,9/3/2022
616,Hacksmith,MstrJames,Video games,12800000.0,United States,323200.0,14700.0,318.0,Other,9/5/2022
617,أترو/Atro,أترو/Atro,Other,12800000.0,Iraq,413400.0,49700.0,8500.0,Other,9/3/2022
618,unknown boy varun,unknown boy varun,Music & Dance,12800000.0,India,22400000.0,2100000.0,1800.0,Other,9/17/2022
619,Jazzghost,jazzghost1,Animation,12800000.0,Brazil,952500.0,58300.0,1700.0,Video games,9/28/2022
620,Rebecca Zamolo,rebeccazamolo1,Video games,12800000.0,United States,3200000.0,67700.0,8700.0,Humor,9/28/2022
621,Lady Diana,Lady Diana,Music & Dance,12800000.0,Russia,2100000.0,63800.0,2800.0,Other,9/28/2022
622,T-Series Regional,tseriesregional,Music & Dance,12800000.0,India,6500.0,119.0,15.0,Other,9/4/2022
623,Top Viral Talent,MusicTalentNow,Other,12800000.0,United States,25100.0,302.0,17.0,Other,9/6/2022
624,Crescendo com Luluca,Crescendo com Luluca,Toys,12800000.0,Brazil,1200000.0,44600.0,4000.0,Other,9/16/2022
625,Sony Music South,Sony Music South,Movies,12800000.0,India,265600.0,8000.0,194.0,Animation,9/27/2022
628,Ei Nerd,einerdtv,Movies,12800000.0,Brazil,284000.0,39100.0,1400.0,Animation,9/11/2022
629,#Refúgio Mental,#Refúgio Mental,Movies,12800000.0,Brazil,341700.0,9800.0,89.0,Animation,9/24/2022
630,ГЛЕНТ,ГЛЕНТ,Video games,12800000.0,Russia,1700000.0,167200.0,5400.0,Other,9/3/2022
632,Alan Chikin Chow,Alan Chikin Chow,Other,12700000.0,India,15000000.0,430800.0,611.0,Other,9/24/2022
633,StudyIQ IAS,StudyIQ IAS,Education,12700000.0,India,8600.0,475.0,10.0,Other,9/4/2022
634,Health Time,Health Time,Daily vlogs,12700000.0,India,6900.0,238.0,8.0,Other,9/21/2022
635,Blossom,Blossom,Other,12700000.0,United States,45800.0,1000.0,11.0,Other,9/19/2022
636,BBC,BBC,Movies,12600000.0,United Kingdom,19000.0,275.0,33.0,Other,9/11/2022
637,gymvirtual,gymvirtual,Music & Dance,12600000.0,Mexico,94500.0,3100.0,92.0,Other,9/23/2022
638,TKOR,1032010814,DIY & Life Hacks,12600000.0,United States,62000.0,1500.0,125.0,Other,9/3/2022
639,Lokdhun Punjabi,htpunjabi,Music & Dance,12600000.0,India,0.0,0.0,0.0,Other,9/20/2022
641,Knowledge Tv हिन्दी,Knowledge Tv हिन्दी,Education,12600000.0,India,50300.0,2100.0,105.0,Other,9/29/2022
642,Juliana Baltar,Juliana Baltar,Movies,12600000.0,Brazil,241100.0,15400.0,477.0,Humor,9/29/2022
643,DJ Khaled,DJ Khaled,Music & Dance,12600000.0,United States,384900.0,14400.0,756.0,Other,9/22/2022
644,Narendra Modi,Narendra Modi,Science & Technology,12600000.0,India,26600.0,1200.0,105.0,News & Politics,9/15/2022
645,Kabita's Kitchen,Kabita's Kitchen,Other,12600000.0,India,333700.0,7300.0,461.0,Other,9/2/2022
646,JOJO TV - Hindi Stories,JOJO TV - Hindi Stories,Other,12600000.0,India,95200.0,625.0,0.0,Other,9/2/2022
647,Zee Bangla,zeebangla,Other,12600000.0,India,17200.0,221.0,2.0,Other,9/15/2022
648,Awakening Music,awakeningrecords,Music & Dance,12600000.0,Indonesia,22500.0,2000.0,97.0,Other,9/18/2022
649,Melon City Show - برنامج ولاية بطيخ,Melon City Show - برنامج ولاية بطيخ,Other,12600000.0,Iraq,356800.0,16900.0,241.0,Other,9/14/2022
650,Adexe & Nau,AdexeOficial,Music & Dance,12600000.0,Mexico,44200.0,4300.0,159.0,Other,9/15/2022
651,Parafernalha,canalparafernalha,Other,12600000.0,Brazil,29200.0,1800.0,11.0,Other,9/29/2022
652,JesseAndMike,JesseAndMike,Other,12600000.0,United States,986200.0,11200.0,261.0,Other,9/25/2022
653,karameeshchannel,karameeshchannel,Music & Dance,12500000.0,Jordan,164900.0,2300.0,0.0,Other,9/24/2022
654,Piuzinho,Piuzinho,Animation,12500000.0,Brazil,522799.99999999994,126800.0,2400.0,Humor,9/1/2022
655,Brawl Stars,Brawl Stars,Animation,12500000.0,United States,1600000.0,115400.0,5500.0,Other,9/16/2022
658,Blockbuster Movies,Blockbuster Movies,Daily vlogs,12500000.0,India,146800.0,3500.0,19.0,Other,9/1/2022
659,Troom Troom India,Troom Troom India,Other,12500000.0,India,269200.0,2400.0,36.0,Other,9/23/2022
660,Talking Angela,TalkingAngelaCat,Music & Dance,12400000.0,United States,99400.0,3500.0,122.0,Other,9/11/2022
661,elliegoulding,elliegoulding,Music & Dance,12400000.0,United States,16700.0,1300.0,51.0,Other,9/13/2022
663,People Vs Food,React,Food & Drinks,12400000.0,United States,637900.0,23000.0,1300.0,Other,9/26/2022
665,Meghan Trainor,Meghan Trainor,Music & Dance,12400000.0,United States,17400.0,1300.0,36.0,Other,9/10/2022
666,Mythpat,Mythpat,Other,12400000.0,India,4200000.0,357300.0,16900.0,Other,9/10/2022
667,LOUD,LOUD,Other,12400000.0,Brazil,165900.0,18100.0,241.0,Other,9/7/2022
668,CaseyNeistat,caseyneistat,Daily vlogs,12400000.0,United States,939100.0,53600.0,4200.0,Other,9/9/2022
669,Just For Laughs Gags,JustForLaughsTV,Other,12400000.0,United States,42400.0,812.0,32.0,Other,9/3/2022
670,Troom Troom PT,Troom Troom PT,Toys,12400000.0,Brazil,82300.0,1700.0,61.0,Other,9/27/2022
671,Gibby :),Gibby :),Movies,12400000.0,Mexico,892400.0,59700.0,1900.0,Other,9/24/2022
672,The Dodo,TheDodoSite,Animals & Pets,12400000.0,United States,471700.0,19100.0,690.0,Other,9/21/2022
675,My Mate Nate,My Mate Nate,Other,12300000.0,Thailand,1400000.0,42500.0,1000.0,Other,9/18/2022
676,Think Music India,thinkmusicindia,Music & Dance,12300000.0,India,53100.0,2400.0,19.0,Other,9/11/2022
677,Bispo Bruno Leonardo,Bispo Bruno Leonardo,Music & Dance,12300000.0,Brazil,680900.0,240800.0,186800.0,Other,9/25/2022
678,Bela Bagunça,Bela Bagunça,Movies,12300000.0,Brazil,125100.0,5700.0,201.0,Animation,9/10/2022
679,GMA News,gmanews,News & Politics,12300000.0,Philippines,3000.0,34.0,5.0,Other,9/6/2022
681,FIFA,FIFATV,Sports,12200000.0,United States,31900.0,1400.0,34.0,Other,9/11/2022
682,DeGoBooM,DeGoBooM,Movies,12200000.0,Mexico,367100.0,11100.0,278.0,Animation,9/27/2022
683,Geo News,geonews,News & Politics,12200000.0,Pakistan,5700.0,87.0,10.0,Other,9/18/2022
684,Más SKabeche,Más SKabeche,Other,12200000.0,Mexico,1500000.0,97600.0,1600.0,Other,9/30/2022
685,Trakin Tech,Trakin Tech,News & Politics,12200000.0,India,337200.0,19700.0,1100.0,Other,9/7/2022
686,NDTV,ndtv,News & Politics,12200000.0,India,3000.0,41.0,10.0,Other,9/17/2022
687,Compot,TastyCompot,Video games,12200000.0,Russia,1100000.0,47800.0,2100.0,Other,9/18/2022
689,DaniRep | +6 Vídeos Diarios De GTA 5 Online!,TheDaniRep,Animation,12200000.0,Mexico,206200.0,12000.0,155.0,Video games,9/21/2022
690,Jass Records,officialjassrecords,Music & Dance,12200000.0,India,24700.0,1100.0,10.0,Other,9/7/2022
691,RaptorGamer,RaptorGamer,Animation,12100000.0,Mexico,624800.0,36900.0,1000.0,Video games,9/11/2022
692,Sonotek Bhakti,htbhakti,Music & Dance,12100000.0,India,83800.0,1200.0,43.0,Other,9/27/2022
693,Marta and Rustam,Marta and Rustam,Other,12100000.0,India,4099999.9999999995,150600.0,116.0,Other,9/23/2022
694,Vogue,Americanvogue,Fashion,12100000.0,United States,266400.0,13500.0,643.0,Other,9/14/2022
695,The Infographics Show,TheInfographicsShow,Education,12100000.0,United States,232200.0,7400.0,440.0,Other,9/11/2022
696,Jordan Matter,jordanmatter,Music & Dance,12100000.0,United States,11400000.0,226300.0,21500.0,Humor,9/25/2022
698,BanderitaX,BanderitaX,Animation,12000000.0,Saudi Arabia,997300.0,122100.0,4400.0,Video games,9/10/2022
699,NORMAN FAIT DES VIDÉOS,NormanFaitDesVideos,Movies,12000000.0,France,0.0,0.0,0.0,Animation,9/21/2022
701,Troom Troom Indonesia,Troom Troom Indonesia,Music & Dance,12000000.0,Indonesia,175500.0,1600.0,43.0,Movies,9/6/2022
702,Ice Cream Rolls,Ice Cream Rolls,Other,12000000.0,United States,66000.0,2100.0,129.0,Other,9/13/2022
703,Jamuna TV,Jamuna TV,News & Politics,12000000.0,Bangladesh,19400.0,566.0,48.0,Other,9/18/2022
704,Lulu99,Lulu99,Other,12000000.0,Colombia,1300000.0,71600.0,5100.0,Other,9/16/2022
705,CHHOTU KI MASTI,CHHOTU KI MASTI,Other,12000000.0,India,1700000.0,14000.0,197.0,Other,9/4/2022
706,Panda,Panda,Animation,12000000.0,India,754300.0,62500.0,1300.0,Toys,9/7/2022
707,Akshay Nagwadiya,Akshay Nagwadiya,Other,12000000.0,India,3400000.0,257899.99999999997,855.0,Other,9/26/2022
708,E-MasterSensei,E-MasterSensei,Movies,12000000.0,Mexico,2000000.0,65400.00000000001,1300.0,Video games,9/25/2022
709,Technology Gyan,Technology Gyan,Other,12000000.0,India,419000.0,34500.0,1700.0,Other,9/15/2022
710,Planet Earth INDIA,Planet Earth INDIA,Daily vlogs,12000000.0,India,53100.0,1700.0,143.0,Other,9/19/2022
711,WiederDude,WiederDude,Other,12000000.0,United States,1600000.0,19900.0,324.0,Other,9/28/2022
712,Yair17,YairAuriazul,Movies,12000000.0,Mexico,239100.0,28800.0,664.0,Animation,9/3/2022
713,Yudist Ardhana,Yudist Ardhana,Movies,12000000.0,Indonesia,243400.0,7000.0,255.0,Other,9/8/2022
714,Avril Lavigne,AvrilLavigne,Music & Dance,12000000.0,United States,122200.0,11800.0,454.0,Other,9/7/2022
715,Rauw Alejandro,Rauw Alejandro,Music & Dance,11900000.0,Peru,0.0,0.0,0.0,Other,9/12/2022
716,Timba Vk,MrTimbaVk,Animation,11900000.0,Mexico,1100000.0,48800.0,1100.0,Video games,9/18/2022
717,Mor Haryanvi,Mor Haryanvi,Music & Dance,11900000.0,India,170700.0,1800.0,45.0,Other,9/26/2022
718,Kluna Tik,Kluna Tik,Other,11900000.0,United States,244200.0,3200.0,224.0,Other,9/19/2022
719,CNCO,CNCO,Music & Dance,11900000.0,Mexico,161800.0,20200.0,1000.0,Other,9/28/2022
720,TV9 Bharatvarsh,TV9 Bharatvarsh,News & Politics,11900000.0,India,4400.0,86.0,3.0,Other,9/28/2022
721,Republic Bharat,Republic Bharat,News & Politics,11900000.0,India,6200.0,0.0,7.0,Other,9/26/2022
722,Rubius Z,elrubius,Movies,11900000.0,Argentina,2300000.0,186900.0,2500.0,Animation,9/18/2022
723,TommyInnit,TommyInnit,Animation,11800000.0,United States,2400000.0,252700.0,11100.0,Video games,9/28/2022
724,MrGear,MrGear,Other,11800000.0,United States,72100.0,0.0,93.0,Other,9/22/2022
725,Tfue,TTfue,Animation,11800000.0,United States,140300.0,6100.0,278.0,Video games,9/30/2022
726,emma chamberlain,emma chamberlain,Food & Drinks,11800000.0,United States,3100000.0,220900.0,6300.0,Other,9/13/2022
727,MORGENSHTERN,MORGENSHTERN,Music & Dance,11800000.0,Russia,0.0,0.0,0.0,Movies,9/25/2022
728,123 GO!,123 GO!,DIY & Life Hacks,11800000.0,United States,374600.0,2900.0,99.0,Other,9/27/2022
729,Luan Santana,luansantanaoficial,Music & Dance,11800000.0,Brazil,2200000.0,33600.0,1200.0,Other,9/17/2022
730,DANIEL EL TRAVIESO VIDEOS,DANIEL EL TRAVIESO VIDEOS,Animation,11800000.0,Colombia,865300.0,42200.0,3000.0,Humor,9/16/2022
732,Nat and Essie,Nat and Essie,Toys,11800000.0,United States,54100.0,1300.0,0.0,Other,9/29/2022
734,웃웃TwinsFromRussia,N1Noobtubers,Daily vlogs,11800000.0,United States,107900.0,5200.0,22.0,Other,9/28/2022
735,Луномосик,Луномосик,Video games,11800000.0,Russia,2700000.0,61800.0,1700.0,Other,9/28/2022
736,Ben Azelart,Ben Azelart,Video games,11800000.0,United States,12400000.0,0.0,27400.0,Humor,9/17/2022
737,MBC مصر,MBCMASR,Other,11800000.0,Egypt,1900.0,25.0,1.0,Other,9/8/2022
739,Koo Koo TV - Hindi,Koo Koo TV - Hindi,Other,11700000.0,India,210500.0,2900.0,71.0,Other,9/8/2022
740,办公室小野 Ms Yeah,办公室小野 Ms Yeah,Other,11700000.0,United States,520200.00000000006,37200.0,37.0,Other,9/2/2022
741,TsMadaan,TsMadaan,Education,11700000.0,India,3500.0,269.0,8.0,Other,9/22/2022
744,YoungBoy Never Broke Again,YoungBoy Never Broke Again,Music & Dance,11700000.0,United States,29800.0,1700.0,95.0,Other,9/13/2022
745,Make Joke Of,Make Joke Of,Movies,11700000.0,India,14400000.0,0.0,30600.0,Animation,9/28/2022
746,Halsey,Halsey,News & Politics,11600000.0,United States,84500.0,10100.0,206.0,Other,9/12/2022
747,First We Feast,FirstWeFeast,Food & Drinks,11600000.0,United States,167200.0,3700.0,308.0,Other,9/3/2022
748,SBT,SBTonline,Other,11600000.0,Brazil,7800.0,332.0,3.0,Other,9/6/2022
749,Indore Physical Academy,Indore Physical Academy,Other,11600000.0,India,131200.0,9100.0,207.0,Other,9/28/2022
750,Garena Free Fire LATAM,Garena Free Fire LATAM,Other,11600000.0,Mexico,39500.0,2400.0,160.0,Other,9/1/2022
751,Spider Slack,Spider Slack,Other,11600000.0,Brazil,6000000.0,541700.0,614.0,Other,9/11/2022
752,Colors Rishtey,KapilComedyNights,Other,11600000.0,India,5000.0,45.0,2.0,Other,9/14/2022
753,Wild 'N Out,MTV2,Music & Dance,11600000.0,United States,202000.0,5400.0,167.0,Humor,9/16/2022
755,Vy Qwaint,VyQwaint,Video games,11600000.0,United States,1800000.0,30100.0,6100.0,Humor,9/29/2022
756,LipaoGamer,FelipeViktor,Movies,11600000.0,Brazil,147300.0,9600.0,143.0,Animation,9/1/2022
757,الجانب المُشرق | Bright Side Arabic,الجانب المُشرق | Bright Side Arabic,Other,11500000.0,Egypt,27100.0,799.0,52.0,Other,9/26/2022
759,Black Eyed Peas,blackeyedpeasvideo,Music & Dance,11500000.0,United States,28000.0,1300.0,107.0,Other,9/13/2022
760,Pragati Verma Shorts,Pragati Verma Shorts,Other,11500000.0,India,439600.0,54900.0,513.0,Other,9/15/2022
761,Lofi Girl,Lofi Girl,Music & Dance,11400000.0,United States,134800.0,5100.0,204.0,Other,9/4/2022
763,Maymo,crackrockcandy,Other,11400000.0,United States,275100.0,1100.0,48.0,Other,9/11/2022
764,Quantum Tech HD,Quantum Tech HD,Other,11400000.0,United States,1700000.0,7300.0,144.0,Other,9/22/2022
765,Tiana,Tiana,Video games,11400000.0,United Kingdom,419200.0,11300.0,916.0,Humor,9/3/2022
766,Annoying Orange,realannoyingorange,Movies,11400000.0,United States,161000.0,4700.0,497.0,Animation,9/15/2022
767,Mrwhosetheboss,Mrwhosetheboss,Science & Technology,11400000.0,United States,5000000.0,273200.0,9200.0,Other,9/30/2022
769,BBC Earth,BBCEarth,Other,11400000.0,United States,51600.0,1200.0,76.0,Other,9/17/2022
770,ExpCaseros,ExpCaseros,DIY & Life Hacks,11400000.0,Spain,76400.0,1700.0,159.0,Food & Drinks,9/12/2022
771,CrazyRussianHacker,CrazyRussianHacker,Animation,11400000.0,United States,48700.0,1800.0,85.0,Toys,9/6/2022
772,Single Track Studio,hawkrecord,Music & Dance,11400000.0,India,1600000.0,34800.0,1000.0,Other,9/10/2022
773,Yoga With Adriene,yogawithadriene,Fitness,11400000.0,United States,234600.0,9600.0,1600.0,Other,9/6/2022
774,UnspeakableReacts,UnspeakableGaming,Video games,11400000.0,United States,0.0,0.0,0.0,Other,9/26/2022
775,SonyLIV,sonyliv,Other,11400000.0,India,29300.0,377.0,13.0,Other,9/14/2022
777,Franco Escamilla,francoescamilla,Other,11400000.0,Mexico,532400.0,15300.0,313.0,Other,9/17/2022
778,CaptainSparklez,CaptainSparklez,Video games,11400000.0,United States,84700.0,7300.0,357.0,Other,9/29/2022
779,CarryisLive,CarryisLive,Other,11400000.0,India,753300.0,68200.0,362.0,Other,9/16/2022
780,luzugames,luzugames,Animation,11400000.0,Mexico,121300.0,13800.0,171.0,Video games,9/22/2022
781,Pastor Antônio Júnior,prantoniojunior,Music & Dance,11400000.0,Brazil,328700.0,74800.0,7100.0,Other,9/21/2022
782,MyLifeAsEva,mylifeaseva,Humor,11400000.0,United States,0.0,0.0,0.0,Other,9/15/2022
783,penguinz0,penguinz0,Animation,11400000.0,United States,1700000.0,80100.0,4900.0,Video games,9/20/2022
786,Star Casablanca | نجوم الدار البيضاء,Star Casablanca | نجوم الدار البيضاء,Music & Dance,11400000.0,Iraq,13700.0,594.0,35.0,Other,9/23/2022
787,Kendrick Lamar,Kendrick Lamar,Other,11400000.0,United States,0.0,0.0,0.0,Other,9/14/2022
790,The Viral Fever,TheViralFeverVideos,Movies,11300000.0,India,312300.0,28900.0,476.0,Humor,9/16/2022
791,AlArabiya العربية,AlArabiya,News & Politics,11300000.0,Algeria,2600.0,50.0,9.0,Other,9/6/2022
792,Danny Fitt,Danny Fitt,Other,11300000.0,Mexico,711100.0,62700.0,289.0,Other,9/13/2022
794,BakLol Video,BakLol Video,Movies,11300000.0,India,935200.0,15000.0,915.0,Humor,9/4/2022
795,Avocado Couple I Crazy Comics,Avocado Couple I Crazy Comics,Other,11300000.0,United States,138200.0,1200.0,53.0,Other,9/6/2022
796,Fortnite,epicfortnite,Movies,11200000.0,United States,169300.0,8400.0,343.0,Video games,9/5/2022
797,Genius,RapGeniusVideo,Music & Dance,11200000.0,United States,43600.0,2700.0,132.0,Movies,9/2/2022
798,The Film Theorists,FilmTheorists,Movies,11200000.0,United States,2500000.0,156600.0,7400.0,Other,9/1/2022
799,Cut,watchcut,Humor,11200000.0,United States,532500.0,12700.0,688.0,Other,9/3/2022
800,"Sen, Momo, Ai & Shii's Channel",oyabakatousan,Daily vlogs,11200000.0,Japan,85000.0,220.0,2.0,Other,9/17/2022
802,bharatzkitchen HINDI,bharatzkitchen HINDI,Other,11200000.0,India,257600.00000000003,6900.0,241.0,Other,9/4/2022
803,Magic Five,Magic Five,Travel,11200000.0,Russia,460500.0,27400.0,2500.0,Other,9/29/2022
804,Flowers Comedy,Flowers Comedy,Other,11200000.0,India,91700.0,1300.0,118.0,Other,9/1/2022
805,Acenix,Acenix,Video games,11200000.0,Mexico,0.0,0.0,0.0,Other,9/16/2022
806,Pari's Lifestyle,Pari's Lifestyle,Daily vlogs,11200000.0,India,1100000.0,14000.0,331.0,Other,9/2/2022
807,HellomaphieMX,HellomaphieMX,Other,11200000.0,Mexico,718900.0,45300.0,123.0,Other,9/27/2022
808,Mo Vlogs,Mo Vlogs,Humor,11200000.0,India,337500.0,14700.0,2000.0,Autos & Vehicles,9/22/2022
809,Inside Edition,cbstvdinsideedition,News & Politics,11200000.0,United States,179300.0,4600.0,645.0,Other,9/11/2022
810,Virgínia Fonseca,Virgínia Fonseca,Movies,11200000.0,Brazil,528200.0,40700.0,760.0,Humor,9/15/2022
811,Flamingo,Flamingo,Animation,11200000.0,United States,2200000.0,70500.0,9500.0,Video games,9/4/2022
812,Taylor RS,Taylor RS,Other,11200000.0,United States,75700.0,1600.0,5.0,Other,9/13/2022
813,Tyga,TygaTygaTV,Music & Dance,11200000.0,United States,9000000.0,288500.0,7000.0,Other,9/3/2022
814,Comedy Central,comedycentral,Movies,11200000.0,United States,35500.0,1100.0,48.0,Humor,9/24/2022
816,Viih Tube,viihtubeoficial,Other,11100000.0,Brazil,78900.0,2800.0,104.0,Other,9/19/2022
818,DemolitionRanch,DemolitionRanch,Video games,11000000.0,United States,1600000.0,75900.0,8800.0,Other,9/2/2022
820,핑크퐁 (인기 동요・동화),pinkfongko,Education,11000000.0,Algeria,55400.0,140.0,0.0,Other,9/24/2022
821,ExplosmEntertainment,ExplosmEntertainment,Movies,11000000.0,United States,278700.0,18400.0,235.0,Animation,9/1/2022
822,Coisa de Nerd,coisadenerd,Design/art,11000000.0,Brazil,588300.0,70800.0,1200.0,Other,9/3/2022
823,Hueva,XHuevaX,Video games,11000000.0,Mexico,656900.0,16300.0,407.0,Other,9/18/2022
825,TrapMusicHDTV,TrapMusicHDTV,Other,11000000.0,United States,0.0,0.0,0.0,Other,9/15/2022
826,Oum Walid,Oum Walid,Education,11000000.0,Algeria,308900.0,19200.0,1500.0,Other,9/27/2022
827,Levinho,Levinho,Other,11000000.0,India,225200.0,20300.0,592.0,Other,9/28/2022
828,TWO SIDE GAMERS,TWO SIDE GAMERS,Other,11000000.0,India,724200.0,58800.0,3300.0,Other,9/22/2022
829,IShowSpeed,IShowSpeed,Video games,11000000.0,United States,1800000.0,73000.0,3500.0,Humor,9/29/2022
830,RS 1313 SHORTS,RS 1313 SHORTS,Other,11000000.0,India,253300.0,13000.0,28.0,Other,9/6/2022
831,JP Plays,jpgameplayfull,Video games,11000000.0,Brazil,190500.0,8900.0,132.0,Other,9/5/2022
832,Telugu Filmnagar,telugufilmnagar,Other,11000000.0,India,3500.0,61.0,2.0,Other,9/9/2022
833,Kênh Thiếu Nhi - BHMEDIA,doctruyencotich,Music & Dance,11000000.0,United States,17000.0,62.0,0.0,Animation,9/7/2022
834,Rachit Rojha,Rachit Rojha,Other,11000000.0,India,5200000.0,108200.0,5500.0,Other,9/11/2022
836,HikakinTV,HikakinTV,Music & Dance,11000000.0,Japan,2800000.0,73900.0,5100.0,Humor,9/12/2022
837,Slogo,Slogomanify,Video games,11000000.0,United States,377400.0,13700.0,590.0,Other,9/18/2022
838,SagaHits,sagahits,Music & Dance,10900000.0,India,28100.0,1300.0,84.0,Other,9/21/2022
839,Games EduUu,GamesEduUu,Movies,10900000.0,Brazil,1500000.0,190500.0,5000.0,Toys,9/7/2022
841,NEXT9NEWS हर खबर आप तक,NEXT9NEWS हर खबर आप तक,News & Politics,10900000.0,India,5000.0,37.0,2.0,Other,9/21/2022
842,Juanpa Zurita,Juanpa Zurita,Other,10900000.0,Mexico,454600.0,28200.0,883.0,Other,9/2/2022
843,Jessica Jane,Jessica Jane,Food & Drinks,10900000.0,Indonesia,1200000.0,39300.0,861.0,Other,9/21/2022
844,AlJazeera Channel قناة الجزيرة,aljazeerachannel,News & Politics,10900000.0,Morocco,7800.0,112.0,35.0,Other,9/7/2022
846,Dobre Brothers,Dobre Brothers,Movies,10900000.0,United States,457900.0,18500.0,409.0,Humor,9/4/2022
847,Vox,Vox,News & Politics,10800000.0,United States,334600.0,14200.0,544.0,Other,9/3/2022
848,Miranda Sings,mirandasings08,Movies,10800000.0,United States,246500.0,11200.0,818.0,Humor,9/29/2022
850,Experienced Mojaraba TV,Experienced Mojaraba TV,Health & Self Help,10800000.0,United States,22200.0,581.0,9.0,Food & Drinks,9/8/2022
851,Pen Multiplex,Pen Multiplex,Other,10800000.0,India,8000.0,69.0,4.0,Other,9/20/2022
853,Troom Troom Arabic,Troom Troom Arabic,Other,10800000.0,Egypt,306600.0,6000.0,264.0,Other,9/30/2022
854,Zee Tamil,zeetamil,Other,10800000.0,India,12800.0,164.0,2.0,Other,9/30/2022
855,Milena Stepanienco - MILENINHA,Milena Stepanienco - MILENINHA,Movies,10800000.0,Brazil,1700000.0,10600.0,0.0,Animation,9/1/2022
856,Wamindia Movies,WAMIndiaMovies,Other,10800000.0,India,157800.0,2500.0,46.0,Other,9/17/2022
857,Golemcito Games,Golemcito Games,Movies,10800000.0,Peru,1500000.0,174100.0,3600.0,Animation,9/6/2022
858,Deji,ComedyShortsGamer,Animation,10800000.0,United Kingdom,2300000.0,278800.0,18100.0,Humor,9/12/2022
859,BE AMAZED,BE AMAZED,Education,10800000.0,United States,408600.0,10300.0,650.0,Other,9/7/2022
861,Captain Watch Hits,Captain Watch Hits,Other,10800000.0,India,11200.0,75.0,3.0,Other,9/14/2022
862,Nirahua Music World,NirahuaMusic,Other,10700000.0,India,893600.0,17400.0,626.0,Other,9/22/2022
863,Ceylin - H Official,Ceylin - H Official,Music & Dance,10700000.0,Turkey,12800.0,0.0,0.0,Other,9/17/2022
864,RDC Gujarati,RDCGujarati,Music & Dance,10700000.0,India,14400.0,417.0,18.0,Other,9/25/2022
865,Primitive Technology,Primitive Technology,DIY & Life Hacks,10700000.0,United States,0.0,0.0,0.0,Other,9/29/2022
867,HISTORY,historychannel,Movies,10700000.0,United States,189100.0,4000.0,392.0,Other,9/16/2022
869,СТС,ctctv,Video games,10700000.0,Russia,178600.0,1300.0,41.0,Humor,9/28/2022
870,stampylonghead,stampylonghead,Video games,10700000.0,United States,119200.0,6100.0,1200.0,Other,9/27/2022
872,KiKiDo,KiKiDo,Video games,10700000.0,Russia,3800000.0,72400.0,6400.0,Humor,9/24/2022
874,Jesse,PrankvsPrank,Music & Dance,10600000.0,United States,49000.0,2000.0,325.0,Humor,9/10/2022
875,Caso Cerrado,Caso Cerrado,Animation,10600000.0,Mexico,562100.0,5200.0,177.0,Other,9/26/2022
876,Franciny Ehlke,francinyehlke,Fashion,10600000.0,Brazil,876200.0,96500.0,1700.0,Design/art,9/1/2022
877,Red Bull,redbull,Sports,10600000.0,United States,290200.0,7300.0,240.0,Other,9/11/2022
878,Rathore Cassettes,rathorvideo,Other,10600000.0,India,8400.0,120.0,9.0,Other,9/20/2022
879,Chill Nation,ChillStepNation,Music & Dance,10600000.0,United States,35500.0,914.0,38.0,Other,9/16/2022
880,GoPro,GoProCamera,Sports,10600000.0,United States,52900.0,2100.0,71.0,Other,9/17/2022
881,TikTak Draw,TikTak Draw,Animation,10600000.0,Mexico,107500.0,6600.0,321.0,Other,9/4/2022
882,Gustavo Paródias,MrGustavoParodias,Other,10600000.0,Brazil,198600.0,20900.0,56.0,Other,9/20/2022
883,Google,Google,Other,10600000.0,United States,5500.0,105.0,12.0,Other,9/8/2022
884,Cong TV,lincolnvelasquez,Other,10600000.0,Philippines,3000000.0,180300.0,5100.0,Other,9/23/2022
885,AdamThomasMoran,AdamThomasMoran,Video games,10600000.0,Russia,577900.0,46800.0,2300.0,Humor,9/25/2022
886,Joe HaTTab,Joe HaTTab,Movies,10600000.0,Somalia,2000000.0,123700.0,4400.0,Other,9/13/2022
888,Matheus e Kauan,MeKcanal,Music & Dance,10600000.0,Brazil,5800.0,405.0,3.0,Other,9/5/2022
889,NASA,NASAtelevision,News & Politics,10600000.0,United States,182500.0,6100.0,0.0,Science & Technology,9/28/2022
890,The Noite com Danilo Gentili,sbtthenoite,Movies,10600000.0,Brazil,11100.0,537.0,25.0,Humor,9/9/2022
891,Lucas Rangel,rangeldovine,Other,10600000.0,Brazil,288700.0,26900.0,528.0,Other,9/16/2022
892,Craftingeek,craftingeek,Other,10600000.0,Mexico,111500.0,2400.0,202.0,Other,9/7/2022
894,SmarterEveryDay,destinws2,Science & Technology,10600000.0,United States,1600000.0,0.0,6500.0,Other,9/13/2022
896,As/Is,BuzzFeedYellow,Daily vlogs,10600000.0,United States,16700.0,527.0,18.0,Other,9/24/2022
897,Stone Music Entertainment,CJENMMUSIC,Music & Dance,10600000.0,United States,4900.0,382.0,17.0,Movies,9/4/2022
898,MTV,MTV,Music & Dance,10600000.0,United States,395900.0,9200.0,433.0,Movies,9/13/2022
900,Cris Devil Gamer,Cris Devil Gamer,Movies,10500000.0,United States,779200.0,24000.0,615.0,Animation,9/24/2022
901,Magnet World,soicon295,Other,10500000.0,United States,56600.0,401.0,11.0,Other,9/14/2022
902,Guns N' Roses,Guns N' Roses,Music & Dance,10500000.0,Brazil,134300.0,9700.0,249.0,Other,9/28/2022
903,fouseyTUBE,fouseyTUBE,Humor,10500000.0,United States,122800.0,2600.0,302.0,Other,9/9/2022
905,Playing with Rafael,Playing with Rafael,Other,10500000.0,Brazil,59000.0,1400.0,0.0,Other,9/6/2022
906,설기양SULGI,설기양SULGI,ASMR,10500000.0,United States,955600.0,22200.0,673.0,Food & Drinks,9/16/2022
907,Rawan and Rayan,Rawan and Rayan,Other,10500000.0,Algeria,1000000.0,70800.0,4200.0,Other,9/3/2022
908,Hindi Fairy Tales,Hindi Fairy Tales,Other,10500000.0,India,788200.0,10500.0,250.0,Other,9/5/2022
909,TwinRoozi 쌍둥이 루지,TwinRoozi 쌍둥이 루지,Daily vlogs,10400000.0,Indonesia,104200.0,0.0,0.0,Other,9/2/2022
910,How It Should Have Ended,HISHEdotcom,Movies,10400000.0,United States,117700.0,8500.0,121.0,Animation,9/15/2022
911,"SaraBeautyCorner - DIY, Comedy, Makeup, Nail Art",SaraBeautyCorner,DIY & Life Hacks,10400000.0,United States,31600.0,2000.0,43.0,Other,9/7/2022
912,Tomorrowland,TomorrowlandChannel,Music & Dance,10400000.0,Brazil,54700.0,1500.0,82.0,Other,9/24/2022
914,Hindi Kahaniya,Hindi Kahaniya,Other,10400000.0,India,56100.0,836.0,21.0,Other,9/8/2022
915,Stray Kids,Stray Kids,Music & Dance,10400000.0,United States,1100000.0,141500.0,3800.0,Movies,9/9/2022
916,Sadhguru,sadhguru,Movies,10400000.0,India,134900.0,6300.0,231.0,Other,9/20/2022
917,tomiii 11,tomiii 11,Daily vlogs,10400000.0,Mexico,74100.0,6700.0,600.0,Other,9/2/2022
918,5-Minute Crafts LIKE,5-Minute Crafts LIKE,Other,10400000.0,United States,13300.0,140.0,4.0,Other,9/19/2022
919,LA DIVAZA,LA DIVAZA,Music & Dance,10400000.0,Mexico,1000000.0,79700.0,6500.0,Humor,9/4/2022
920,atv,atv,Movies,10400000.0,Turkey,11000.0,116.0,7.0,Animation,9/30/2022
921,GNP Music,GemaNadaPertiwi,Music & Dance,10400000.0,Indonesia,57900.0,1300.0,0.0,Animation,9/9/2022
922,Sanjoy Das Official,Sanjoy Das Official,Other,10400000.0,India,146600.0,24900.0,488.0,Other,9/17/2022
923,Lorrayne Oliveira,Lorrayne Oliveira,Animation,10400000.0,Brazil,573400.0,28000.0,1100.0,Humor,9/16/2022
924,Times Music,timesmusicindia,Music & Dance,10400000.0,India,665100.0,10000.0,620.0,Other,9/15/2022
925,Mussoumano,mamilosmolengas,Music & Dance,10400000.0,Brazil,1400000.0,58500.0,3200.0,Animation,9/6/2022
926,AsapSCIENCE,AsapSCIENCE,Science & Technology,10400000.0,United States,584600.0,29200.0,662.0,Other,9/28/2022
927,BBC News عربي,BBCArabicNews,News & Politics,10400000.0,Morocco,34400.0,517.0,121.0,Other,9/18/2022
928,Comedy Captain,Comedy Captain,Other,10400000.0,India,13300.0,122.0,4.0,Other,9/6/2022
929,はじめしゃちょー（hajime）,0214mex,Music & Dance,10400000.0,Japan,1700000.0,43800.0,1800.0,Humor,9/28/2022
930,Heroine Movies 2022,Heroine Movies 2022,Daily vlogs,10300000.0,India,248000.0,1500.0,20.0,Other,9/21/2022
931,Laurinha e Helena - Clubinho da Laura,JessicaJulioeBaby,Movies,10300000.0,Brazil,157600.0,3200.0,0.0,Animation,9/2/2022
932,Talent Recap,Talent Recap,Music & Dance,10300000.0,United States,74800.0,558.0,60.0,Movies,9/25/2022
933,Red Chillies Entertainment,ChennaiExp2013,Other,10300000.0,India,71500.0,885.0,23.0,Other,9/25/2022
934,Patty Mayo,Patty Mayo,Movies,10300000.0,United States,737500.0,27100.0,1200.0,Humor,9/17/2022
935,Sing King,singkingkaraoke,Music & Dance,10300000.0,United States,13400.0,206.0,13.0,Other,9/13/2022
936,PineappleStormTV,PineappleStormTV,Music & Dance,10200000.0,Brazil,954200.0,61000.0,2100.0,Other,9/26/2022
937,[햄지]Hamzy,[햄지]Hamzy,Other,10200000.0,United States,1900000.0,40900.0,1000.0,Other,9/15/2022
938,Receitas de Pai,Receitas de Pai,Food & Drinks,10200000.0,Brazil,92100.0,10400.0,312.0,Other,9/7/2022
939,5-Minute Recipes,5-Minute Recipes,Other,10200000.0,India,38200.0,414.0,12.0,Other,9/3/2022
940,Hindi Countdown,Hindi Countdown,Education,10200000.0,India,1300000.0,46100.0,1200.0,Other,9/8/2022
941,Sab Kuchh Sekho Jano,Sab Kuchh Sekho Jano,News & Politics,10200000.0,India,15200.0,1000.0,36.0,Other,9/1/2022
942,Dalas Review,DalasReview,Science & Technology,10200000.0,Mexico,568800.0,47600.0,8700.0,Other,9/17/2022
943,T-STUDIO,T-STUDIO,Other,10200000.0,Indonesia,28400.0,851.0,1.0,Other,9/20/2022
944,João Caetano,BrPVPHu3,Other,10200000.0,Brazil,486500.0,40100.0,464.0,Other,9/19/2022
945,Viki Show,Viki Show,Video games,10200000.0,Russia,1100000.0,38700.0,1900.0,Toys,9/21/2022
946,Wylsacom,Wylsacom,News & Politics,10200000.0,Russia,403700.0,17500.0,778.0,Other,9/4/2022
947,DRJ Records Specials,DRJ Records Specials,Other,10200000.0,India,21500.0,123.0,4.0,Other,9/7/2022
948,Miniminter,miniminter,Video games,10200000.0,United Kingdom,1200000.0,77100.0,1300.0,Humor,9/25/2022
949,Dynamo Gaming,Dynamo Gaming,Other,10200000.0,India,210200.0,22900.0,148.0,Other,9/4/2022
950,CS Bisht Vines,CS Bisht Vines,Other,10200000.0,India,2600000.0,25900.0,752.0,Other,9/11/2022
951,Survival Builder,Survival Builder,Other,10200000.0,United States,147500.0,2200.0,120.0,Other,9/14/2022
953,hasanjr11,hasanjr11,Other,10200000.0,Indonesia,656900.0,26500.0,2600.0,Other,9/14/2022
954,Islam Populer,Islam Populer,Education,10200000.0,Indonesia,33100.0,998.0,129.0,Other,9/5/2022
956,Family Box,Family Box,Video games,10200000.0,Russia,522200.00000000006,13400.0,208.0,Other,9/9/2022
957,вДудь,вДудь,News & Politics,10200000.0,Russia,0.0,0.0,0.0,Other,9/23/2022
958,The Daily Show with Trevor Noah,The Daily Show with Trevor Noah,News & Politics,10200000.0,United States,261500.0,9800.0,439.0,Other,9/9/2022
959,Doctor Mike,Doctor Mike,Health & Self Help,10100000.0,United States,1600000.0,68700.0,3700.0,Other,9/29/2022
960,Beast Philanthropy,Beast Philanthropy,Food & Drinks,10100000.0,United States,7900000.0,504700.0,23600.0,Other,9/13/2022
961,Shemaroo Bhakti,bhaktisongs,Music & Dance,10100000.0,India,8600.0,173.0,17.0,Other,9/7/2022
962,Oneindia Hindi | वनइंडिया हिंदी,Oneindia Hindi | वनइंडिया हिंदी,News & Politics,10100000.0,India,2600.0,27.0,2.0,Other,9/12/2022
963,OneRepublic,OneRepublic,Music & Dance,10100000.0,United States,512200.00000000006,29900.0,340.0,Other,9/8/2022
964,truly,barcroftmedia,News & Politics,10100000.0,United States,21700.0,0.0,111.0,Other,9/17/2022
967,Теремок - Песенки для детей,TeremokSongs,Music & Dance,10000000.0,Russia,110600.0,576.0,0.0,Other,9/7/2022
968,VitalyzdTv,VitalyzdTv,Humor,10000000.0,United States,112300.0,3700.0,574.0,Other,9/24/2022
969,EugenBro,EugenBro,Video games,10000000.0,Russia,387900.0,19500.0,2000.0,Other,9/15/2022
971,UTKARSH CLASSES JODHPUR,UTKARSH CLASSES JODHPUR,Education,10000000.0,India,150800.0,11000.0,430.0,Other,9/28/2022
972,BERTH-OH,BERTH-OH,Autos & Vehicles,10000000.0,Mexico,770900.0,24200.0,442.0,Other,9/24/2022
973,RUOK,RUOK,Other,10000000.0,Brazil,389900.0,43600.0,2300.0,Other,9/29/2022
974,Vie Channel - HTV2,htv2channel,Music & Dance,10000000.0,United States,70200.0,682.0,42.0,Other,9/19/2022
975,Orkun Işıtmak,ThePersica,Animation,10000000.0,Turkey,1700000.0,69300.0,2900.0,Other,9/22/2022
976,123 GO! Hindi,123 GO! Hindi,Other,10000000.0,India,737700.0,5700.0,48.0,Other,9/29/2022
977,Family Fun Pack,familyfunpack,Other,10000000.0,United States,125300.0,2200.0,130.0,Other,9/13/2022
979,مصطفى GAME OVER,مصطفى GAME OVER,Other,10000000.0,Iraq,625800.0,73900.0,3200.0,Other,9/26/2022
981,VYRLOriginals,VYRLOriginals,Music & Dance,10000000.0,India,152900.0,6100.0,253.0,Other,9/13/2022
982,Mari Maria,makebymarimaria,Fashion,10000000.0,Brazil,78700.0,4500.0,170.0,DIY & Life Hacks,9/15/2022
983,Eagle Home Entertainments,Eagle Home Entertainments,Other,10000000.0,India,1400.0,11.0,0.0,Other,9/2/2022
984,SULE PRODUCTIONS,SULE PRODUCTIONS,Other,9900000.0,Indonesia,361700.0,10300.0,522.0,Other,9/9/2022
985,Shruti Arjun Anand,shrutiarjunanand,Movies,9900000.0,India,616600.0,13200.0,625.0,Humor,9/25/2022
986,Dharma Productions,Dharma Productions,Other,9900000.0,India,32500.0,1200.0,156.0,Other,9/26/2022
987,SEVENGERS,SEVENGERS,Other,9900000.0,India,5800000.0,509100.0,905.0,Other,9/15/2022
988,Programa Panico,panicopgm,Toys,9900000.0,Brazil,45000.0,1700.0,48.0,Other,9/10/2022
989,QPark,joycetanner,Music & Dance,9900000.0,United States,197600.0,13800.0,219.0,Humor,9/9/2022
990,The Voice Global,The Voice Global,Music & Dance,9900000.0,United States,302500.0,2900.0,78.0,Other,9/5/2022
991,NH Studioz,nhstudioz,Other,9900000.0,India,20100.0,156.0,4.0,Other,9/2/2022
992,Prince Royce,Prince Royce,Music & Dance,9900000.0,United States,6400.0,638.0,18.0,Other,9/3/2022
993,MBCkpop,MBCkpop,Music & Dance,9900000.0,Malaysia,2900.0,284.0,14.0,Other,9/10/2022
994,The Bee Family,ehbeefamily,Daily vlogs,9900000.0,United States,325100.0,15700.0,184.0,Other,9/1/2022
995,Fox News,FoxNewsChannel,News & Politics,9900000.0,United States,148900.0,5500.0,1600.0,Other,9/16/2022
996,Raditya Dika,Raditya Dika,Food & Drinks,9900000.0,Indonesia,430500.0,14800.0,741.0,Other,9/13/2022
997,Ini Talk Show,IniTalkShow,Music & Dance,9900000.0,Indonesia,25200.0,290.0,17.0,Humor,9/9/2022
998,SpriteDer SPD,SpriteDer SPD,Humor,9900000.0,Thailand,4400000.0,154400.0,3600.0,Other,9/16/2022
999,Classic Mr Bean,Classic Mr Bean,Other,9900000.0,India,132600.0,1100.0,53.0,Other,9/30/2022
1000,Heera Gold,Heera Gold,Daily vlogs,9900000.0,Pakistan,39400.0,1600.0,161.0,Other,9/16/2022
